order_id,customer_id,order_date,status,total_amount
1,1,2023-11-19,cancelled,42000000
2,1,2024-04-08,completed,3000000
3,1,2024-08-21,completed,3000000
4,1,2023-11-18,completed,16000000
5,1,2024-12-03,completed,3000000
6,1,2023-12-02,completed,13000000
7,1,2023-09-24,cancelled,9000000
8,2,2024-07-23,completed,1000000
9,2,2023-03-05,cancelled,1000000
10,2,2024-02-15,completed,1500000
11,2,2023-03-18,completed,800000
12,2,2024-03-30,cancelled,1000000
13,2,2023-05-06,completed,4300000
14,2,2024-03-12,completed,1800000
15,2,2023-02-05,completed,2500000
16,2,2024-05-05,completed,3600000
17,2,2024-07-10,cancelled,7100000
18,3,2023-12-19,cancelled,21000000
19,3,2023-01-27,completed,11000000
20,3,2024-04-28,completed,12000000
21,3,2024-06-30,cancelled,5000000
22,3,2024-08-12,cancelled,19000000
23,3,2024-08-29,completed,27000000
24,3,2024-07-30,cancelled,32000000
25,3,2023-02-08,completed,30000000
26,3,2023-12-06,cancelled,15000000
27,3,2023-07-01,cancelled,11000000
28,4,2024-12-22,cancelled,2400000
29,4,2024-01-09,cancelled,4600000
30,4,2024-08-23,completed,3700000
31,4,2024-05-13,completed,4800000
32,4,2024-09-20,cancelled,3000000
33,4,2023-06-29,completed,3700000
34,4,2024-08-04,completed,4000000
35,4,2023-03-21,completed,2800000
36,4,2023-12-10,completed,2400000
37,4,2023-02-19,completed,4500000
38,4,2024-08-14,completed,1300000
39,4,2023-11-23,completed,500000
40,5,2023-06-14,completed,10000000
41,5,2024-09-20,cancelled,6000000
42,5,2024-10-31,completed,27000000
43,5,2024-07-07,completed,26000000
44,5,2023-06-07,completed,10000000
45,5,2024-11-08,completed,26000000
46,5,2023-11-12,cancelled,34000000
47,5,2024-10-19,completed,20000000
48,5,2023-02-15,completed,36000000
49,6,2024-07-08,completed,2500000
50,6,2024-03-04,cancelled,3600000
51,6,2023-11-03,completed,1500000
52,6,2024-06-13,cancelled,1800000
53,6,2023-06-27,cancelled,1300000
54,6,2023-05-10,completed,1500000
55,6,2024-10-04,completed,3600000
56,6,2023-11-30,cancelled,3800000
57,7,2024-06-19,cancelled,1600000
58,7,2023-06-03,completed,800000
59,7,2023-04-14,cancelled,4200000
60,7,2024-11-01,completed,6100000
61,7,2023-12-06,completed,1500000
62,7,2023-10-03,cancelled,1000000
63,7,2023-11-07,completed,6600000
64,7,2024-03-02,completed,800000
65,7,2024-02-21,completed,4000000
66,7,2023-05-19,cancelled,800000
67,7,2023-07-17,cancelled,1600000
68,7,2023-02-03,completed,5500000
69,8,2024-11-28,completed,8500000
70,8,2023-12-25,completed,10000000
71,8,2024-08-08,cancelled,6000000
72,8,2023-08-19,completed,10500000
73,9,2024-10-24,completed,1500000
74,9,2023-11-09,completed,8500000
75,9,2024-11-24,completed,15600000
76,9,2023-11-02,completed,10500000
77,9,2024-10-29,completed,5100000
78,10,2024-02-18,completed,3100000
79,10,2023-09-23,cancelled,5700000
80,10,2024-12-26,cancelled,3100000
81,10,2024-12-31,completed,6600000
82,10,2024-04-27,completed,4800000
83,10,2023-08-16,completed,5600000
84,10,2023-05-01,completed,1600000
85,10,2024-05-27,completed,3300000
86,10,2024-08-06,cancelled,4700000
87,10,2023-03-24,completed,1800000
88,10,2023-08-03,cancelled,2000000
89,10,2024-05-16,cancelled,800000
90,11,2024-03-20,completed,5700000
91,11,2023-11-26,cancelled,2000000
92,11,2023-01-05,completed,2100000
93,11,2023-04-16,completed,2000000
94,11,2024-06-16,completed,3100000
95,11,2023-07-12,completed,4300000
96,11,2023-05-07,completed,1000000
97,11,2023-09-19,cancelled,1500000
98,11,2023-02-19,completed,800000
99,11,2024-03-02,completed,2400000
100,11,2024-12-19,completed,1000000
101,11,2023-04-14,completed,2500000
102,12,2023-05-01,completed,6000000
103,12,2023-07-24,cancelled,25000000
104,12,2024-02-24,completed,9000000
105,12,2023-08-01,completed,33000000
106,12,2023-04-03,cancelled,9000000
107,12,2023-04-14,cancelled,16000000
108,12,2023-09-28,completed,5000000
109,12,2023-10-25,completed,16000000
110,12,2023-05-22,completed,20000000
111,12,2023-10-02,cancelled,10000000
112,12,2023-12-17,completed,41000000
113,12,2023-06-20,completed,5000000
114,13,2024-05-09,cancelled,11400000
115,13,2024-09-18,completed,4400000
116,13,2024-03-27,completed,11700000
117,13,2024-08-13,completed,7200000
118,13,2024-12-18,completed,11100000
119,13,2024-07-25,cancelled,1500000
120,13,2024-10-20,cancelled,8100000
121,13,2023-11-25,completed,10200000
122,13,2023-03-22,completed,8600000
123,13,2024-02-27,completed,1500000
124,13,2024-09-25,completed,6000000
125,13,2023-02-25,cancelled,14700000
126,14,2024-11-03,completed,12900000
127,14,2023-10-26,completed,9300000
128,14,2024-02-24,completed,4200000
129,14,2023-07-15,completed,3000000
130,14,2024-10-10,cancelled,2400000
131,14,2024-04-13,completed,6900000
132,14,2024-03-19,cancelled,12900000
133,14,2023-06-27,completed,5100000
134,14,2023-11-26,completed,13300000
135,14,2024-04-08,cancelled,7600000
136,15,2023-11-03,cancelled,14100000
137,15,2024-10-09,completed,10500000
138,15,2024-11-19,completed,7200000
139,15,2023-04-29,cancelled,16800000
140,15,2024-03-03,completed,8400000
141,15,2024-11-17,completed,6000000
142,15,2023-10-30,completed,3000000
143,15,2023-04-15,completed,6000000
144,15,2024-12-13,completed,4000000
145,15,2024-12-02,completed,2000000
146,15,2023-07-27,completed,15700000
147,16,2023-07-18,completed,7500000
148,16,2023-05-03,completed,9800000
149,16,2023-06-08,completed,18000000
150,16,2024-08-09,completed,6000000
151,16,2023-08-14,cancelled,3600000
152,16,2023-06-13,completed,7100000
153,17,2024-06-27,completed,800000
154,17,2024-04-01,completed,2400000
155,17,2023-04-27,completed,4800000
156,17,2023-02-14,completed,1800000
157,17,2024-07-04,completed,500000
158,17,2023-08-07,cancelled,6100000
159,17,2024-03-21,completed,2400000
160,17,2023-01-25,completed,2600000
161,17,2024-08-11,cancelled,4800000
162,17,2024-10-07,completed,3100000
163,17,2023-03-06,cancelled,2400000
164,17,2023-03-16,completed,1000000
165,18,2024-09-13,completed,12700000
166,18,2024-07-12,completed,8500000
167,18,2023-01-12,completed,8000000
168,18,2024-07-04,completed,4000000
169,18,2023-12-19,completed,5100000
170,18,2023-07-18,completed,4500000
171,18,2024-07-16,completed,2400000
172,19,2024-05-13,cancelled,5600000
173,19,2023-08-29,completed,800000
174,19,2024-04-06,completed,4600000
175,19,2023-06-22,completed,2300000
176,19,2024-01-04,completed,4200000
177,19,2023-06-29,completed,1600000
178,19,2023-05-24,cancelled,3400000
179,19,2024-10-03,completed,800000
180,19,2024-10-08,completed,5900000
181,19,2023-06-02,completed,3400000
182,19,2024-05-28,completed,7300000
183,19,2023-06-13,completed,3400000
184,20,2023-08-26,completed,6500000
185,20,2024-04-10,cancelled,6000000
186,20,2023-11-28,completed,13500000
187,20,2024-01-10,completed,4500000
188,20,2023-08-17,completed,9000000
189,20,2023-05-23,completed,5200000
190,20,2023-07-11,completed,4500000
191,20,2023-12-05,completed,13500000
192,20,2023-05-11,completed,3500000
193,20,2023-05-31,completed,10200000
194,21,2023-03-29,completed,40000000
195,21,2024-06-07,completed,25000000
196,21,2023-01-17,completed,38000000
197,21,2023-05-01,completed,12000000
198,21,2024-11-25,completed,30000000
199,21,2024-01-26,completed,10000000
200,21,2024-05-03,cancelled,6000000
201,22,2024-07-10,completed,4000000
202,22,2023-05-01,completed,15100000
203,22,2023-09-25,cancelled,15900000
204,22,2024-11-27,completed,7600000
205,22,2024-01-15,completed,14700000
206,22,2024-11-06,completed,4200000
207,22,2024-06-04,completed,11700000
208,22,2024-10-13,completed,1500000
209,22,2024-09-06,completed,2400000
210,22,2023-03-23,completed,13200000
211,22,2024-03-25,completed,10100000
212,22,2023-06-23,completed,7000000
213,23,2024-11-16,completed,8100000
214,23,2023-04-03,completed,6300000
215,23,2024-02-18,completed,6000000
216,23,2023-04-30,cancelled,11100000
217,23,2024-12-11,completed,11400000
218,23,2024-05-08,completed,2400000
219,23,2023-08-14,completed,5400000
220,23,2023-01-10,completed,6900000
221,24,2024-05-02,completed,24000000
222,24,2023-07-14,completed,11000000
223,24,2023-07-27,cancelled,11000000
224,24,2023-03-22,completed,34000000
225,24,2024-08-11,cancelled,26000000
226,25,2024-08-13,completed,3900000
227,25,2023-05-04,completed,4700000
228,25,2023-09-23,completed,3700000
229,25,2023-08-04,completed,4100000
230,25,2024-08-12,completed,2400000
231,25,2023-08-30,completed,4100000
232,26,2024-06-30,completed,11000000
233,26,2023-09-18,completed,3000000
234,26,2023-09-24,completed,10500000
235,26,2023-07-23,completed,9000000
236,26,2024-04-02,cancelled,14100000
237,26,2023-05-29,cancelled,12000000
238,26,2024-08-08,completed,2000000
239,26,2023-08-22,completed,11100000
240,26,2024-01-07,completed,10700000
241,26,2023-03-23,completed,12000000
242,26,2023-03-27,completed,4500000
243,27,2023-10-18,completed,2700000
244,27,2024-11-10,completed,15000000
245,27,2024-12-15,completed,18000000
246,27,2024-05-08,completed,3000000
247,27,2024-02-27,completed,8000000
248,27,2024-12-05,cancelled,13000000
249,28,2023-08-25,cancelled,4200000
250,28,2024-03-23,completed,3100000
251,28,2023-08-14,completed,8700000
252,28,2023-10-03,completed,800000
253,28,2023-04-24,completed,5800000
254,28,2023-04-15,completed,2900000
255,28,2023-06-04,completed,3200000
256,28,2024-04-19,completed,1000000
257,28,2023-05-30,completed,2800000
258,28,2023-09-12,completed,6400000
259,28,2023-08-02,completed,5500000
260,28,2023-09-17,completed,2100000
261,29,2024-10-10,completed,800000
262,29,2024-08-21,completed,3200000
263,29,2024-05-01,completed,2400000
264,29,2023-04-04,completed,6400000
265,29,2023-04-20,completed,4000000
266,29,2024-03-25,completed,2400000
267,30,2023-09-14,cancelled,40000000
268,30,2024-07-09,completed,19000000
269,30,2024-04-24,completed,11000000
270,30,2023-09-27,completed,34000000
271,30,2024-09-27,completed,15000000
272,31,2023-07-14,completed,14100000
273,31,2023-03-10,completed,3200000
274,31,2023-07-16,completed,11700000
275,31,2023-03-14,completed,6500000
276,31,2024-10-16,completed,11000000
277,31,2023-11-08,completed,8100000
278,31,2024-01-30,completed,5700000
279,31,2024-07-25,completed,6000000
280,31,2024-11-21,completed,8800000
281,32,2024-03-29,cancelled,9600000
282,32,2024-02-27,cancelled,14100000
283,32,2024-07-30,completed,16000000
284,32,2023-02-05,cancelled,3600000
285,32,2023-05-19,cancelled,5700000
286,32,2023-08-08,cancelled,6000000
287,32,2023-10-10,cancelled,2400000
288,32,2024-04-16,completed,8500000
289,32,2023-09-20,cancelled,3600000
290,32,2024-02-14,completed,8500000
291,32,2023-06-27,completed,6000000
292,32,2023-02-08,completed,7800000
293,33,2024-10-30,cancelled,3600000
294,33,2024-10-09,completed,12100000
295,33,2023-08-15,completed,12100000
296,33,2023-12-11,completed,6000000
297,33,2023-03-29,completed,9900000
298,33,2024-07-28,completed,4400000
299,34,2023-04-02,completed,6400000
300,34,2023-12-25,completed,4700000
301,34,2023-03-29,completed,800000
302,34,2023-06-01,cancelled,4800000
303,34,2023-04-24,completed,5000000
304,34,2024-09-29,completed,2300000
305,34,2024-11-10,completed,4000000
306,34,2024-04-21,completed,800000
307,34,2023-10-05,completed,4500000
308,34,2024-12-27,completed,3900000
309,34,2024-04-13,completed,800000
310,34,2024-06-26,completed,5600000
311,35,2023-10-10,cancelled,24000000
312,35,2023-10-14,completed,22000000
313,35,2024-09-19,cancelled,9000000
314,35,2024-08-09,completed,27000000
315,35,2024-07-08,completed,14000000
316,35,2023-05-19,completed,14000000
317,35,2024-07-24,completed,3000000
318,35,2023-05-30,completed,31000000
319,35,2023-10-08,completed,6000000
320,35,2024-09-18,completed,30000000
321,35,2023-03-23,completed,37000000
322,36,2023-06-17,completed,2400000
323,36,2023-01-16,cancelled,13700000
324,36,2023-07-29,completed,10700000
325,36,2024-01-25,completed,17700000
326,36,2024-06-17,completed,6600000
327,37,2024-10-07,cancelled,16000000
328,37,2024-02-12,cancelled,21000000
329,37,2023-10-29,completed,15000000
330,37,2023-05-26,completed,34000000
331,37,2024-02-07,completed,28000000
332,37,2024-12-09,completed,14000000
333,37,2024-04-05,completed,9000000
334,37,2024-06-07,completed,13000000
335,37,2023-12-10,completed,10000000
336,37,2023-02-22,completed,30000000
337,37,2023-05-15,cancelled,9000000
338,38,2023-01-13,completed,50000000
339,38,2024-02-24,completed,3000000
340,38,2023-10-12,completed,8000000
341,38,2023-02-07,completed,15000000
342,38,2024-09-09,completed,3000000
343,38,2023-07-02,completed,45000000
344,38,2024-04-11,completed,23000000
345,39,2024-07-17,completed,30000000
346,39,2023-03-01,completed,6000000
347,39,2024-09-11,cancelled,31000000
348,39,2023-09-23,completed,26000000
349,39,2023-07-04,cancelled,25000000
350,39,2023-07-18,completed,10000000
351,39,2023-05-01,completed,21000000
352,39,2023-12-25,completed,20000000
353,39,2023-03-11,completed,28000000
354,40,2023-06-29,completed,13500000
355,40,2023-06-09,completed,8500000
356,40,2023-11-03,completed,12000000
357,41,2023-03-09,cancelled,2800000
358,41,2024-10-03,completed,2000000
359,41,2023-11-12,completed,3000000
360,41,2023-11-06,completed,2100000
361,41,2023-01-26,cancelled,1800000
362,41,2024-05-10,completed,3900000
363,41,2023-05-16,completed,1600000
364,41,2024-06-18,completed,4200000
365,42,2023-04-16,completed,5900000
366,42,2023-07-17,completed,7800000
367,42,2024-09-29,completed,1500000
368,43,2023-11-23,completed,20000000
369,43,2023-02-21,completed,40000000
370,43,2024-08-29,completed,33000000
371,43,2024-04-21,completed,15000000
372,43,2024-04-11,completed,28000000
373,43,2024-12-17,cancelled,22000000
374,43,2023-01-31,completed,6000000
375,43,2023-06-24,completed,39000000
376,43,2023-11-30,completed,6000000
377,43,2024-02-15,completed,20000000
378,43,2024-01-29,completed,25000000
379,44,2024-07-11,completed,4800000
380,44,2024-08-10,cancelled,2400000
381,44,2024-09-02,completed,1600000
382,44,2024-02-20,completed,1500000
383,44,2024-01-24,completed,800000
384,44,2023-05-23,cancelled,800000
385,44,2024-11-07,completed,5000000
386,44,2023-11-03,completed,4100000
387,45,2024-02-18,cancelled,10500000
388,45,2023-02-24,completed,8500000
389,45,2024-10-02,completed,10600000
390,45,2024-01-04,cancelled,10000000
391,45,2023-05-09,completed,4500000
392,45,2024-05-13,completed,3900000
393,45,2024-12-13,completed,16000000
394,45,2024-09-11,completed,17100000
395,45,2024-08-04,completed,10500000
396,45,2023-10-14,completed,6000000
397,45,2023-04-01,completed,6000000
398,46,2023-11-16,completed,29000000
399,46,2023-12-06,completed,40000000
400,46,2024-07-31,completed,43000000
401,46,2024-05-11,completed,10000000
402,46,2024-09-22,completed,33000000
403,46,2024-11-05,completed,13000000
404,46,2024-06-24,cancelled,23000000
405,46,2023-06-07,cancelled,38000000
406,46,2024-10-14,completed,20000000
407,46,2023-11-05,completed,20000000
408,46,2023-05-29,completed,34000000
409,46,2023-04-10,cancelled,34000000
410,47,2023-12-10,completed,10000000
411,47,2024-02-05,completed,18000000
412,47,2024-11-24,completed,19000000
413,47,2023-03-11,completed,15000000
414,47,2024-04-01,completed,16000000
415,47,2024-11-03,cancelled,30000000
416,47,2023-05-05,completed,3000000
417,48,2024-01-20,completed,3900000
418,48,2024-11-07,cancelled,17500000
419,48,2023-11-28,completed,2400000
420,48,2024-01-27,completed,4000000
421,48,2023-09-29,completed,3000000
422,49,2024-09-16,completed,32000000
423,49,2023-04-16,completed,15000000
424,49,2024-04-01,completed,30000000
425,49,2024-02-05,completed,29000000
426,49,2024-12-06,cancelled,33000000
427,49,2023-12-08,completed,43000000
428,50,2023-10-24,completed,19000000
429,50,2023-11-03,completed,9000000
430,50,2024-05-13,completed,38000000
431,50,2023-03-06,cancelled,31000000
432,50,2023-01-17,completed,10000000
433,50,2023-02-13,completed,15000000
434,50,2024-07-03,completed,10000000
435,50,2023-01-20,completed,5000000
436,50,2023-05-14,completed,10000000
437,50,2023-04-10,completed,20000000
438,51,2024-09-22,completed,2500000
439,51,2023-11-29,completed,1800000
440,51,2024-08-30,completed,500000
441,51,2024-03-01,completed,3400000
442,51,2024-10-09,completed,1300000
443,51,2023-07-03,cancelled,5000000
444,51,2024-12-09,completed,3100000
445,51,2023-06-28,completed,1500000
446,51,2024-05-26,completed,1500000
447,51,2023-11-05,completed,1500000
448,51,2023-05-01,cancelled,2400000
449,51,2024-01-06,cancelled,3100000
450,52,2023-10-11,completed,5000000
451,52,2024-04-30,completed,18000000
452,52,2023-10-19,completed,35000000
453,52,2024-07-04,completed,6000000
454,52,2023-03-14,cancelled,46000000
455,52,2023-07-23,completed,18000000
456,53,2024-01-20,cancelled,2400000
457,53,2024-08-22,completed,12900000
458,53,2024-10-09,completed,5200000
459,53,2023-04-24,cancelled,10200000
460,53,2023-10-30,completed,7200000
461,53,2024-06-18,completed,6000000
462,54,2023-09-10,completed,15700000
463,54,2023-02-11,cancelled,4000000
464,54,2024-06-27,completed,4000000
465,54,2023-03-27,completed,3600000
466,54,2023-08-12,completed,7600000
467,54,2024-12-21,completed,2400000
468,54,2023-05-22,cancelled,13900000
469,54,2024-12-21,completed,2400000
470,54,2023-12-07,completed,10500000
471,55,2024-12-02,completed,15000000
472,55,2023-02-22,completed,11500000
473,55,2023-03-10,completed,3000000
474,55,2024-10-26,completed,6600000
475,55,2023-10-01,completed,11400000
476,55,2024-06-28,completed,8900000
477,56,2023-03-31,completed,9000000
478,56,2023-10-10,completed,13000000
479,56,2024-10-04,completed,33000000
480,56,2023-07-13,completed,25000000
481,56,2024-11-02,completed,30000000
482,56,2023-11-08,completed,20000000
483,56,2023-02-18,completed,34000000
484,56,2023-07-06,cancelled,10000000
485,56,2023-04-30,completed,24000000
486,56,2023-02-05,completed,35000000
487,57,2024-02-19,cancelled,20000000
488,57,2023-06-09,completed,34000000
489,57,2024-08-01,completed,29000000
490,58,2024-02-16,completed,4800000
491,58,2024-10-18,completed,3600000
492,58,2024-04-01,completed,6000000
493,59,2023-11-22,completed,15000000
494,59,2023-06-01,completed,27000000
495,59,2023-03-31,completed,40000000
496,59,2024-02-29,completed,5000000
497,59,2024-05-01,cancelled,26000000
498,59,2023-04-01,completed,25000000
499,59,2024-01-26,completed,34000000
500,59,2023-01-28,cancelled,16000000
501,59,2024-10-17,cancelled,37000000
502,59,2024-03-03,completed,11000000
503,60,2024-09-05,completed,11400000
504,60,2024-08-12,completed,8400000
505,60,2023-06-17,completed,8400000
506,60,2023-03-20,completed,3200000
507,61,2024-12-02,cancelled,33000000
508,61,2024-01-07,completed,22000000
509,61,2023-06-16,completed,12000000
510,61,2024-07-26,completed,6000000
511,61,2023-03-20,completed,9000000
512,61,2023-05-23,cancelled,24000000
513,61,2023-01-30,completed,5000000
514,61,2024-12-11,completed,13000000
515,62,2024-12-08,cancelled,5000000
516,62,2023-01-20,cancelled,18000000
517,62,2024-11-06,completed,10000000
518,62,2023-09-17,completed,29000000
519,62,2023-07-24,completed,29000000
520,62,2023-06-14,cancelled,24000000
521,62,2023-03-11,completed,9000000
522,62,2023-07-16,cancelled,20000000
523,62,2023-04-12,cancelled,39000000
524,63,2024-11-20,cancelled,2000000
525,63,2024-03-10,completed,2600000
526,63,2023-04-23,completed,4700000
527,63,2024-04-12,completed,3500000
528,63,2024-03-14,completed,1000000
529,63,2024-01-12,completed,4800000
530,63,2024-12-12,completed,1500000
531,63,2023-06-22,completed,2600000
532,63,2024-03-10,completed,4500000
533,63,2023-12-31,completed,3600000
534,64,2023-01-31,completed,1200000
535,64,2023-01-28,cancelled,14100000
536,64,2023-11-07,completed,1500000
537,64,2024-06-16,cancelled,11000000
538,64,2024-05-17,completed,6300000
539,65,2024-01-21,completed,5000000
540,65,2024-11-06,cancelled,26000000
541,65,2024-03-17,completed,49000000
542,65,2024-05-02,completed,21000000
543,65,2024-01-22,completed,18000000
544,65,2023-12-24,cancelled,15000000
545,65,2023-12-16,completed,34000000
546,65,2024-08-29,completed,10000000
547,66,2023-01-21,completed,10000000
548,66,2024-03-08,completed,36000000
549,66,2023-04-11,cancelled,15000000
550,66,2024-11-22,completed,49000000
551,66,2024-10-12,cancelled,15000000
552,67,2023-10-22,completed,3700000
553,67,2024-08-15,completed,4200000
554,67,2023-03-20,completed,3500000
555,67,2024-02-16,completed,4900000
556,67,2023-08-07,completed,5900000
557,67,2024-06-18,completed,5500000
558,68,2024-10-11,completed,7400000
559,68,2023-06-03,completed,3400000
560,68,2024-03-08,completed,800000
561,68,2023-05-20,completed,6300000
562,69,2023-02-26,cancelled,2400000
563,69,2024-09-08,completed,3000000
564,69,2024-11-18,completed,3000000
565,70,2023-08-30,completed,3600000
566,70,2024-08-17,cancelled,5400000
567,70,2024-09-06,completed,11200000
568,70,2024-03-09,completed,1500000
569,70,2023-10-09,completed,12000000
570,71,2024-05-01,completed,4200000
571,71,2024-09-12,completed,1500000
572,71,2024-11-18,completed,4800000
573,71,2024-02-02,completed,5000000
574,71,2024-10-21,completed,1000000
575,71,2024-05-18,completed,3800000
576,71,2024-09-08,completed,2900000
577,71,2024-10-18,completed,4400000
578,71,2024-10-26,cancelled,5400000
579,72,2023-09-24,completed,3600000
580,72,2024-08-07,completed,1500000
581,72,2024-10-03,completed,1000000
582,72,2024-12-19,cancelled,1000000
583,72,2024-09-24,completed,4800000
584,73,2024-03-21,cancelled,4100000
585,73,2024-12-31,completed,3400000
586,73,2023-10-17,completed,2100000
587,73,2023-09-26,completed,3600000
588,73,2024-12-10,completed,2500000
589,73,2023-09-20,completed,500000
590,73,2023-08-29,completed,3500000
591,73,2024-05-31,completed,4500000
592,73,2023-07-03,completed,4700000
593,73,2023-11-17,completed,2600000
594,73,2024-03-16,completed,4400000
595,74,2024-05-18,cancelled,24000000
596,74,2024-10-13,cancelled,3000000
597,74,2023-06-02,completed,8000000
598,74,2024-03-22,completed,43000000
599,74,2023-05-07,completed,9000000
600,74,2023-10-07,completed,18000000
601,74,2024-08-07,completed,5000000
602,74,2024-11-24,completed,26000000
603,75,2023-11-28,completed,4000000
604,75,2024-11-06,completed,13500000
605,75,2024-04-08,completed,6000000
606,75,2023-02-26,completed,8500000
607,76,2023-10-19,completed,4200000
608,76,2023-11-14,cancelled,7500000
609,76,2023-04-09,cancelled,4800000
610,76,2024-02-02,completed,8100000
611,76,2023-12-16,cancelled,7200000
612,76,2024-12-31,completed,13500000
613,76,2023-05-11,completed,8100000
614,76,2023-02-16,completed,13500000
615,76,2024-05-30,completed,11500000
616,77,2024-11-17,completed,2300000
617,77,2024-09-10,completed,1000000
618,77,2023-01-06,completed,800000
619,77,2024-04-16,completed,7300000
620,77,2023-11-06,completed,1600000
621,77,2023-07-12,cancelled,4000000
622,77,2023-05-29,completed,6300000
623,77,2023-01-23,completed,4000000
624,77,2024-04-05,completed,2600000
625,77,2023-01-09,completed,7100000
626,78,2024-05-12,completed,11100000
627,78,2024-10-25,completed,11300000
628,78,2023-07-16,completed,12300000
629,78,2023-05-15,cancelled,17500000
630,78,2024-01-04,cancelled,5600000
631,78,2023-10-17,completed,4500000
632,78,2023-06-27,completed,7400000
633,78,2023-09-25,completed,6500000
634,78,2023-03-07,completed,6000000
635,79,2023-08-18,completed,3300000
636,79,2024-06-11,completed,2400000
637,79,2024-03-24,cancelled,800000
638,79,2024-09-17,completed,2400000
639,79,2023-04-18,completed,800000
640,79,2023-06-10,completed,4400000
641,79,2023-07-26,completed,5500000
642,79,2024-02-29,completed,2000000
643,79,2023-08-22,completed,6600000
644,79,2024-03-29,completed,1500000
645,79,2023-03-13,completed,3400000
646,80,2024-08-11,completed,4700000
647,80,2023-11-18,cancelled,1600000
648,80,2024-06-24,completed,4800000
649,80,2024-07-11,completed,4600000
650,80,2023-12-09,completed,3400000
651,81,2024-07-19,completed,9600000
652,81,2023-09-05,cancelled,16000000
653,81,2023-04-24,completed,10600000
654,81,2024-04-04,completed,4000000
655,81,2023-08-30,cancelled,6000000
656,81,2023-10-19,completed,10500000
657,81,2023-12-02,completed,5500000
658,81,2024-02-26,completed,3000000
659,81,2024-05-02,completed,4000000
660,81,2024-02-17,completed,14600000
661,81,2024-03-02,cancelled,5600000
662,82,2024-12-29,completed,3600000
663,82,2024-04-29,completed,5100000
664,82,2024-02-23,completed,10500000
665,82,2024-01-19,completed,8000000
666,82,2023-08-09,completed,10800000
667,82,2024-04-08,cancelled,12400000
668,82,2023-05-22,completed,12000000
669,82,2024-02-24,completed,15600000
670,82,2024-12-25,completed,9600000
671,82,2024-07-08,completed,6000000
672,83,2024-05-29,cancelled,2400000
673,83,2024-06-28,completed,1000000
674,83,2023-09-09,cancelled,7200000
675,83,2024-02-16,completed,4400000
676,83,2023-04-12,completed,2900000
677,83,2023-03-02,completed,1800000
678,83,2024-02-27,cancelled,3200000
679,83,2023-07-27,completed,4000000
680,83,2023-04-28,completed,4000000
681,83,2023-01-20,completed,800000
682,84,2023-11-08,completed,22000000
683,84,2024-07-04,cancelled,33000000
684,84,2023-10-24,completed,13000000
685,84,2023-09-14,cancelled,35000000
686,84,2024-06-06,completed,18000000
687,85,2024-12-16,completed,7500000
688,85,2023-08-04,completed,13500000
689,85,2023-09-09,completed,12600000
690,85,2023-01-03,completed,1200000
691,85,2024-02-28,completed,16500000
692,85,2023-05-07,completed,13500000
693,85,2023-07-17,completed,6900000
694,85,2024-12-27,completed,6000000
695,85,2023-08-15,completed,11700000
696,86,2023-04-24,cancelled,5200000
697,86,2024-08-02,completed,2900000
698,86,2023-09-23,cancelled,3000000
699,86,2023-10-08,completed,2400000
700,86,2024-09-21,completed,6900000
701,86,2024-02-21,completed,4500000
702,86,2023-11-20,completed,2500000
703,86,2023-08-20,cancelled,2600000
704,86,2023-12-04,completed,800000
705,87,2024-08-29,cancelled,5900000
706,87,2024-04-29,completed,8500000
707,87,2024-09-26,completed,6000000
708,88,2023-03-29,cancelled,10000000
709,88,2023-11-17,cancelled,5000000
710,88,2023-03-05,cancelled,43000000
711,88,2024-03-18,completed,15000000
712,89,2024-02-16,completed,28000000
713,89,2024-09-26,completed,10000000
714,89,2024-08-24,completed,3000000
715,89,2023-03-11,completed,30000000
716,89,2024-03-07,completed,27000000
717,89,2024-01-02,completed,20000000
718,89,2024-01-13,cancelled,10000000
719,89,2024-06-03,cancelled,10000000
720,89,2023-12-19,completed,14000000
721,90,2024-12-12,completed,17500000
722,90,2023-04-18,completed,2400000
723,90,2023-01-04,completed,4200000
724,90,2023-12-06,cancelled,8400000
725,90,2024-01-07,completed,5000000
726,90,2024-01-04,completed,2000000
727,90,2023-06-28,completed,12000000
728,90,2023-09-26,cancelled,3600000
729,90,2023-05-21,completed,4000000
730,90,2023-11-09,completed,11400000
731,91,2023-05-02,completed,3900000
732,91,2023-11-22,completed,8000000
733,91,2024-07-02,completed,8400000
734,91,2023-05-10,cancelled,9500000
735,92,2023-03-08,completed,40000000
736,92,2024-12-12,completed,34000000
737,92,2023-07-27,completed,16000000
738,92,2024-08-08,completed,23000000
739,92,2023-12-27,completed,10000000
740,92,2023-12-11,completed,32000000
741,92,2024-10-22,completed,6000000
742,92,2024-06-09,completed,10000000
743,92,2023-04-11,completed,23000000
744,92,2024-11-30,cancelled,18000000
745,92,2023-05-22,cancelled,19000000
746,92,2023-12-21,cancelled,39000000
747,93,2024-10-31,completed,2500000
748,93,2024-04-30,completed,6300000
749,93,2024-12-15,completed,5800000
750,93,2023-01-10,completed,4800000
751,93,2024-12-08,completed,3100000
752,93,2023-12-05,completed,5300000
753,93,2024-04-07,completed,3700000
754,93,2024-09-09,completed,1800000
755,93,2023-08-27,completed,1600000
756,93,2024-06-14,completed,4000000
757,94,2024-02-03,cancelled,3500000
758,94,2023-11-14,completed,10500000
759,94,2023-01-08,cancelled,9900000
760,94,2024-06-22,completed,11500000
761,95,2024-02-05,completed,4000000
762,95,2024-04-13,completed,3100000
763,95,2023-02-14,completed,3400000
764,95,2023-03-10,completed,3400000
765,95,2024-01-13,completed,2400000
766,95,2023-11-30,completed,2100000
767,95,2023-03-16,completed,4600000
768,96,2023-12-01,completed,10500000
769,96,2023-10-13,cancelled,6500000
770,96,2023-04-13,completed,4500000
771,96,2023-06-22,completed,3600000
772,96,2024-03-27,completed,10500000
773,97,2024-12-14,completed,3000000
774,97,2024-03-30,completed,1500000
775,97,2023-07-26,cancelled,4400000
776,97,2023-01-17,completed,2400000
777,97,2024-11-27,completed,6000000
778,97,2023-06-21,completed,4000000
779,97,2024-10-03,completed,6900000
780,97,2023-08-07,completed,8600000
781,97,2023-08-14,completed,6800000
782,97,2024-09-05,completed,3600000
783,98,2023-06-25,completed,1500000
784,98,2024-10-08,completed,3400000
785,98,2024-11-13,completed,3800000
786,98,2023-08-27,completed,800000
787,98,2023-05-08,completed,2800000
788,98,2024-10-19,completed,5200000
789,98,2024-02-29,completed,3700000
790,98,2023-02-25,cancelled,3900000
791,98,2023-08-16,completed,5000000
792,98,2023-02-23,completed,1000000
793,98,2023-07-29,completed,1000000
794,98,2023-11-15,completed,2900000
795,99,2024-08-13,completed,16000000
796,99,2024-01-04,completed,21000000
797,99,2024-03-19,cancelled,24000000
798,99,2023-11-04,completed,19000000
799,99,2023-11-10,completed,38000000
800,99,2023-01-05,completed,25000000
801,99,2024-05-16,completed,6000000
802,100,2024-01-30,cancelled,2400000
803,100,2023-09-19,cancelled,5500000
804,100,2024-10-12,completed,2400000
805,100,2024-03-10,completed,2600000
806,101,2024-12-15,completed,6900000
807,101,2023-09-11,completed,3200000
808,101,2024-01-29,completed,6000000
809,102,2023-06-19,cancelled,34000000
810,102,2024-06-29,completed,39000000
811,102,2023-12-19,cancelled,35000000
812,102,2024-02-12,completed,5000000
813,102,2023-01-02,completed,27000000
814,102,2023-07-22,completed,6000000
815,102,2023-08-06,completed,15000000
816,102,2023-07-16,completed,40000000
817,102,2023-05-08,completed,18000000
818,103,2023-01-08,completed,500000
819,103,2023-01-08,completed,4200000
820,103,2023-12-18,cancelled,3400000
821,103,2024-02-13,completed,1600000
822,103,2023-04-13,completed,5300000
823,103,2023-09-12,completed,7200000
824,103,2024-01-04,cancelled,4800000
825,104,2024-05-11,completed,10000000
826,104,2024-05-02,cancelled,15000000
827,104,2024-01-30,completed,18000000
828,104,2024-05-31,completed,32000000
829,104,2024-05-08,completed,12000000
830,104,2023-04-19,completed,3000000
831,104,2023-12-01,cancelled,20000000
832,104,2024-11-12,completed,9000000
833,104,2024-07-01,completed,39000000
834,104,2023-12-18,completed,39000000
835,104,2023-10-25,completed,10000000
836,104,2023-07-12,completed,15000000
837,105,2024-01-25,completed,10000000
838,105,2024-07-02,completed,38000000
839,105,2023-04-20,completed,31000000
840,105,2023-05-30,completed,9000000
841,105,2024-05-29,cancelled,10000000
842,105,2024-12-24,completed,20000000
843,105,2023-12-08,completed,20000000
844,105,2023-02-23,cancelled,21000000
845,106,2023-11-03,cancelled,6000000
846,106,2024-02-06,completed,18500000
847,106,2024-12-18,cancelled,10700000
848,106,2023-02-25,cancelled,12000000
849,106,2024-08-14,completed,13200000
850,106,2024-08-12,completed,5400000
851,106,2023-06-22,cancelled,4000000
852,106,2024-04-30,completed,1500000
853,106,2024-10-27,completed,9400000
854,107,2023-06-26,completed,14700000
855,107,2024-10-09,completed,7200000
856,107,2024-06-05,completed,10700000
857,107,2023-11-02,completed,3000000
858,107,2024-07-04,completed,3000000
859,107,2024-07-03,cancelled,17100000
860,107,2024-12-31,cancelled,1200000
861,107,2024-11-05,cancelled,7200000
862,107,2023-07-04,completed,15500000
863,107,2023-02-05,completed,4500000
864,107,2024-07-11,completed,1200000
865,107,2024-06-15,cancelled,13500000
866,108,2024-08-13,completed,12000000
867,108,2023-04-12,completed,1500000
868,108,2023-05-26,completed,3200000
869,108,2023-10-12,completed,9200000
870,108,2024-11-23,completed,12000000
871,109,2024-01-17,completed,2600000
872,109,2024-03-20,completed,3200000
873,109,2024-07-15,completed,3900000
874,109,2023-08-20,completed,1600000
875,109,2023-08-16,completed,500000
876,109,2023-11-10,completed,6300000
877,110,2023-06-24,completed,27000000
878,110,2024-02-17,completed,19000000
879,110,2024-11-04,completed,27000000
880,111,2024-11-25,completed,36000000
881,111,2023-08-23,completed,10000000
882,111,2023-11-17,cancelled,3000000
883,111,2023-09-03,cancelled,18000000
884,111,2023-03-28,completed,30000000
885,111,2024-11-24,cancelled,10000000
886,112,2024-09-23,completed,4500000
887,112,2024-07-01,completed,9600000
888,112,2023-02-13,completed,10500000
889,113,2023-03-18,completed,14000000
890,113,2024-01-24,completed,10000000
891,113,2023-09-13,cancelled,10000000
892,113,2023-11-03,completed,19000000
893,113,2024-10-20,completed,10000000
894,114,2023-02-28,completed,12600000
895,114,2024-03-17,completed,6000000
896,114,2023-06-07,completed,11000000
897,114,2023-07-06,completed,9200000
898,114,2024-03-20,completed,4000000
899,114,2024-03-07,completed,1200000
900,114,2024-05-05,cancelled,7600000
901,114,2024-07-17,completed,5400000
902,114,2024-02-03,completed,1200000
903,114,2023-12-19,completed,4400000
904,115,2023-01-09,completed,3400000
905,115,2023-07-11,completed,1600000
906,115,2023-09-11,completed,3900000
907,115,2024-08-28,completed,2400000
908,115,2023-07-16,cancelled,4200000
909,115,2023-02-22,completed,3000000
910,115,2024-06-06,completed,1600000
911,115,2024-01-08,completed,4500000
912,115,2023-02-23,completed,2900000
913,115,2023-09-16,cancelled,3400000
914,115,2023-04-10,completed,2600000
915,115,2024-08-26,completed,1800000
916,116,2024-10-06,completed,1200000
917,116,2024-11-01,cancelled,9000000
918,116,2023-04-12,completed,7200000
919,116,2023-07-16,completed,14500000
920,116,2024-03-22,completed,15600000
921,117,2023-02-16,cancelled,2400000
922,117,2023-07-14,completed,7200000
923,117,2024-02-04,completed,2800000
924,117,2024-06-09,completed,4400000
925,117,2023-08-18,completed,1500000
926,117,2023-10-12,cancelled,2800000
927,117,2023-08-04,completed,1500000
928,118,2024-01-13,completed,23000000
929,118,2023-01-11,cancelled,25000000
930,118,2023-06-30,completed,15000000
931,118,2024-08-20,completed,49000000
932,118,2023-10-03,completed,30000000
933,118,2023-07-05,completed,14000000
934,118,2023-10-16,completed,18000000
935,118,2023-03-13,completed,28000000
936,118,2023-01-13,completed,25000000
937,118,2023-03-27,completed,5000000
938,118,2023-04-19,completed,27000000
939,118,2023-06-17,completed,38000000
940,119,2024-07-11,completed,8100000
941,119,2023-08-20,cancelled,13600000
942,119,2023-06-23,cancelled,3900000
943,119,2024-01-01,completed,7700000
944,120,2024-06-27,completed,9000000
945,120,2024-10-01,cancelled,8500000
946,120,2024-11-08,completed,8000000
947,120,2023-05-31,completed,13500000
948,120,2023-04-03,completed,4500000
949,120,2024-03-10,completed,15000000
950,120,2024-05-24,completed,16500000
951,120,2024-12-11,cancelled,6000000
952,120,2023-08-29,completed,4500000
953,121,2023-03-03,cancelled,7400000
954,121,2023-05-28,cancelled,6200000
955,121,2023-05-22,completed,8400000
956,121,2024-01-16,completed,3600000
957,122,2024-08-31,cancelled,3000000
958,122,2024-01-10,completed,11000000
959,122,2023-07-06,completed,25000000
960,122,2023-12-12,completed,10000000
961,122,2023-03-03,cancelled,9000000
962,122,2023-06-27,completed,10000000
963,122,2024-11-27,cancelled,37000000
964,122,2024-05-28,completed,16000000
965,122,2024-06-18,completed,18000000
966,122,2024-02-06,completed,15000000
967,123,2024-10-30,completed,2500000
968,123,2024-09-09,cancelled,2900000
969,123,2023-06-16,completed,500000
970,123,2023-11-13,completed,2900000
971,123,2024-08-06,completed,3700000
972,123,2024-05-27,completed,5500000
973,123,2024-05-29,cancelled,3200000
974,123,2024-01-27,completed,1000000
975,124,2023-03-22,cancelled,2400000
976,124,2023-08-26,cancelled,2000000
977,124,2024-05-28,completed,4100000
978,124,2024-03-17,completed,4400000
979,124,2023-01-16,completed,3300000
980,124,2023-10-30,completed,4700000
981,124,2023-09-22,cancelled,4800000
982,124,2023-05-07,cancelled,4100000
983,124,2024-02-23,cancelled,3200000
984,124,2024-06-08,cancelled,4800000
985,125,2024-06-02,completed,15000000
986,125,2023-02-28,completed,14000000
987,125,2023-04-18,completed,14000000
988,125,2024-04-18,completed,25000000
989,125,2023-07-04,completed,36000000
990,125,2024-05-02,completed,23000000
991,125,2024-01-25,completed,20000000
992,125,2024-12-01,completed,24000000
993,125,2024-12-30,completed,34000000
994,126,2023-06-18,completed,45000000
995,126,2023-01-11,completed,20000000
996,126,2023-11-28,completed,21000000
997,126,2023-04-27,cancelled,35000000
998,126,2024-04-06,cancelled,19000000
999,126,2024-10-16,cancelled,3000000
1000,126,2023-08-12,completed,15000000
1001,127,2023-12-23,completed,20000000
1002,127,2024-01-08,completed,27000000
1003,127,2024-02-28,completed,24000000
1004,127,2024-01-18,completed,21000000
1005,127,2024-12-06,completed,23000000
1006,127,2023-01-17,completed,38000000
1007,128,2024-11-14,completed,4200000
1008,128,2023-12-26,cancelled,7300000
1009,128,2024-02-10,completed,3100000
1010,129,2024-11-20,completed,12000000
1011,129,2023-06-24,cancelled,10400000
1012,129,2024-09-23,completed,4500000
1013,129,2024-10-13,completed,6900000
1014,129,2023-08-25,completed,12000000
1015,129,2024-10-04,cancelled,6000000
1016,129,2023-04-06,completed,15500000
1017,129,2023-01-26,completed,6000000
1018,129,2024-10-30,cancelled,9500000
1019,130,2023-09-24,completed,4400000
1020,130,2023-04-24,completed,800000
1021,130,2023-09-26,cancelled,800000
1022,130,2024-05-21,cancelled,2100000
1023,130,2024-05-17,cancelled,4100000
1024,130,2023-08-04,completed,3900000
1025,130,2024-10-08,completed,800000
1026,130,2023-12-22,completed,500000
1027,130,2023-09-18,cancelled,2000000
1028,131,2023-01-24,completed,2700000
1029,131,2023-01-31,completed,3200000
1030,131,2024-05-08,completed,3000000
1031,131,2024-10-29,completed,12300000
1032,131,2023-10-15,cancelled,4500000
1033,131,2024-08-24,completed,7500000
1034,131,2023-10-06,cancelled,6000000
1035,131,2024-01-28,completed,5400000
1036,131,2023-09-17,completed,14100000
1037,131,2023-01-31,completed,6900000
1038,131,2024-01-16,completed,7500000
1039,132,2023-11-26,cancelled,10000000
1040,132,2023-10-18,completed,20000000
1041,132,2024-11-18,completed,40000000
1042,132,2023-10-09,completed,6000000
1043,132,2023-12-01,completed,18000000
1044,132,2024-08-12,cancelled,24000000
1045,132,2024-06-30,cancelled,10000000
1046,132,2024-10-22,completed,25000000
1047,132,2024-07-23,cancelled,30000000
1048,132,2024-12-14,cancelled,43000000
1049,132,2023-04-16,completed,3000000
1050,132,2023-11-27,cancelled,16000000
1051,133,2024-07-04,cancelled,1600000
1052,133,2023-02-14,completed,4800000
1053,133,2023-06-24,cancelled,3400000
1054,133,2024-08-21,cancelled,5400000
1055,133,2024-06-18,completed,6300000
1056,133,2023-10-31,completed,4400000
1057,133,2024-12-12,completed,3800000
1058,133,2024-08-27,cancelled,5000000
1059,134,2024-05-31,completed,11000000
1060,134,2024-09-27,completed,32000000
1061,134,2023-05-31,completed,9000000
1062,134,2023-01-17,cancelled,11000000
1063,134,2024-05-02,completed,31000000
1064,135,2023-12-08,completed,5000000
1065,135,2023-07-13,completed,6300000
1066,135,2023-09-12,cancelled,1000000
1067,135,2023-02-06,completed,2100000
1068,135,2024-09-27,completed,5600000
1069,135,2023-07-28,completed,4400000
1070,135,2024-12-18,completed,4200000
1071,135,2024-04-11,completed,1500000
1072,135,2023-12-09,completed,3200000
1073,135,2024-05-15,cancelled,3600000
1074,135,2024-11-27,cancelled,4800000
1075,136,2023-05-31,cancelled,2400000
1076,136,2023-12-10,completed,12500000
1077,136,2023-12-28,completed,12000000
1078,136,2024-10-17,completed,10200000
1079,136,2024-03-17,completed,1500000
1080,137,2024-10-16,completed,9600000
1081,137,2024-11-26,completed,7400000
1082,137,2024-12-19,completed,2400000
1083,137,2024-08-03,cancelled,5100000
1084,137,2024-05-25,cancelled,8400000
1085,137,2023-06-03,completed,8100000
1086,137,2023-10-29,completed,1200000
1087,137,2024-08-30,completed,8400000
1088,137,2023-10-18,cancelled,5700000
1089,138,2023-05-27,cancelled,3400000
1090,138,2023-03-24,completed,1600000
1091,138,2023-09-12,cancelled,4100000
1092,138,2023-11-06,completed,4000000
1093,138,2023-05-23,completed,3100000
1094,138,2023-11-09,completed,5900000
1095,138,2024-12-02,completed,5100000
1096,139,2023-04-01,cancelled,4400000
1097,139,2024-01-18,completed,3000000
1098,139,2024-06-14,completed,800000
1099,139,2024-10-27,completed,1600000
1100,139,2024-12-08,completed,500000
1101,139,2024-11-21,completed,1500000
1102,139,2023-05-28,completed,4100000
1103,139,2023-01-07,cancelled,1300000
1104,139,2023-01-01,completed,1500000
1105,140,2023-04-17,completed,3900000
1106,140,2024-07-13,completed,5100000
1107,140,2023-06-24,completed,3200000
1108,140,2024-08-25,completed,3100000
1109,140,2023-10-18,completed,3600000
1110,140,2023-12-30,cancelled,4900000
1111,141,2024-01-02,completed,3100000
1112,141,2023-03-06,completed,3100000
1113,141,2023-05-24,completed,5600000
1114,141,2023-07-04,completed,4800000
1115,141,2024-02-18,completed,1500000
1116,142,2024-11-12,completed,10600000
1117,142,2024-01-29,cancelled,9000000
1118,142,2023-04-28,completed,2400000
1119,142,2024-09-13,completed,2000000
1120,143,2024-01-22,completed,4500000
1121,143,2023-08-19,completed,4400000
1122,143,2023-01-25,completed,2000000
1123,143,2023-05-24,cancelled,12900000
1124,143,2023-03-15,completed,14700000
1125,143,2023-05-22,cancelled,12300000
1126,143,2024-08-05,completed,6900000
1127,143,2023-08-18,cancelled,9300000
1128,143,2024-01-02,completed,7600000
1129,143,2024-06-14,cancelled,9700000
1130,144,2024-12-15,cancelled,9300000
1131,144,2023-12-13,completed,4200000
1132,144,2024-07-14,cancelled,8400000
1133,144,2024-05-20,completed,2400000
1134,144,2024-03-02,completed,4500000
1135,144,2023-05-13,completed,1500000
1136,144,2024-06-03,completed,5700000
1137,144,2023-07-20,completed,10100000
1138,144,2024-03-16,completed,5100000
1139,144,2024-01-12,completed,9600000
1140,144,2024-02-27,completed,1500000
1141,145,2023-02-28,completed,4500000
1142,145,2024-09-08,completed,5400000
1143,145,2023-05-06,completed,4000000
1144,145,2023-07-30,completed,9000000
1145,145,2024-10-31,completed,10600000
1146,145,2024-12-23,cancelled,8000000
1147,146,2023-08-25,completed,3500000
1148,146,2023-08-29,completed,8900000
1149,146,2024-09-16,completed,4000000
1150,146,2023-02-15,completed,13500000
1151,146,2024-09-15,cancelled,7200000
1152,146,2023-01-29,completed,12700000
1153,146,2023-10-22,cancelled,15600000
1154,146,2024-06-15,completed,8700000
1155,146,2023-03-29,cancelled,9300000
1156,146,2023-02-09,completed,10500000
1157,146,2023-11-11,completed,8800000
1158,147,2024-01-03,completed,2400000
1159,147,2024-09-16,completed,1600000
1160,147,2023-10-10,completed,3900000
1161,148,2023-07-08,completed,33000000
1162,148,2023-01-17,completed,29000000
1163,148,2024-03-30,completed,3000000
1164,149,2024-01-16,cancelled,10500000
1165,149,2023-05-27,completed,10500000
1166,149,2023-06-14,completed,5000000
1167,149,2024-06-07,completed,11700000
1168,149,2024-10-26,completed,1500000
1169,149,2024-08-11,completed,17700000
1170,149,2023-11-21,completed,7200000
1171,149,2023-04-29,completed,11200000
1172,149,2024-10-31,completed,3600000
1173,149,2023-05-09,cancelled,7600000
1174,149,2024-08-21,completed,7900000
1175,149,2023-06-01,completed,2700000
1176,150,2023-09-27,cancelled,10500000
1177,150,2024-03-17,completed,5600000
1178,150,2024-03-08,completed,15200000
1179,150,2024-09-23,completed,1500000
1180,150,2023-12-30,cancelled,17400000
1181,150,2023-10-24,cancelled,4800000
1182,150,2024-08-26,cancelled,2000000
1183,150,2023-01-08,completed,8000000
1184,150,2024-08-25,completed,2000000
1185,151,2023-02-19,completed,30000000
1186,151,2023-08-04,completed,25000000
1187,151,2023-10-22,completed,20000000
1188,151,2024-11-13,completed,5000000
1189,151,2024-06-04,cancelled,15000000
1190,151,2023-02-10,cancelled,9000000
1191,151,2023-01-27,completed,31000000
1192,151,2023-04-23,completed,6000000
1193,152,2023-09-27,completed,3900000
1194,152,2023-03-22,completed,5100000
1195,152,2023-10-10,completed,3600000
1196,152,2023-02-09,completed,8400000
1197,152,2024-10-11,completed,3500000
1198,152,2023-09-29,completed,15600000
1199,152,2023-08-08,completed,2400000
1200,152,2023-08-02,completed,2400000
1201,152,2024-09-20,completed,7200000
1202,152,2023-07-04,cancelled,7500000
1203,153,2024-05-16,cancelled,14500000
1204,153,2023-10-30,completed,2400000
1205,153,2024-04-02,completed,11700000
1206,153,2024-05-10,cancelled,14100000
1207,153,2023-01-30,completed,7000000
1208,153,2023-11-22,completed,12600000
1209,153,2023-11-12,completed,9000000
1210,153,2024-10-02,completed,4700000
1211,153,2023-04-03,cancelled,9600000
1212,153,2024-11-01,completed,4500000
1213,154,2023-08-23,completed,11000000
1214,154,2023-09-12,cancelled,3000000
1215,154,2024-06-23,completed,26000000
1216,154,2023-10-06,completed,44000000
1217,154,2024-03-01,completed,11000000
1218,154,2024-09-12,cancelled,34000000
1219,154,2023-01-24,completed,31000000
1220,154,2024-02-21,completed,35000000
1221,154,2024-01-17,cancelled,6000000
1222,155,2024-08-14,cancelled,33000000
1223,155,2024-07-30,completed,28000000
1224,155,2023-08-01,cancelled,28000000
1225,155,2024-02-17,completed,43000000
1226,155,2023-12-12,cancelled,10000000
1227,155,2024-12-06,completed,26000000
1228,156,2023-11-26,completed,6300000
1229,156,2024-01-20,completed,800000
1230,156,2023-05-05,completed,5800000
1231,156,2024-07-14,completed,1000000
1232,156,2023-10-29,completed,3900000
1233,156,2024-06-19,completed,5000000
1234,157,2023-06-18,completed,18000000
1235,157,2023-07-12,completed,15000000
1236,157,2023-04-07,completed,33000000
1237,157,2023-10-09,completed,46000000
1238,157,2024-11-06,completed,15000000
1239,158,2023-04-15,completed,18000000
1240,158,2023-08-03,completed,6000000
1241,158,2023-06-18,completed,3000000
1242,158,2023-02-23,completed,11500000
1243,158,2024-01-30,completed,10500000
1244,158,2023-06-20,cancelled,9500000
1245,158,2024-07-27,completed,9000000
1246,158,2024-01-10,cancelled,10000000
1247,158,2024-09-23,completed,7500000
1248,158,2023-07-20,completed,4500000
1249,158,2024-01-13,cancelled,6000000
1250,158,2023-10-07,completed,12000000
1251,159,2024-08-08,cancelled,16000000
1252,159,2023-06-27,completed,1200000
1253,159,2024-09-19,cancelled,8100000
1254,160,2023-05-15,completed,800000
1255,160,2024-12-28,completed,2400000
1256,160,2023-07-18,completed,1600000
1257,160,2023-11-21,cancelled,4800000
1258,160,2024-01-11,completed,6300000
1259,161,2023-03-27,completed,2400000
1260,161,2024-12-06,completed,5600000
1261,161,2024-07-28,completed,11400000
1262,161,2023-04-03,completed,2000000
1263,161,2024-10-03,cancelled,3500000
1264,161,2024-10-15,completed,3600000
1265,161,2023-11-12,cancelled,12000000
1266,162,2023-11-14,completed,3400000
1267,162,2023-10-07,cancelled,2000000
1268,162,2024-12-15,completed,1600000
1269,162,2024-01-08,completed,5900000
1270,162,2024-12-20,completed,4400000
1271,163,2024-06-09,cancelled,21000000
1272,163,2023-02-02,cancelled,15000000
1273,163,2024-04-23,completed,36000000
1274,163,2024-10-06,completed,5000000
1275,164,2023-12-11,completed,2000000
1276,164,2023-11-10,completed,5600000
1277,164,2024-08-12,completed,12600000
1278,164,2023-02-11,cancelled,8000000
1279,164,2024-03-07,completed,7200000
1280,164,2024-09-03,cancelled,6000000
1281,164,2023-05-14,completed,2000000
1282,164,2023-05-25,cancelled,11500000
1283,165,2023-07-25,cancelled,2600000
1284,165,2023-08-30,cancelled,4200000
1285,165,2024-12-02,completed,3300000
1286,165,2024-12-16,completed,4900000
1287,165,2023-05-17,completed,6400000
1288,166,2023-12-22,completed,2000000
1289,166,2023-07-02,cancelled,10000000
1290,166,2023-01-02,completed,6900000
1291,166,2024-01-29,completed,12200000
1292,167,2024-11-29,completed,1000000
1293,167,2023-12-21,completed,2400000
1294,167,2023-01-13,completed,3900000
1295,167,2024-05-12,completed,5600000
1296,167,2024-04-06,completed,5700000
1297,167,2024-01-28,cancelled,500000
1298,167,2023-01-08,completed,3900000
1299,167,2024-04-20,completed,1600000
1300,167,2023-02-21,cancelled,4200000
1301,168,2023-01-25,completed,11000000
1302,168,2023-11-01,completed,10000000
1303,168,2024-06-28,completed,8000000
1304,168,2023-05-29,completed,28000000
1305,168,2024-08-05,completed,10000000
1306,168,2023-05-31,completed,10000000
1307,168,2023-03-22,completed,25000000
1308,169,2024-03-19,cancelled,21000000
1309,169,2023-11-07,completed,21000000
1310,169,2023-08-09,cancelled,37000000
1311,169,2023-10-11,completed,15000000
1312,170,2024-11-25,completed,1600000
1313,170,2024-02-29,completed,3000000
1314,170,2024-12-27,completed,1500000
1315,170,2024-12-30,completed,7000000
1316,170,2023-12-15,completed,7100000
1317,171,2023-02-03,completed,15000000
1318,171,2023-12-20,completed,22000000
1319,171,2024-10-01,completed,28000000
1320,171,2024-05-17,cancelled,35000000
1321,171,2023-05-07,completed,20000000
1322,171,2023-06-12,cancelled,28000000
1323,171,2024-03-04,cancelled,31000000
1324,171,2023-04-19,completed,35000000
1325,171,2024-04-20,completed,19000000
1326,172,2024-11-30,cancelled,6500000
1327,172,2024-02-25,completed,2400000
1328,172,2024-09-16,completed,2400000
1329,172,2024-02-23,cancelled,2800000
1330,172,2024-08-05,completed,1000000
1331,173,2024-10-31,completed,18000000
1332,173,2023-06-29,completed,11000000
1333,173,2023-07-31,completed,31000000
1334,173,2024-09-10,cancelled,13000000
1335,173,2023-03-13,completed,9000000
1336,173,2024-06-16,cancelled,36000000
1337,173,2024-07-04,completed,6000000
1338,173,2023-03-03,completed,44000000
1339,173,2023-05-08,completed,26000000
1340,173,2023-12-14,completed,11000000
1341,173,2024-12-11,completed,25000000
1342,173,2024-08-04,completed,3000000
1343,174,2023-01-27,completed,34000000
1344,174,2024-10-11,completed,41000000
1345,174,2023-09-21,completed,5000000
1346,174,2023-06-01,completed,34000000
1347,174,2024-09-25,cancelled,33000000
1348,174,2024-05-28,completed,25000000
1349,174,2024-05-10,cancelled,9000000
1350,175,2023-12-17,completed,20000000
1351,175,2023-05-03,completed,30000000
1352,175,2024-06-20,cancelled,19000000
1353,175,2023-02-03,completed,10000000
1354,176,2024-07-20,cancelled,1200000
1355,176,2024-04-02,completed,5100000
1356,176,2024-10-28,cancelled,10500000
1357,176,2024-04-12,completed,12500000
1358,176,2023-05-16,completed,1200000
1359,176,2024-08-22,cancelled,11200000
1360,176,2023-11-23,cancelled,1500000
1361,177,2023-04-30,completed,31000000
1362,177,2023-04-25,completed,46000000
1363,177,2024-09-07,completed,25000000
1364,177,2024-10-22,completed,19000000
1365,177,2024-10-02,completed,21000000
1366,177,2023-06-17,completed,45000000
1367,177,2023-04-22,cancelled,19000000
1368,177,2023-11-09,completed,32000000
1369,177,2024-02-10,cancelled,24000000
1370,177,2023-06-10,completed,37000000
1371,178,2024-01-15,completed,30000000
1372,178,2024-02-07,cancelled,6000000
1373,178,2023-02-26,cancelled,24000000
1374,178,2023-10-08,completed,15000000
1375,178,2024-01-18,completed,30000000
1376,178,2023-04-20,completed,25000000
1377,178,2023-02-17,cancelled,41000000
1378,179,2024-09-13,completed,500000
1379,179,2023-12-17,completed,3000000
1380,179,2024-02-28,cancelled,3100000
1381,179,2024-08-10,completed,1600000
1382,179,2024-08-09,completed,3600000
1383,179,2023-03-11,cancelled,4100000
1384,179,2023-08-08,completed,6600000
1385,180,2023-05-24,completed,18500000
1386,180,2024-08-02,completed,3600000
1387,180,2023-12-01,cancelled,13500000
1388,181,2023-03-19,completed,4500000
1389,181,2024-06-09,cancelled,4500000
1390,181,2024-04-24,completed,4500000
1391,181,2024-04-21,completed,5100000
1392,182,2024-04-09,completed,4500000
1393,182,2023-06-04,completed,3400000
1394,182,2024-10-31,completed,3700000
1395,182,2023-07-05,completed,800000
1396,182,2023-03-12,completed,3200000
1397,182,2023-08-27,cancelled,2400000
1398,182,2023-05-21,cancelled,4800000
1399,182,2023-08-02,completed,5000000
1400,183,2024-08-15,completed,5000000
1401,183,2023-05-04,cancelled,29000000
1402,183,2023-07-15,completed,15000000
1403,183,2023-09-19,completed,22000000
1404,183,2024-03-20,cancelled,23000000
1405,183,2024-10-28,completed,31000000
1406,183,2023-01-10,completed,6000000
1407,183,2023-08-03,cancelled,25000000
1408,183,2023-06-11,completed,30000000
1409,183,2024-11-15,completed,5000000
1410,183,2023-07-28,completed,15000000
1411,184,2023-02-05,completed,4800000
1412,184,2024-06-21,completed,2000000
1413,184,2023-08-17,completed,1200000
1414,184,2024-04-20,cancelled,10800000
1415,184,2023-11-15,completed,14000000
1416,184,2023-04-09,completed,3000000
1417,184,2023-05-27,completed,6000000
1418,184,2024-02-18,completed,2000000
1419,184,2023-07-09,completed,13000000
1420,184,2023-10-01,cancelled,5400000
1421,185,2024-11-08,completed,15000000
1422,185,2024-01-30,completed,18000000
1423,185,2023-09-01,completed,18000000
1424,185,2024-08-14,completed,15000000
1425,185,2023-10-14,completed,23000000
1426,185,2024-04-12,completed,26000000
1427,185,2023-05-10,completed,34000000
1428,185,2023-03-26,cancelled,21000000
1429,186,2023-05-26,cancelled,1600000
1430,186,2023-12-29,completed,4800000
1431,186,2024-06-29,completed,3900000
1432,186,2023-06-12,completed,4800000
1433,186,2023-06-05,completed,5800000
1434,186,2023-05-20,completed,4500000
1435,187,2024-08-31,cancelled,4000000
1436,187,2023-05-24,completed,4000000
1437,187,2024-02-05,completed,6400000
1438,187,2024-02-16,completed,5600000
1439,187,2023-12-02,completed,4500000
1440,187,2023-04-16,cancelled,12600000
1441,187,2023-05-08,completed,12700000
1442,187,2023-09-19,completed,11000000
1443,187,2023-04-01,cancelled,11200000
1444,187,2024-12-19,cancelled,13500000
1445,187,2023-10-10,cancelled,10600000
1446,187,2024-01-01,completed,6000000
1447,188,2024-08-22,completed,7000000
1448,188,2024-11-14,completed,1500000
1449,188,2024-10-20,cancelled,500000
1450,188,2023-09-02,completed,4600000
1451,188,2023-02-08,cancelled,5800000
1452,188,2023-07-05,completed,3300000
1453,189,2024-01-03,cancelled,15000000
1454,189,2024-04-01,cancelled,30000000
1455,189,2023-09-27,cancelled,20000000
1456,189,2024-07-14,completed,29000000
1457,189,2023-08-22,completed,16000000
1458,189,2024-10-16,completed,32000000
1459,189,2023-06-22,completed,5000000
1460,190,2024-12-18,completed,3900000
1461,190,2023-04-03,completed,5200000
1462,190,2023-10-28,completed,1000000
1463,190,2024-03-29,cancelled,2000000
1464,190,2024-11-14,cancelled,1600000
1465,190,2023-08-18,cancelled,1300000
1466,190,2024-03-26,completed,1600000
1467,190,2024-09-18,completed,5100000
1468,190,2024-08-12,cancelled,5000000
1469,190,2023-09-27,completed,3900000
1470,190,2024-12-20,completed,2000000
1471,191,2023-11-18,completed,24000000
1472,191,2024-07-21,cancelled,20000000
1473,191,2024-08-11,cancelled,42000000
1474,191,2024-03-22,completed,12000000
1475,191,2023-12-22,completed,10000000
1476,191,2023-10-10,completed,15000000
1477,191,2024-03-17,completed,16000000
1478,191,2024-12-14,completed,21000000
1479,191,2024-11-28,completed,9000000
1480,191,2024-01-02,completed,15000000
1481,191,2024-02-28,completed,8000000
1482,192,2024-10-26,cancelled,10000000
1483,192,2023-04-02,completed,44000000
1484,192,2023-12-18,completed,30000000
1485,193,2024-02-16,completed,4500000
1486,193,2023-01-21,cancelled,1500000
1487,193,2023-03-02,completed,500000
1488,193,2024-06-25,completed,3000000
1489,193,2023-07-13,completed,5700000
1490,193,2023-07-01,cancelled,2000000
1491,193,2024-03-31,completed,1500000
1492,194,2023-11-16,cancelled,3000000
1493,194,2024-11-30,completed,5700000
1494,194,2024-09-19,cancelled,16600000
1495,194,2023-04-30,completed,2400000
1496,195,2023-09-03,cancelled,4800000
1497,195,2023-03-02,cancelled,6800000
1498,195,2024-06-16,completed,4900000
1499,195,2024-10-20,completed,3700000
1500,195,2024-03-21,completed,4900000
1501,196,2024-12-01,completed,5000000
1502,196,2023-11-11,cancelled,19000000
1503,196,2023-02-19,completed,6000000
1504,196,2023-12-27,cancelled,9000000
1505,196,2024-03-20,completed,18000000
1506,196,2023-08-08,completed,8000000
1507,196,2024-05-22,completed,3000000
1508,197,2024-12-06,completed,3000000
1509,197,2024-02-04,cancelled,2900000
1510,197,2023-05-26,completed,4000000
1511,197,2024-10-31,completed,4200000
1512,197,2023-07-14,cancelled,6900000
1513,197,2024-12-10,completed,2800000
1514,198,2023-12-02,completed,33000000
1515,198,2024-08-06,completed,6000000
1516,198,2023-07-26,cancelled,24000000
1517,198,2024-04-25,completed,3000000
1518,198,2024-02-02,completed,3000000
1519,198,2024-01-15,completed,9000000
1520,198,2024-05-30,cancelled,12000000
1521,198,2023-11-22,completed,3000000
1522,198,2023-09-14,cancelled,28000000
1523,198,2023-02-27,completed,9000000
1524,198,2023-07-19,completed,32000000
1525,199,2023-11-22,completed,3000000
1526,199,2023-01-18,completed,7500000
1527,199,2023-04-17,completed,3000000
1528,199,2023-03-01,cancelled,2000000
1529,199,2024-10-05,completed,1500000
1530,199,2024-05-02,cancelled,15000000
1531,199,2024-04-05,cancelled,7500000
1532,199,2024-09-19,completed,10500000
1533,199,2023-06-28,cancelled,13000000
1534,199,2023-01-22,completed,9000000
1535,199,2024-02-16,completed,8500000
1536,200,2024-02-02,completed,6000000
1537,200,2024-12-30,completed,7200000
1538,200,2024-04-19,completed,10200000
1539,200,2024-09-30,completed,2400000
1540,200,2024-06-13,completed,9000000
1541,200,2023-06-09,completed,4200000
1542,200,2023-05-14,cancelled,15000000
1543,200,2024-10-05,cancelled,1500000
1544,200,2023-03-29,completed,3000000
1545,200,2023-11-17,cancelled,6300000
1546,201,2023-11-11,cancelled,4000000
1547,201,2024-04-02,completed,4000000
1548,201,2023-06-05,completed,2400000
1549,201,2024-02-24,completed,6200000
1550,201,2024-03-31,completed,800000
1551,201,2024-04-29,completed,1500000
1552,202,2024-08-08,completed,3000000
1553,202,2024-08-03,completed,7200000
1554,202,2024-02-08,cancelled,3600000
1555,202,2023-07-21,cancelled,7800000
1556,202,2023-12-30,completed,12500000
1557,202,2023-10-14,cancelled,4000000
1558,202,2023-11-23,cancelled,3600000
1559,202,2023-09-02,completed,12000000
1560,202,2024-11-03,completed,2400000
1561,202,2023-05-14,cancelled,3600000
1562,202,2024-08-10,completed,13600000
1563,202,2024-01-11,cancelled,11800000
1564,203,2023-09-25,completed,3100000
1565,203,2023-11-23,cancelled,500000
1566,203,2023-05-12,cancelled,500000
1567,203,2023-03-18,completed,500000
1568,203,2023-08-31,cancelled,500000
1569,203,2023-01-14,completed,4900000
1570,203,2023-12-05,cancelled,1500000
1571,203,2023-05-05,completed,1300000
1572,204,2023-01-04,completed,2700000
1573,204,2024-10-02,completed,9300000
1574,204,2023-03-04,completed,1200000
1575,204,2023-07-22,completed,4800000
1576,205,2023-08-22,completed,13000000
1577,205,2023-12-20,completed,3600000
1578,205,2024-11-30,completed,5200000
1579,205,2023-03-03,completed,12200000
1580,205,2024-01-06,completed,6000000
1581,205,2023-11-23,completed,18500000
1582,205,2024-12-08,completed,13200000
1583,205,2024-01-30,completed,1500000
1584,206,2024-10-09,completed,6600000
1585,206,2023-07-08,completed,3000000
1586,206,2023-10-05,completed,2400000
1587,206,2023-11-07,cancelled,6500000
1588,206,2024-09-13,completed,10800000
1589,206,2023-11-28,completed,7400000
1590,206,2023-11-12,completed,11700000
1591,206,2024-06-26,completed,11600000
1592,206,2024-04-02,completed,5600000
1593,207,2024-10-11,cancelled,6500000
1594,207,2023-12-06,completed,4000000
1595,207,2023-08-23,completed,2100000
1596,207,2023-11-17,completed,1000000
1597,207,2024-09-30,completed,5500000
1598,207,2023-10-10,completed,2300000
1599,207,2024-09-27,completed,3200000
1600,207,2024-09-11,cancelled,2900000
1601,208,2024-09-11,completed,1500000
1602,208,2024-06-20,cancelled,3400000
1603,208,2024-12-18,cancelled,1000000
1604,208,2023-09-25,completed,2800000
1605,208,2023-06-01,completed,5500000
1606,208,2024-12-24,completed,2300000
1607,208,2023-12-01,completed,4000000
1608,208,2024-10-23,completed,2400000
1609,208,2023-11-28,completed,2400000
1610,208,2024-12-31,completed,800000
1611,208,2023-04-15,completed,2400000
1612,208,2024-02-27,completed,1000000
1613,209,2024-06-21,completed,34000000
1614,209,2023-02-27,completed,3000000
1615,209,2024-12-15,completed,5000000
1616,210,2023-06-06,cancelled,8400000
1617,210,2023-11-27,completed,13900000
1618,210,2023-02-11,completed,2000000
1619,210,2024-05-18,completed,6000000
1620,210,2024-06-05,cancelled,5000000
1621,210,2023-06-05,completed,10200000
1622,211,2023-12-09,completed,8800000
1623,211,2024-10-29,completed,5700000
1624,211,2024-08-06,completed,11100000
1625,211,2024-10-25,completed,6700000
1626,211,2023-07-31,completed,11100000
1627,211,2023-10-20,cancelled,6000000
1628,211,2023-04-20,cancelled,4500000
1629,212,2023-01-12,cancelled,1000000
1630,212,2024-03-31,completed,1300000
1631,212,2024-03-09,completed,2800000
1632,213,2023-05-26,completed,2900000
1633,213,2023-02-01,cancelled,2900000
1634,213,2023-08-29,completed,5500000
1635,213,2023-08-09,completed,4200000
1636,213,2023-02-15,completed,5000000
1637,213,2023-10-06,cancelled,2300000
1638,213,2024-04-03,cancelled,2400000
1639,214,2024-07-26,cancelled,13500000
1640,214,2023-10-21,completed,13500000
1641,214,2024-07-18,completed,10600000
1642,214,2023-12-22,cancelled,7500000
1643,214,2024-11-22,completed,9400000
1644,214,2024-10-22,completed,7200000
1645,214,2023-12-16,completed,6000000
1646,214,2024-02-10,completed,12200000
1647,214,2024-11-11,cancelled,8100000
1648,215,2024-05-15,completed,24000000
1649,215,2023-12-26,completed,5000000
1650,215,2024-04-09,completed,24000000
1651,215,2024-05-22,completed,9000000
1652,215,2023-09-05,cancelled,23000000
1653,215,2023-04-09,cancelled,6000000
1654,215,2023-02-01,completed,20000000
1655,215,2023-09-17,completed,6000000
1656,216,2023-01-11,completed,8600000
1657,216,2024-05-04,completed,4500000
1658,216,2023-02-02,completed,9200000
1659,216,2023-04-11,completed,12000000
1660,216,2023-03-30,completed,2000000
1661,216,2024-10-08,cancelled,12000000
1662,216,2024-09-10,cancelled,2400000
1663,216,2023-11-14,completed,9100000
1664,216,2024-06-02,completed,6000000
1665,217,2024-10-31,completed,34000000
1666,217,2023-06-16,completed,16000000
1667,217,2024-05-12,completed,28000000
1668,217,2024-11-30,completed,24000000
1669,217,2024-09-11,completed,49000000
1670,217,2024-07-10,completed,33000000
1671,217,2024-11-11,completed,28000000
1672,217,2024-04-01,completed,35000000
1673,217,2024-02-28,completed,5000000
1674,217,2023-11-04,completed,33000000
1675,217,2023-01-10,completed,20000000
1676,218,2024-11-10,completed,20000000
1677,218,2023-03-14,completed,18000000
1678,218,2023-03-16,completed,24000000
1679,218,2023-08-19,cancelled,14000000
1680,218,2023-11-25,cancelled,3000000
1681,218,2024-11-18,completed,14000000
1682,219,2024-02-21,completed,4500000
1683,219,2023-03-18,completed,3000000
1684,219,2023-03-28,completed,9000000
1685,219,2024-04-20,completed,11500000
1686,219,2024-04-26,completed,19500000
1687,219,2023-12-12,completed,13500000
1688,219,2024-08-31,completed,10500000
1689,219,2023-12-10,completed,9000000
1690,219,2024-12-05,completed,11500000
1691,219,2023-06-27,completed,13000000
1692,219,2024-10-25,cancelled,8000000
1693,220,2024-08-04,completed,5700000
1694,220,2024-02-07,completed,7000000
1695,220,2024-07-17,completed,7500000
1696,220,2024-05-16,completed,8200000
1697,220,2023-03-13,completed,7600000
1698,220,2024-11-07,completed,1200000
1699,220,2024-10-01,completed,8700000
1700,221,2023-12-29,cancelled,14000000
1701,221,2024-08-21,completed,15000000
1702,221,2024-09-23,completed,12000000
1703,221,2023-10-04,cancelled,3000000
1704,221,2023-09-10,cancelled,15000000
1705,221,2024-09-16,completed,8000000
1706,221,2023-11-12,completed,27000000
1707,221,2024-01-29,cancelled,29000000
1708,221,2024-11-20,completed,35000000
1709,221,2024-01-17,completed,9000000
1710,221,2024-11-30,completed,21000000
1711,222,2023-01-25,completed,25000000
1712,222,2023-01-23,completed,26000000
1713,222,2023-04-02,completed,16000000
1714,222,2024-08-22,completed,13000000
1715,222,2023-08-23,completed,14000000
1716,222,2023-03-23,completed,21000000
1717,222,2023-07-10,completed,21000000
1718,222,2024-11-01,cancelled,21000000
1719,222,2024-04-26,cancelled,10000000
1720,222,2023-07-20,completed,5000000
1721,223,2023-07-03,completed,5900000
1722,223,2023-11-30,cancelled,5300000
1723,223,2024-05-31,cancelled,3700000
1724,223,2023-06-09,cancelled,4000000
1725,223,2024-08-10,cancelled,5300000
1726,223,2023-04-23,completed,3200000
1727,223,2024-01-22,completed,4800000
1728,224,2024-06-21,completed,5800000
1729,224,2024-02-22,completed,3700000
1730,224,2024-02-27,completed,3400000
1731,224,2024-10-15,cancelled,7100000
1732,224,2023-11-06,completed,2400000
1733,224,2024-02-13,completed,4800000
1734,224,2023-04-14,completed,1000000
1735,224,2024-01-31,cancelled,5500000
1736,224,2024-06-08,completed,1600000
1737,225,2023-07-18,completed,2700000
1738,225,2024-07-29,completed,4500000
1739,225,2024-06-17,completed,17600000
1740,225,2024-06-13,completed,14700000
1741,225,2023-06-07,cancelled,15600000
1742,225,2024-10-12,completed,5000000
1743,225,2023-08-14,completed,4700000
1744,225,2023-06-05,completed,5200000
1745,226,2023-03-09,completed,18000000
1746,226,2023-12-17,completed,31000000
1747,226,2023-12-05,completed,39000000
1748,226,2023-10-13,cancelled,10000000
1749,226,2024-03-20,completed,35000000
1750,226,2023-11-04,cancelled,21000000
1751,226,2023-08-17,cancelled,13000000
1752,226,2023-06-06,cancelled,31000000
1753,226,2024-03-05,completed,27000000
1754,226,2023-11-18,cancelled,10000000
1755,227,2024-03-18,completed,26000000
1756,227,2024-02-10,completed,30000000
1757,227,2024-01-21,cancelled,5000000
1758,227,2023-03-26,cancelled,5000000
1759,227,2024-07-07,completed,15000000
1760,227,2023-02-22,completed,13000000
1761,227,2024-12-17,completed,3000000
1762,227,2023-11-14,completed,15000000
1763,227,2023-02-10,completed,9000000
1764,228,2023-10-26,completed,9000000
1765,228,2023-03-08,completed,24000000
1766,228,2024-12-06,completed,42000000
1767,228,2024-10-31,completed,26000000
1768,228,2023-06-02,completed,3000000
1769,228,2023-05-01,completed,35000000
1770,228,2024-05-08,completed,9000000
1771,228,2024-11-18,completed,31000000
1772,228,2023-07-16,completed,5000000
1773,228,2023-09-16,completed,28000000
1774,228,2024-12-25,completed,19000000
1775,228,2024-03-01,completed,17000000
1776,229,2023-07-27,completed,34000000
1777,229,2023-04-18,completed,20000000
1778,229,2024-06-01,completed,38000000
1779,229,2024-04-10,cancelled,20000000
1780,229,2023-10-19,completed,33000000
1781,229,2023-11-19,cancelled,12000000
1782,229,2023-11-04,cancelled,5000000
1783,230,2023-09-18,completed,3600000
1784,230,2023-08-16,cancelled,9400000
1785,230,2023-02-18,cancelled,13500000
1786,230,2023-01-17,completed,9900000
1787,230,2024-07-19,completed,1200000
1788,230,2024-02-03,completed,5900000
1789,230,2024-10-24,completed,10400000
1790,230,2023-06-15,cancelled,5700000
1791,230,2024-01-06,completed,10500000
1792,230,2023-06-09,cancelled,1200000
1793,230,2023-03-09,cancelled,6400000
1794,230,2023-12-12,completed,11600000
1795,231,2023-07-13,completed,10800000
1796,231,2023-06-16,completed,7200000
1797,231,2024-10-08,completed,11500000
1798,231,2024-02-17,completed,8100000
1799,231,2023-03-10,cancelled,6600000
1800,231,2024-07-24,cancelled,11900000
1801,231,2023-02-12,completed,2400000
1802,231,2024-01-17,completed,9200000
1803,231,2024-07-28,cancelled,4800000
1804,232,2024-07-18,completed,6000000
1805,232,2023-11-16,completed,7200000
1806,232,2024-01-24,cancelled,6600000
1807,232,2024-06-27,completed,11700000
1808,232,2023-05-21,cancelled,2400000
1809,232,2023-04-27,completed,5400000
1810,232,2023-03-22,completed,8100000
1811,232,2024-07-16,cancelled,9600000
1812,232,2023-04-13,cancelled,3000000
1813,232,2024-03-06,completed,8700000
1814,232,2024-05-03,completed,9000000
1815,233,2023-03-25,completed,8100000
1816,233,2024-10-07,cancelled,10800000
1817,233,2023-06-23,completed,10000000
1818,233,2024-08-13,cancelled,6000000
1819,233,2023-09-01,completed,7200000
1820,233,2023-10-27,completed,12300000
1821,234,2024-10-25,completed,3000000
1822,234,2023-07-15,completed,24000000
1823,234,2024-11-18,completed,5000000
1824,234,2023-02-17,completed,33000000
1825,234,2024-12-13,completed,10000000
1826,234,2023-05-28,completed,6000000
1827,234,2024-02-25,completed,31000000
1828,235,2024-05-16,completed,2000000
1829,235,2023-03-03,completed,3100000
1830,235,2023-01-15,completed,2400000
1831,235,2023-11-07,completed,4700000
1832,235,2023-05-17,completed,2000000
1833,235,2024-07-18,completed,1800000
1834,236,2023-10-06,cancelled,24000000
1835,236,2023-03-06,completed,3000000
1836,236,2023-09-16,cancelled,19000000
1837,236,2024-06-25,completed,6000000
1838,237,2024-03-05,completed,3000000
1839,237,2023-04-22,completed,15000000
1840,237,2024-01-01,completed,10500000
1841,237,2024-05-19,completed,3600000
1842,237,2024-08-01,cancelled,5500000
1843,237,2023-07-29,completed,1500000
1844,237,2024-07-15,completed,3500000
1845,237,2023-02-07,completed,11100000
1846,237,2023-08-31,completed,3000000
1847,237,2024-07-03,completed,4400000
1848,237,2024-11-04,cancelled,3000000
1849,238,2024-02-26,cancelled,5000000
1850,238,2024-05-30,completed,21000000
1851,238,2023-06-18,completed,15000000
1852,238,2024-11-14,completed,10000000
1853,238,2023-07-20,cancelled,13000000
1854,238,2024-04-16,completed,26000000
1855,239,2024-12-04,completed,800000
1856,239,2023-01-08,completed,1500000
1857,239,2024-03-06,completed,1500000
1858,239,2023-08-23,completed,3100000
1859,239,2024-11-24,completed,4900000
1860,239,2024-04-04,completed,7200000
1861,239,2023-10-30,completed,2300000
1862,240,2023-04-26,completed,36000000
1863,240,2023-05-10,completed,9000000
1864,240,2024-07-10,cancelled,24000000
1865,240,2023-03-27,completed,6000000
1866,240,2024-07-16,completed,8000000
1867,240,2023-08-14,completed,15000000
1868,240,2024-03-28,completed,9000000
1869,240,2024-04-16,completed,26000000
1870,240,2023-02-01,completed,30000000
1871,240,2024-12-05,completed,6000000
1872,240,2024-07-05,completed,9000000
1873,241,2023-01-27,completed,3900000
1874,241,2023-10-27,completed,2400000
1875,241,2024-09-06,completed,3600000
1876,241,2024-04-25,completed,6300000
1877,241,2024-10-13,completed,4600000
1878,241,2023-08-30,completed,4500000
1879,241,2023-06-24,cancelled,7700000
1880,241,2023-02-10,completed,1000000
1881,241,2024-02-25,completed,6800000
1882,241,2023-03-08,completed,800000
1883,241,2023-09-16,cancelled,2400000
1884,241,2024-06-25,completed,5500000
1885,242,2024-06-12,completed,6600000
1886,242,2023-06-08,completed,10500000
1887,242,2023-06-24,completed,7400000
1888,242,2023-05-14,completed,8700000
1889,242,2024-10-08,completed,6200000
1890,242,2024-01-13,completed,6000000
1891,243,2024-04-26,completed,45000000
1892,243,2023-04-22,completed,13000000
1893,243,2024-12-14,completed,26000000
1894,243,2023-08-10,completed,24000000
1895,244,2023-05-25,cancelled,3000000
1896,244,2024-12-29,completed,34000000
1897,244,2024-10-08,completed,31000000
1898,244,2023-03-20,cancelled,33000000
1899,244,2024-05-27,cancelled,5000000
1900,244,2023-07-09,completed,5000000
1901,245,2024-02-29,completed,3200000
1902,245,2024-01-22,completed,6600000
1903,245,2024-11-27,completed,3100000
1904,245,2023-03-14,cancelled,4200000
1905,245,2023-08-20,completed,7400000
1906,245,2023-08-09,completed,2400000
1907,245,2024-03-04,completed,4700000
1908,245,2023-02-13,cancelled,1000000
1909,246,2024-05-19,cancelled,16000000
1910,246,2024-12-11,completed,4400000
1911,246,2023-07-17,cancelled,3600000
1912,246,2023-07-28,completed,13800000
1913,246,2023-08-06,completed,3600000
1914,246,2024-03-16,completed,6000000
1915,247,2024-03-10,cancelled,5700000
1916,247,2024-06-21,cancelled,8700000
1917,247,2023-09-05,completed,4500000
1918,247,2023-07-18,completed,6600000
1919,247,2024-06-25,completed,1200000
1920,247,2024-01-19,completed,1500000
1921,247,2024-01-15,completed,6000000
1922,247,2024-06-03,completed,4000000
1923,247,2023-07-06,cancelled,11000000
1924,247,2024-09-04,completed,14700000
1925,248,2024-11-23,completed,4900000
1926,248,2023-09-12,completed,1000000
1927,248,2024-05-27,cancelled,1300000
1928,248,2023-04-21,completed,2600000
1929,248,2024-07-27,cancelled,1000000
1930,248,2024-09-29,completed,2800000
1931,248,2023-06-28,completed,6300000
1932,248,2024-11-17,completed,5400000
1933,248,2023-10-19,cancelled,3600000
1934,248,2023-05-26,cancelled,3500000
1935,248,2024-02-20,completed,3300000
1936,248,2024-01-27,completed,3700000
1937,249,2024-11-19,cancelled,6000000
1938,249,2023-11-18,completed,4000000
1939,249,2023-10-01,completed,4500000
1940,249,2023-10-06,completed,1500000
1941,250,2024-05-04,cancelled,500000
1942,250,2024-11-14,cancelled,4900000
1943,250,2023-02-26,completed,5200000
1944,250,2023-03-09,completed,1500000
1945,250,2023-03-24,completed,1500000
1946,251,2024-02-22,cancelled,2500000
1947,251,2024-10-19,completed,1000000
1948,251,2023-10-04,completed,4700000
1949,251,2024-02-17,cancelled,5800000
1950,251,2023-12-19,completed,1500000
1951,251,2024-10-02,cancelled,5800000
1952,251,2024-09-08,completed,3300000
1953,251,2023-07-19,completed,3400000
1954,251,2024-02-15,completed,1000000
1955,251,2023-06-18,completed,1500000
1956,252,2023-04-26,completed,13300000
1957,252,2024-01-21,completed,6000000
1958,252,2023-11-11,completed,3600000
1959,252,2024-08-15,completed,6000000
1960,252,2023-04-07,completed,3900000
1961,252,2024-07-01,completed,5400000
1962,252,2023-06-24,cancelled,1500000
1963,252,2023-06-15,completed,11100000
1964,252,2024-07-13,completed,12000000
1965,253,2023-09-06,cancelled,30000000
1966,253,2023-11-23,completed,18000000
1967,253,2024-12-20,completed,36000000
1968,253,2024-02-19,completed,8000000
1969,253,2023-05-28,completed,9000000
1970,253,2023-06-13,completed,35000000
1971,253,2024-12-04,completed,30000000
1972,253,2023-06-28,completed,12000000
1973,253,2023-02-10,completed,29000000
1974,253,2023-06-12,completed,10000000
1975,253,2024-09-11,completed,25000000
1976,254,2024-12-09,completed,4500000
1977,254,2024-07-20,completed,1000000
1978,254,2024-10-03,completed,4400000
1979,254,2024-02-04,completed,1500000
1980,254,2023-03-21,cancelled,1500000
1981,254,2024-10-04,completed,4900000
1982,254,2024-06-01,completed,2300000
1983,254,2023-02-09,cancelled,4700000
1984,254,2024-02-13,completed,2000000
1985,254,2024-11-10,cancelled,4100000
1986,254,2024-09-26,completed,5700000
1987,254,2023-12-17,cancelled,3900000
1988,255,2024-04-16,completed,14000000
1989,255,2024-10-15,completed,24000000
1990,255,2024-02-05,cancelled,18000000
1991,255,2024-08-09,cancelled,21000000
1992,255,2023-03-23,completed,23000000
1993,255,2023-12-18,completed,15000000
1994,255,2023-08-16,completed,29000000
1995,255,2024-01-10,completed,49000000
1996,255,2024-05-14,cancelled,20000000
1997,256,2023-11-10,completed,2400000
1998,256,2024-08-13,completed,1000000
1999,256,2023-06-18,completed,3900000
2000,256,2023-11-11,completed,3100000
2001,256,2024-01-10,completed,2500000
2002,256,2024-03-12,completed,3400000
2003,257,2023-10-18,cancelled,5000000
2004,257,2023-12-29,completed,26000000
2005,257,2023-05-15,cancelled,10000000
2006,257,2024-01-05,completed,26000000
2007,258,2024-03-02,completed,29000000
2008,258,2023-06-21,completed,36000000
2009,258,2023-12-14,completed,46000000
2010,258,2024-09-21,cancelled,15000000
2011,258,2024-03-14,cancelled,5000000
2012,258,2023-01-07,cancelled,3000000
2013,258,2023-11-11,completed,14000000
2014,258,2023-08-31,completed,6000000
2015,258,2023-03-12,completed,30000000
2016,259,2024-11-29,completed,27000000
2017,259,2024-05-17,completed,25000000
2018,259,2023-10-27,completed,19000000
2019,259,2024-12-21,completed,16000000
2020,259,2023-04-19,completed,18000000
2021,260,2024-10-03,completed,800000
2022,260,2023-01-09,cancelled,2600000
2023,260,2024-05-16,completed,3900000
2024,261,2023-07-05,cancelled,13600000
2025,261,2024-01-07,completed,7500000
2026,261,2024-09-25,completed,14600000
2027,261,2024-03-26,cancelled,10200000
2028,261,2023-08-09,completed,6000000
2029,262,2023-11-30,completed,9000000
2030,262,2024-02-26,cancelled,4500000
2031,262,2024-03-13,cancelled,6000000
2032,263,2023-08-30,completed,5200000
2033,263,2024-12-20,cancelled,8500000
2034,263,2023-11-12,completed,2400000
2035,263,2024-04-19,completed,8800000
2036,263,2024-08-14,cancelled,15600000
2037,263,2023-07-04,cancelled,9200000
2038,263,2024-03-26,completed,4000000
2039,264,2024-04-24,cancelled,5600000
2040,264,2024-12-25,cancelled,4700000
2041,264,2024-06-15,completed,1300000
2042,264,2024-01-09,completed,2400000
2043,264,2023-02-08,cancelled,5500000
2044,264,2024-12-03,cancelled,7200000
2045,264,2024-12-22,cancelled,3100000
2046,264,2024-07-01,completed,800000
2047,264,2023-10-12,cancelled,3400000
2048,264,2023-03-25,cancelled,3200000
2049,264,2023-12-22,cancelled,2300000
2050,264,2024-08-07,cancelled,800000
2051,265,2024-10-20,completed,9000000
2052,265,2024-06-07,completed,5500000
2053,265,2024-12-04,completed,3600000
2054,265,2023-05-29,completed,6500000
2055,265,2024-12-04,cancelled,11400000
2056,266,2023-04-28,completed,3000000
2057,266,2024-02-17,completed,14000000
2058,266,2023-05-20,completed,32000000
2059,267,2023-12-12,completed,3600000
2060,267,2024-10-28,cancelled,6600000
2061,267,2023-10-16,completed,2400000
2062,267,2024-07-25,completed,6600000
2063,267,2023-05-18,completed,9900000
2064,267,2023-12-25,completed,6000000
2065,267,2023-01-02,cancelled,9600000
2066,267,2024-08-05,completed,6000000
2067,267,2023-08-23,cancelled,1500000
2068,268,2023-07-15,completed,9700000
2069,268,2023-01-28,completed,6000000
2070,268,2023-01-27,completed,12400000
2071,268,2023-06-20,completed,4000000
2072,268,2023-03-29,completed,3000000
2073,268,2023-05-10,cancelled,4000000
2074,268,2023-11-24,completed,5600000
2075,269,2023-02-03,completed,5000000
2076,269,2024-02-20,cancelled,41000000
2077,269,2023-03-08,completed,23000000
2078,269,2023-04-19,completed,14000000
2079,269,2024-06-10,completed,12000000
2080,269,2024-07-21,completed,30000000
2081,269,2023-04-10,cancelled,16000000
2082,270,2023-02-01,cancelled,1000000
2083,270,2024-12-22,completed,500000
2084,270,2024-02-23,completed,1300000
2085,270,2023-02-18,cancelled,4100000
2086,270,2024-05-18,completed,2800000
2087,270,2023-12-24,completed,3600000
2088,270,2023-05-04,completed,1800000
2089,270,2024-03-26,cancelled,3100000
2090,270,2023-03-22,completed,1500000
2091,270,2023-05-22,completed,3100000
2092,270,2023-12-05,completed,500000
2093,270,2023-02-21,completed,4900000
2094,271,2023-08-30,completed,2400000
2095,271,2024-12-17,cancelled,3900000
2096,271,2023-09-13,completed,1000000
2097,271,2023-02-13,completed,1500000
2098,271,2024-09-04,cancelled,6400000
2099,271,2023-08-18,completed,2500000
2100,271,2024-02-29,completed,2600000
2101,271,2023-10-21,cancelled,4900000
2102,271,2023-08-27,cancelled,2900000
2103,271,2024-12-06,cancelled,4700000
2104,271,2024-09-17,completed,800000
2105,271,2023-09-28,completed,7700000
2106,272,2023-04-02,completed,7500000
2107,272,2024-11-07,completed,4500000
2108,272,2023-03-27,completed,10700000
2109,272,2024-08-24,cancelled,1200000
2110,273,2024-02-13,cancelled,7200000
2111,273,2023-05-04,completed,9600000
2112,273,2024-01-18,completed,3600000
2113,273,2023-01-27,completed,2400000
2114,273,2024-04-29,completed,3200000
2115,273,2024-02-17,completed,1200000
2116,273,2024-05-26,completed,8400000
2117,273,2024-02-06,completed,14200000
2118,273,2023-04-01,cancelled,8000000
2119,273,2024-05-21,cancelled,3600000
2120,273,2023-10-18,completed,6400000
2121,274,2024-08-17,cancelled,12000000
2122,274,2024-09-11,cancelled,11400000
2123,274,2024-07-13,completed,12500000
2124,274,2024-03-30,completed,7000000
2125,274,2023-09-06,cancelled,15000000
2126,274,2023-01-01,completed,7500000
2127,274,2023-08-22,completed,14000000
2128,274,2023-01-23,completed,1500000
2129,274,2023-08-08,cancelled,3600000
2130,274,2023-09-12,completed,2700000
2131,275,2024-02-22,cancelled,2400000
2132,275,2023-09-18,completed,1600000
2133,275,2024-12-18,completed,3200000
2134,275,2024-05-22,completed,1500000
2135,275,2023-11-22,completed,3200000
2136,275,2024-03-02,completed,1600000
2137,275,2024-05-10,cancelled,1500000
2138,275,2023-05-10,completed,1500000
2139,275,2023-01-03,cancelled,5300000
2140,275,2023-03-23,completed,5800000
2141,276,2024-07-13,completed,4000000
2142,276,2024-07-16,completed,4500000
2143,276,2023-02-20,completed,2900000
2144,276,2024-12-04,cancelled,3300000
2145,276,2024-12-12,completed,800000
2146,276,2024-03-08,completed,800000
2147,276,2024-07-04,cancelled,3600000
2148,277,2024-12-27,completed,15000000
2149,277,2023-12-02,completed,10000000
2150,277,2023-02-20,completed,15000000
2151,277,2024-01-21,cancelled,33000000
2152,277,2024-03-21,completed,22000000
2153,277,2024-01-08,completed,20000000
2154,277,2024-06-02,cancelled,6000000
2155,277,2023-05-14,completed,21000000
2156,277,2024-03-04,completed,21000000
2157,278,2023-01-10,completed,18000000
2158,278,2024-05-04,completed,27000000
2159,278,2024-12-27,cancelled,6000000
2160,279,2023-09-15,completed,9600000
2161,279,2024-05-21,cancelled,2400000
2162,279,2023-06-27,completed,8200000
2163,279,2024-02-23,cancelled,6000000
2164,279,2023-03-19,completed,1500000
2165,279,2024-06-25,completed,15000000
2166,279,2024-07-21,completed,6600000
2167,279,2023-05-11,completed,10000000
2168,279,2023-10-02,completed,9000000
2169,279,2023-03-20,completed,4200000
2170,279,2024-07-04,completed,11700000
2171,280,2024-11-11,completed,4400000
2172,280,2024-07-22,completed,5200000
2173,280,2024-11-01,completed,6000000
2174,280,2023-09-10,cancelled,16000000
2175,280,2023-07-19,completed,7600000
2176,280,2023-10-01,completed,7000000
2177,281,2024-06-11,completed,35000000
2178,281,2023-10-13,completed,20000000
2179,281,2024-01-06,completed,49000000
2180,281,2024-11-16,completed,5000000
2181,282,2024-06-08,completed,39000000
2182,282,2024-12-08,completed,35000000
2183,282,2024-04-05,completed,26000000
2184,282,2024-01-26,completed,15000000
2185,282,2024-10-26,completed,16000000
2186,282,2024-11-06,completed,6000000
2187,282,2023-06-10,cancelled,20000000
2188,282,2024-06-11,cancelled,10000000
2189,282,2023-05-05,completed,5000000
2190,282,2023-06-29,cancelled,5000000
2191,282,2024-12-09,completed,39000000
2192,283,2024-11-23,completed,14000000
2193,283,2023-08-29,cancelled,20000000
2194,283,2024-10-18,cancelled,6000000
2195,283,2023-10-10,completed,11000000
2196,283,2024-08-25,completed,5000000
2197,283,2023-01-18,completed,30000000
2198,283,2023-12-06,completed,10000000
2199,283,2024-11-15,completed,20000000
2200,283,2023-03-30,completed,16000000
2201,283,2023-04-13,completed,28000000
2202,283,2023-07-19,completed,16000000
2203,284,2024-08-01,completed,11000000
2204,284,2024-07-06,completed,10000000
2205,284,2024-11-29,completed,39000000
2206,284,2023-03-21,completed,18000000
2207,284,2024-01-03,completed,15000000
2208,284,2023-01-06,cancelled,16000000
2209,284,2024-01-05,completed,16000000
2210,284,2023-05-22,completed,30000000
2211,284,2023-10-15,completed,21000000
2212,284,2023-03-18,completed,26000000
2213,284,2023-12-21,completed,24000000
2214,284,2024-08-14,completed,30000000
2215,285,2023-08-13,cancelled,3100000
2216,285,2024-04-15,completed,2600000
2217,285,2024-05-30,completed,3600000
2218,285,2024-10-29,cancelled,3200000
2219,285,2023-09-26,completed,1800000
2220,285,2024-07-09,cancelled,2900000
2221,285,2023-03-02,cancelled,500000
2222,285,2023-04-29,completed,1500000
2223,285,2024-04-19,cancelled,2400000
2224,286,2023-11-19,completed,9000000
2225,286,2024-01-07,completed,17000000
2226,286,2024-11-27,completed,46000000
2227,286,2023-12-02,completed,18000000
2228,287,2024-08-30,completed,6000000
2229,287,2024-04-28,cancelled,13700000
2230,287,2024-06-11,cancelled,13200000
2231,287,2023-08-07,cancelled,1200000
2232,287,2023-09-22,completed,7600000
2233,287,2023-08-16,completed,2400000
2234,287,2023-08-07,cancelled,9000000
2235,287,2023-09-05,completed,6400000
2236,287,2024-07-12,completed,16000000
2237,288,2023-07-19,completed,8000000
2238,288,2024-10-07,cancelled,9700000
2239,288,2023-02-18,completed,3000000
2240,288,2023-10-11,completed,10900000
2241,288,2023-07-07,completed,4500000
2242,288,2023-12-08,cancelled,6500000
2243,288,2024-10-06,completed,3600000
2244,288,2023-04-15,cancelled,1500000
2245,288,2023-04-13,completed,13300000
2246,288,2024-11-29,completed,5200000
2247,288,2024-01-15,cancelled,9500000
2248,289,2023-01-01,cancelled,13000000
2249,289,2023-11-18,cancelled,13000000
2250,289,2024-03-03,cancelled,3000000
2251,289,2023-11-24,completed,25000000
2252,289,2024-11-01,completed,25000000
2253,290,2023-04-13,cancelled,4500000
2254,290,2024-09-01,completed,10200000
2255,290,2024-11-13,cancelled,1500000
2256,290,2023-01-10,cancelled,10800000
2257,290,2023-11-08,cancelled,2000000
2258,290,2024-12-07,cancelled,2000000
2259,290,2023-10-12,completed,2000000
2260,290,2024-06-02,completed,5400000
2261,290,2024-10-31,completed,5700000
2262,290,2024-12-03,completed,4000000
2263,291,2024-05-13,completed,15000000
2264,291,2024-08-07,completed,5000000
2265,291,2024-03-25,completed,15000000
2266,291,2024-05-05,completed,20000000
2267,291,2024-08-06,cancelled,40000000
2268,291,2023-08-19,completed,33000000
2269,291,2023-01-12,completed,11000000
2270,291,2023-07-08,completed,38000000
2271,291,2023-06-03,completed,11000000
2272,292,2024-08-08,completed,35000000
2273,292,2023-09-06,completed,5000000
2274,292,2024-03-30,completed,19000000
2275,293,2024-04-12,completed,11700000
2276,293,2024-02-09,completed,3900000
2277,293,2024-12-11,completed,6900000
2278,293,2024-12-12,completed,2400000
2279,293,2023-12-19,cancelled,8100000
2280,293,2023-01-07,completed,10800000
2281,293,2024-06-21,cancelled,13500000
2282,293,2024-08-02,completed,1200000
2283,294,2024-07-02,completed,15000000
2284,294,2023-11-17,completed,34000000
2285,294,2023-02-21,cancelled,28000000
2286,294,2024-12-17,completed,15000000
2287,294,2023-06-08,completed,34000000
2288,294,2024-06-10,completed,24000000
2289,295,2023-05-19,completed,2100000
2290,295,2023-10-13,completed,3900000
2291,295,2024-03-07,cancelled,6300000
2292,295,2023-07-20,completed,3200000
2293,295,2024-10-11,completed,1000000
2294,295,2024-12-13,completed,2400000
2295,296,2024-12-13,cancelled,2500000
2296,296,2023-07-18,completed,3100000
2297,296,2024-02-21,completed,1300000
2298,296,2024-09-01,completed,3900000
2299,296,2023-03-14,completed,3900000
2300,297,2024-04-25,completed,5000000
2301,297,2024-06-27,completed,6000000
2302,297,2024-07-08,cancelled,15000000
2303,297,2024-02-01,completed,14000000
2304,298,2024-05-13,completed,1600000
2305,298,2024-01-13,cancelled,5000000
2306,298,2023-08-28,completed,2100000
2307,298,2023-03-03,completed,4000000
2308,298,2023-07-21,completed,4000000
2309,298,2023-11-06,completed,3700000
2310,298,2023-05-31,completed,7900000
2311,298,2023-06-04,completed,2400000
2312,298,2024-08-31,cancelled,2400000
2313,299,2024-02-22,completed,3000000
2314,299,2024-09-07,completed,5100000
2315,299,2023-10-16,cancelled,3400000
2316,299,2023-02-28,completed,1300000
2317,299,2023-02-05,cancelled,1300000
2318,299,2024-12-24,cancelled,5800000
2319,299,2023-10-01,completed,6200000
2320,299,2024-12-30,cancelled,5500000
2321,299,2023-07-24,completed,3200000
2322,299,2023-10-05,completed,4800000
2323,299,2024-12-15,cancelled,6400000
2324,299,2023-03-31,cancelled,2500000
2325,300,2023-11-27,cancelled,10500000
2326,300,2023-11-06,cancelled,2700000
2327,300,2023-01-14,completed,6000000
2328,300,2024-01-30,completed,8700000
2329,300,2023-06-11,cancelled,3000000
2330,301,2023-11-13,completed,1600000
2331,301,2023-08-14,completed,4900000
2332,301,2024-05-22,cancelled,1800000
2333,301,2023-03-23,completed,5200000
2334,301,2023-06-30,completed,5400000
2335,301,2024-10-20,cancelled,1500000
2336,301,2024-06-25,completed,3000000
2337,301,2024-08-14,completed,3000000
2338,302,2024-10-06,completed,2400000
2339,302,2024-01-12,completed,500000
2340,302,2023-06-05,completed,4000000
2341,303,2024-11-09,cancelled,2100000
2342,303,2023-01-28,completed,2300000
2343,303,2023-08-11,cancelled,1600000
2344,303,2023-06-18,cancelled,1000000
2345,303,2024-01-23,completed,5800000
2346,303,2024-10-22,completed,6200000
2347,303,2023-08-29,completed,3400000
2348,303,2024-09-22,completed,2100000
2349,303,2023-08-16,cancelled,1300000
2350,303,2024-03-09,completed,3400000
2351,304,2024-06-07,completed,2300000
2352,304,2023-05-08,completed,1600000
2353,304,2024-07-20,completed,3400000
2354,305,2024-12-25,cancelled,3100000
2355,305,2023-11-29,completed,2100000
2356,305,2023-06-15,cancelled,1500000
2357,305,2023-04-19,cancelled,2800000
2358,305,2024-07-27,cancelled,3900000
2359,305,2024-12-02,completed,1500000
2360,305,2024-01-22,completed,1800000
2361,305,2024-10-12,cancelled,4800000
2362,305,2024-06-28,completed,5100000
2363,306,2023-11-09,cancelled,2800000
2364,306,2023-03-15,completed,2300000
2365,306,2023-08-23,completed,3300000
2366,306,2023-02-16,completed,4400000
2367,306,2023-03-30,completed,3900000
2368,306,2024-08-06,cancelled,2400000
2369,306,2024-01-20,completed,3000000
2370,306,2023-07-09,completed,500000
2371,306,2023-06-22,completed,3000000
2372,306,2024-05-23,completed,800000
2373,306,2023-07-26,completed,4900000
2374,307,2024-06-19,completed,800000
2375,307,2024-05-10,completed,2100000
2376,307,2023-01-29,completed,6400000
2377,307,2024-03-06,completed,3000000
2378,307,2023-07-27,completed,1500000
2379,307,2023-12-03,completed,2400000
2380,307,2024-08-15,completed,1600000
2381,307,2024-08-23,completed,1000000
2382,307,2024-01-23,completed,4000000
2383,307,2023-05-24,completed,5100000
2384,307,2024-08-30,completed,2600000
2385,307,2023-02-04,completed,4000000
2386,308,2023-02-08,completed,40000000
2387,308,2024-08-02,completed,18000000
2388,308,2023-02-20,completed,34000000
2389,308,2023-07-31,completed,12000000
2390,308,2024-06-21,completed,25000000
2391,308,2023-12-05,cancelled,18000000
2392,309,2023-03-16,cancelled,24000000
2393,309,2024-08-06,cancelled,18000000
2394,309,2024-12-23,cancelled,25000000
2395,309,2023-10-19,completed,30000000
2396,309,2023-06-25,completed,15000000
2397,309,2024-03-06,completed,60000000
2398,309,2023-10-04,completed,20000000
2399,310,2024-12-08,completed,4000000
2400,310,2024-02-27,completed,3800000
2401,310,2023-11-08,completed,800000
2402,311,2024-08-03,completed,1200000
2403,311,2023-12-31,completed,2000000
2404,311,2024-04-17,completed,15100000
2405,311,2024-04-27,cancelled,13000000
2406,311,2023-03-12,completed,12400000
2407,311,2023-03-28,completed,6700000
2408,312,2024-11-17,completed,5000000
2409,312,2024-04-13,completed,20000000
2410,312,2024-08-16,completed,44000000
2411,312,2024-08-05,cancelled,38000000
2412,312,2023-04-02,completed,28000000
2413,313,2023-03-01,completed,3300000
2414,313,2023-12-13,completed,2500000
2415,313,2023-06-06,completed,1000000
2416,313,2024-08-10,cancelled,1300000
2417,313,2023-08-24,completed,2600000
2418,313,2024-12-09,completed,5000000
2419,313,2023-12-22,cancelled,3700000
2420,313,2023-06-27,completed,2800000
2421,314,2024-05-14,completed,5000000
2422,314,2023-05-15,completed,26000000
2423,314,2023-06-16,cancelled,9000000
2424,314,2024-01-18,completed,32000000
2425,314,2024-12-08,completed,20000000
2426,314,2023-02-21,completed,19000000
2427,314,2024-11-24,completed,13000000
2428,315,2024-09-05,completed,5600000
2429,315,2023-05-31,cancelled,5300000
2430,315,2024-08-10,cancelled,800000
2431,315,2023-04-13,completed,500000
2432,315,2024-04-13,cancelled,800000
2433,315,2024-12-14,completed,6400000
2434,315,2024-05-11,completed,2400000
2435,315,2024-09-04,completed,2400000
2436,316,2023-09-15,completed,20000000
2437,316,2023-06-26,completed,24000000
2438,316,2023-10-24,completed,10000000
2439,316,2024-11-26,completed,28000000
2440,316,2023-01-02,completed,15000000
2441,316,2023-01-19,completed,28000000
2442,316,2024-01-19,completed,35000000
2443,316,2023-09-21,completed,19000000
2444,316,2024-09-04,completed,24000000
2445,316,2024-01-03,completed,6000000
2446,316,2024-02-13,completed,3000000
2447,316,2023-05-18,completed,24000000
2448,317,2024-02-25,completed,30000000
2449,317,2024-02-16,completed,11000000
2450,317,2023-06-26,cancelled,19000000
2451,317,2024-03-17,completed,33000000
2452,317,2023-04-10,completed,3000000
2453,317,2023-02-11,completed,18000000
2454,317,2023-03-27,completed,8000000
2455,317,2024-01-17,completed,9000000
2456,318,2024-03-21,completed,10400000
2457,318,2024-07-04,completed,9300000
2458,318,2024-05-29,cancelled,15000000
2459,318,2023-09-08,cancelled,12900000
2460,318,2024-02-16,completed,12300000
2461,319,2023-04-25,completed,21000000
2462,319,2024-09-18,completed,15000000
2463,319,2024-08-04,cancelled,5000000
2464,319,2024-04-27,cancelled,37000000
2465,319,2024-08-31,cancelled,39000000
2466,320,2024-10-29,completed,8000000
2467,320,2024-03-18,completed,9000000
2468,320,2023-06-22,completed,3000000
2469,320,2023-07-21,completed,13000000
2470,321,2023-12-01,cancelled,25000000
2471,321,2024-07-17,completed,36000000
2472,321,2024-08-01,cancelled,5000000
2473,322,2024-02-12,completed,13200000
2474,322,2023-07-31,cancelled,11500000
2475,322,2024-02-22,cancelled,3600000
2476,322,2023-12-11,completed,9500000
2477,322,2023-03-18,completed,7200000
2478,322,2023-04-12,completed,7000000
2479,322,2023-03-06,completed,9600000
2480,322,2024-05-08,completed,3600000
2481,322,2024-10-06,completed,7500000
2482,322,2024-10-31,cancelled,6000000
2483,323,2024-04-23,completed,30000000
2484,323,2024-06-30,completed,18000000
2485,323,2023-06-04,completed,33000000
2486,323,2023-04-07,completed,22000000
2487,323,2024-11-18,completed,6000000
2488,324,2024-08-16,cancelled,6000000
2489,324,2023-10-02,completed,30000000
2490,324,2023-11-08,completed,37000000
2491,324,2024-12-03,completed,34000000
2492,324,2023-03-19,cancelled,24000000
2493,325,2023-04-26,completed,8500000
2494,325,2023-12-18,completed,3000000
2495,325,2024-08-21,completed,13000000
2496,325,2024-02-08,cancelled,4500000
2497,325,2023-06-17,completed,10500000
2498,325,2024-07-01,cancelled,8000000
2499,325,2023-01-01,completed,9000000
2500,326,2024-07-18,completed,6300000
2501,326,2024-04-02,cancelled,800000
2502,326,2023-01-01,completed,5400000
2503,326,2024-09-02,completed,2400000
2504,326,2023-04-10,completed,3400000
2505,326,2023-10-29,completed,1500000
2506,326,2023-01-20,completed,4500000
2507,326,2024-12-05,completed,3200000
2508,326,2023-09-16,completed,1000000
2509,326,2024-11-12,completed,5200000
2510,326,2023-05-10,completed,4100000
2511,327,2023-07-05,completed,10000000
2512,327,2024-10-12,completed,22000000
2513,327,2023-11-07,completed,22000000
2514,327,2023-08-26,completed,16000000
2515,327,2023-12-23,completed,30000000
2516,328,2024-02-08,completed,2700000
2517,328,2024-04-28,completed,9000000
2518,328,2023-10-05,completed,7500000
2519,328,2023-11-25,completed,4500000
2520,328,2023-12-21,completed,9000000
2521,328,2024-04-04,completed,9000000
2522,329,2024-04-03,completed,4200000
2523,329,2023-11-01,completed,3900000
2524,329,2024-08-07,completed,4100000
2525,329,2024-06-06,completed,1300000
2526,329,2023-03-12,completed,4800000
2527,329,2024-03-13,cancelled,6800000
2528,329,2023-03-11,completed,1500000
2529,330,2024-03-21,completed,1600000
2530,330,2024-03-31,completed,5400000
2531,330,2024-06-08,completed,1600000
2532,330,2024-05-04,completed,4900000
2533,330,2023-06-16,completed,6500000
2534,330,2024-01-21,completed,5200000
2535,330,2023-04-25,completed,2300000
2536,330,2024-12-01,completed,2300000
2537,330,2024-11-10,completed,3900000
2538,330,2023-11-01,completed,4900000
2539,330,2024-12-28,completed,3000000
2540,331,2023-03-15,completed,44000000
2541,331,2024-07-07,completed,38000000
2542,331,2023-04-12,cancelled,16000000
2543,331,2023-06-13,completed,42000000
2544,331,2024-03-20,cancelled,5000000
2545,332,2023-09-09,completed,12900000
2546,332,2024-08-09,completed,7200000
2547,332,2023-11-20,completed,13500000
2548,332,2024-05-31,completed,3600000
2549,332,2023-01-13,cancelled,6300000
2550,332,2024-02-09,completed,1200000
2551,332,2024-08-21,completed,8100000
2552,332,2023-11-11,completed,12600000
2553,332,2024-06-27,completed,4500000
2554,332,2023-02-13,completed,1200000
2555,332,2024-04-17,completed,3000000
2556,332,2024-06-27,completed,15900000
2557,333,2023-09-09,completed,2300000
2558,333,2024-07-11,completed,3900000
2559,333,2024-01-20,completed,4900000
2560,333,2024-11-26,completed,3400000
2561,333,2024-04-12,completed,3900000
2562,333,2023-01-05,completed,2400000
2563,333,2023-09-19,completed,5300000
2564,333,2023-07-29,completed,2600000
2565,333,2024-11-16,completed,800000
2566,333,2023-08-08,completed,3200000
2567,333,2024-06-05,cancelled,4000000
2568,333,2023-10-05,completed,2000000
2569,334,2024-02-26,completed,1600000
2570,334,2023-09-24,completed,2400000
2571,334,2024-06-01,completed,5000000
2572,334,2024-12-24,completed,4700000
2573,334,2023-09-30,cancelled,1500000
2574,334,2024-03-11,cancelled,800000
2575,334,2024-01-28,cancelled,3100000
2576,334,2023-11-09,cancelled,2400000
2577,334,2024-05-20,completed,4500000
2578,334,2024-05-01,completed,4000000
2579,334,2023-12-24,completed,4000000
2580,334,2023-09-26,completed,3200000
2581,335,2024-04-06,completed,10000000
2582,335,2023-03-09,completed,45000000
2583,335,2023-09-03,cancelled,5000000
2584,335,2024-09-28,completed,18000000
2585,335,2024-04-21,completed,27000000
2586,335,2023-03-22,cancelled,18000000
2587,335,2023-01-15,completed,8000000
2588,335,2024-09-28,completed,16000000
2589,336,2023-08-09,completed,3000000
2590,336,2024-04-04,completed,6000000
2591,336,2023-02-02,completed,20000000
2592,336,2023-03-13,completed,25000000
2593,336,2023-12-14,completed,15000000
2594,336,2024-07-30,cancelled,6000000
2595,336,2023-08-10,completed,5000000
2596,336,2023-02-05,completed,8000000
2597,336,2024-01-25,completed,24000000
2598,337,2024-02-22,cancelled,12200000
2599,337,2023-03-12,completed,2400000
2600,337,2023-09-08,completed,4200000
2601,337,2023-05-15,completed,3000000
2602,337,2023-07-05,completed,12500000
2603,337,2024-08-20,completed,11900000
2604,337,2023-12-28,completed,2400000
2605,338,2023-11-04,completed,1500000
2606,338,2023-12-20,cancelled,5500000
2607,338,2023-04-25,completed,3200000
2608,338,2024-07-03,completed,500000
2609,338,2024-07-07,cancelled,5400000
2610,338,2024-02-28,completed,4700000
2611,338,2023-10-03,completed,3700000
2612,338,2023-04-01,cancelled,2400000
2613,338,2023-02-03,completed,1600000
2614,338,2024-08-07,completed,4000000
2615,338,2023-07-22,cancelled,2500000
2616,338,2023-10-03,completed,2000000
2617,339,2024-02-25,completed,4500000
2618,339,2023-06-01,cancelled,2300000
2619,339,2023-08-12,completed,500000
2620,339,2024-01-21,completed,4900000
2621,339,2023-01-05,completed,500000
2622,339,2024-02-20,cancelled,2400000
2623,339,2023-04-05,completed,2400000
2624,339,2024-04-12,completed,4800000
2625,339,2023-03-26,cancelled,3500000
2626,339,2023-02-11,completed,3600000
2627,339,2023-09-08,cancelled,800000
2628,340,2023-03-29,completed,11700000
2629,340,2023-11-13,completed,1200000
2630,340,2024-11-11,completed,5600000
2631,340,2023-11-26,completed,9000000
2632,340,2023-06-01,completed,1500000
2633,340,2023-10-01,cancelled,1500000
2634,340,2024-12-24,cancelled,3600000
2635,340,2024-06-03,completed,6900000
2636,340,2023-10-23,cancelled,4200000
2637,340,2023-02-04,completed,3000000
2638,340,2023-11-29,cancelled,9300000
2639,341,2023-11-16,completed,13000000
2640,341,2023-03-31,completed,9000000
2641,341,2024-07-18,completed,15000000
2642,341,2024-03-04,cancelled,15000000
2643,341,2023-12-21,completed,24000000
2644,341,2024-09-08,completed,10000000
2645,341,2023-01-25,completed,14000000
2646,341,2023-01-31,completed,8000000
2647,341,2024-10-04,completed,27000000
2648,342,2024-05-24,completed,34000000
2649,342,2023-11-09,completed,13000000
2650,342,2023-11-04,completed,5000000
2651,343,2023-08-31,completed,5900000
2652,343,2023-12-25,completed,3700000
2653,343,2023-05-10,cancelled,2600000
2654,343,2023-01-04,completed,4300000
2655,343,2023-03-20,cancelled,5600000
2656,343,2023-10-04,cancelled,3400000
2657,343,2024-11-09,completed,1500000
2658,343,2023-01-16,completed,1500000
2659,344,2024-05-09,cancelled,8000000
2660,344,2023-11-17,cancelled,13000000
2661,344,2023-11-11,completed,40000000
2662,344,2024-09-11,completed,21000000
2663,344,2024-11-06,completed,23000000
2664,344,2023-07-20,completed,15000000
2665,344,2023-09-13,completed,28000000
2666,344,2023-03-08,completed,28000000
2667,344,2023-01-19,completed,5000000
2668,344,2023-07-06,completed,24000000
2669,344,2023-01-31,completed,29000000
2670,344,2023-04-13,completed,32000000
2671,345,2024-09-29,completed,3000000
2672,345,2023-10-10,completed,5000000
2673,345,2024-05-01,cancelled,12000000
2674,345,2024-05-23,completed,29000000
2675,345,2023-06-09,cancelled,33000000
2676,345,2023-02-22,completed,28000000
2677,345,2024-06-20,completed,16000000
2678,345,2023-12-12,completed,3000000
2679,345,2023-06-20,completed,34000000
2680,345,2024-04-24,completed,25000000
2681,345,2023-06-08,completed,30000000
2682,345,2024-01-29,completed,26000000
2683,346,2023-01-08,completed,30000000
2684,346,2024-04-21,cancelled,5000000
2685,346,2023-06-23,completed,16000000
2686,346,2023-06-16,cancelled,10000000
2687,347,2023-02-08,cancelled,43000000
2688,347,2023-12-27,cancelled,25000000
2689,347,2023-01-21,completed,36000000
2690,347,2024-01-09,completed,14000000
2691,347,2024-02-21,cancelled,13000000
2692,347,2023-01-05,completed,3000000
2693,347,2023-02-17,cancelled,18000000
2694,347,2024-12-20,completed,9000000
2695,347,2023-08-16,completed,29000000
2696,347,2023-04-20,completed,5000000
2697,347,2023-08-23,completed,6000000
2698,347,2024-01-22,completed,29000000
2699,348,2023-08-25,completed,2900000
2700,348,2023-05-02,cancelled,4200000
2701,348,2023-06-09,completed,3100000
2702,348,2023-03-20,cancelled,3400000
2703,348,2024-08-29,completed,6800000
2704,348,2024-11-18,cancelled,4400000
2705,349,2023-06-07,completed,4200000
2706,349,2024-04-24,completed,2100000
2707,349,2024-04-19,completed,6600000
2708,350,2023-08-10,completed,7500000
2709,350,2023-10-31,cancelled,12100000
2710,350,2024-04-15,completed,10500000
2711,351,2023-07-10,completed,16000000
2712,351,2024-01-22,completed,19000000
2713,351,2023-12-13,completed,27000000
2714,351,2024-05-31,cancelled,6000000
2715,351,2024-11-18,completed,45000000
2716,351,2023-06-30,completed,25000000
2717,351,2024-09-10,cancelled,35000000
2718,351,2023-03-27,cancelled,29000000
2719,351,2023-09-21,cancelled,35000000
2720,351,2023-11-26,completed,15000000
2721,352,2024-04-19,completed,10600000
2722,352,2023-01-29,completed,9200000
2723,352,2023-05-14,completed,3200000
2724,352,2024-10-20,completed,1200000
2725,352,2024-04-20,cancelled,14500000
2726,352,2023-04-20,completed,4000000
2727,352,2024-07-10,completed,7900000
2728,352,2023-06-29,cancelled,13200000
2729,352,2023-07-03,completed,12000000
2730,352,2023-01-15,completed,6200000
2731,352,2024-07-13,completed,4000000
2732,352,2023-01-20,cancelled,2400000
2733,353,2024-04-01,cancelled,4000000
2734,353,2024-12-02,completed,3000000
2735,353,2023-08-02,completed,9700000
2736,353,2023-10-13,cancelled,13100000
2737,353,2023-08-16,cancelled,6000000
2738,353,2024-02-12,cancelled,7500000
2739,354,2024-09-22,completed,2100000
2740,354,2024-12-18,completed,4100000
2741,354,2024-10-29,completed,5000000
2742,354,2024-04-09,cancelled,3900000
2743,354,2024-05-15,completed,3700000
2744,354,2023-01-03,completed,6300000
2745,354,2024-08-01,cancelled,3200000
2746,354,2023-06-19,completed,1000000
2747,355,2023-09-01,completed,5900000
2748,355,2023-12-23,cancelled,2400000
2749,355,2023-01-07,cancelled,4200000
2750,355,2023-02-11,completed,8100000
2751,355,2023-08-20,cancelled,10500000
2752,355,2023-02-04,completed,11700000
2753,355,2023-09-09,completed,5400000
2754,356,2024-03-12,completed,10000000
2755,356,2024-07-05,cancelled,10000000
2756,356,2023-10-03,cancelled,3000000
2757,356,2024-08-16,completed,33000000
2758,356,2023-05-01,completed,30000000
2759,356,2023-01-16,completed,28000000
2760,356,2023-04-11,completed,19000000
2761,356,2024-05-08,completed,29000000
2762,356,2024-02-13,completed,5000000
2763,356,2024-09-27,completed,36000000
2764,356,2023-11-19,cancelled,11000000
2765,356,2024-12-23,completed,27000000
2766,357,2023-05-23,completed,4000000
2767,357,2023-02-20,completed,9800000
2768,357,2023-09-15,cancelled,5600000
2769,357,2024-07-12,completed,12900000
2770,357,2024-08-27,completed,4000000
2771,357,2024-05-09,completed,12200000
2772,358,2024-03-16,completed,8700000
2773,358,2023-10-24,cancelled,7500000
2774,358,2024-10-13,completed,9300000
2775,358,2023-11-25,completed,9300000
2776,358,2024-08-21,cancelled,7200000
2777,358,2023-11-23,completed,3600000
2778,358,2024-07-22,completed,3600000
2779,358,2023-12-28,completed,11100000
2780,358,2023-07-04,completed,1200000
2781,358,2023-09-09,cancelled,2400000
2782,358,2024-08-06,completed,1200000
2783,359,2024-02-08,completed,26000000
2784,359,2024-01-05,completed,9000000
2785,359,2023-01-20,completed,5000000
2786,359,2023-03-28,completed,15000000
2787,359,2023-05-18,completed,31000000
2788,359,2024-06-25,completed,33000000
2789,359,2023-02-26,completed,20000000
2790,359,2023-11-30,completed,6000000
2791,359,2024-03-11,completed,12000000
2792,360,2023-01-13,completed,25000000
2793,360,2024-02-03,completed,16000000
2794,360,2024-02-02,completed,36000000
2795,360,2023-07-04,completed,6000000
2796,361,2024-04-29,completed,18000000
2797,361,2024-05-21,completed,8000000
2798,361,2023-06-22,completed,20000000
2799,361,2024-05-23,completed,31000000
2800,362,2023-09-19,completed,500000
2801,362,2023-10-28,cancelled,3900000
2802,362,2023-05-21,completed,1000000
2803,362,2023-06-27,completed,4500000
2804,362,2023-12-12,completed,4800000
2805,362,2023-08-29,completed,800000
2806,362,2023-08-14,completed,1600000
2807,362,2023-02-21,completed,6100000
2808,362,2024-02-10,completed,2400000
2809,362,2024-10-29,cancelled,4800000
2810,362,2024-04-23,completed,3700000
2811,362,2024-06-13,completed,500000
2812,363,2024-12-13,completed,3000000
2813,363,2023-11-12,completed,30000000
2814,363,2024-01-08,completed,11000000
2815,363,2024-03-11,completed,13000000
2816,363,2024-11-12,completed,14000000
2817,363,2023-07-07,completed,27000000
2818,363,2024-10-24,completed,16000000
2819,363,2023-07-30,completed,13000000
2820,363,2024-12-11,completed,27000000
2821,363,2023-01-23,cancelled,17000000
2822,364,2024-12-12,completed,24000000
2823,364,2024-02-16,completed,19000000
2824,364,2024-08-14,cancelled,10000000
2825,364,2023-07-16,cancelled,30000000
2826,365,2024-11-20,cancelled,11000000
2827,365,2024-07-29,completed,16000000
2828,365,2023-01-07,completed,20000000
2829,365,2024-12-13,completed,8000000
2830,366,2024-12-04,cancelled,3000000
2831,366,2023-10-17,completed,17000000
2832,366,2024-07-05,completed,6000000
2833,366,2024-09-13,completed,22000000
2834,366,2023-09-09,cancelled,18000000
2835,366,2023-03-19,completed,6000000
2836,366,2023-01-06,completed,20000000
2837,367,2024-08-16,cancelled,800000
2838,367,2024-01-24,completed,4500000
2839,367,2023-12-03,completed,2500000
2840,367,2023-02-19,completed,1500000
2841,367,2023-03-09,completed,5400000
2842,367,2024-06-23,completed,1500000
2843,367,2024-04-13,completed,4000000
2844,367,2024-03-05,completed,5400000
2845,367,2024-02-20,completed,2400000
2846,367,2023-05-17,cancelled,2300000
2847,367,2024-04-12,completed,2600000
2848,368,2023-11-30,cancelled,12800000
2849,368,2023-09-17,completed,10900000
2850,368,2023-06-16,completed,5500000
2851,368,2024-04-14,completed,1200000
2852,368,2023-09-30,completed,15000000
2853,368,2023-11-22,completed,5700000
2854,369,2024-12-17,completed,28000000
2855,369,2024-06-06,completed,6000000
2856,369,2024-08-06,completed,26000000
2857,369,2023-08-25,completed,49000000
2858,370,2024-08-18,completed,43000000
2859,370,2023-06-19,cancelled,15000000
2860,370,2024-03-02,completed,43000000
2861,370,2024-09-07,completed,30000000
2862,370,2024-07-15,completed,31000000
2863,370,2024-04-06,completed,24000000
2864,370,2024-06-19,cancelled,23000000
2865,370,2023-12-02,completed,20000000
2866,371,2023-01-05,cancelled,9000000
2867,371,2024-11-05,completed,12200000
2868,371,2024-11-08,completed,3000000
2869,372,2023-03-14,completed,1500000
2870,372,2024-08-11,completed,8500000
2871,372,2024-08-28,completed,18000000
2872,372,2023-05-19,completed,4000000
2873,372,2024-12-27,completed,6000000
2874,372,2023-12-11,cancelled,6000000
2875,372,2024-05-11,cancelled,13500000
2876,372,2024-07-26,cancelled,13100000
2877,372,2024-10-26,cancelled,9100000
2878,372,2023-01-05,completed,7500000
2879,372,2024-06-22,completed,14500000
2880,372,2023-10-25,cancelled,3000000
2881,373,2023-11-11,completed,1500000
2882,373,2023-08-19,cancelled,2500000
2883,373,2024-09-25,completed,2800000
2884,373,2023-12-25,completed,4400000
2885,373,2024-08-20,completed,1500000
2886,373,2024-05-10,completed,4600000
2887,374,2023-10-21,completed,1000000
2888,374,2023-01-27,completed,3900000
2889,374,2023-03-20,cancelled,1600000
2890,374,2024-10-06,completed,2100000
2891,374,2024-08-30,completed,3100000
2892,374,2023-12-29,completed,2300000
2893,374,2024-04-07,completed,6800000
2894,374,2023-01-03,completed,1500000
2895,374,2023-01-13,completed,4000000
2896,374,2024-12-29,completed,1600000
2897,375,2024-01-27,completed,2000000
2898,375,2024-07-11,completed,5500000
2899,375,2023-01-13,completed,3400000
2900,375,2024-03-23,completed,2100000
2901,375,2023-05-16,completed,3100000
2902,375,2023-01-22,completed,1000000
2903,375,2024-06-01,completed,5200000
2904,375,2024-07-07,cancelled,2100000
2905,375,2023-07-24,completed,2400000
2906,375,2023-10-10,completed,1600000
2907,375,2024-02-13,completed,800000
2908,375,2024-02-17,completed,6100000
2909,376,2024-05-03,cancelled,12000000
2910,376,2024-05-06,completed,6000000
2911,376,2024-11-26,cancelled,3900000
2912,376,2023-03-07,completed,3600000
2913,376,2023-09-07,completed,13400000
2914,376,2024-08-13,completed,3000000
2915,376,2023-01-14,completed,14500000
2916,376,2023-01-07,completed,10500000
2917,376,2023-09-02,completed,2400000
2918,376,2024-06-27,cancelled,4500000
2919,377,2023-09-30,cancelled,1200000
2920,377,2023-08-10,completed,1200000
2921,377,2023-08-31,completed,8400000
2922,377,2023-06-11,completed,14100000
2923,377,2023-07-11,cancelled,1200000
2924,377,2024-09-30,completed,12900000
2925,377,2023-10-07,cancelled,5500000
2926,377,2023-10-20,completed,9700000
2927,377,2023-01-17,completed,3600000
2928,378,2023-12-23,completed,3200000
2929,378,2024-02-12,cancelled,2900000
2930,378,2024-12-03,completed,1000000
2931,378,2023-02-23,completed,5200000
2932,378,2023-02-01,completed,3100000
2933,378,2023-07-21,completed,1000000
2934,378,2023-01-28,completed,3400000
2935,378,2024-10-12,cancelled,4400000
2936,378,2023-02-25,completed,5300000
2937,379,2024-03-28,completed,15000000
2938,379,2023-09-28,completed,23000000
2939,379,2023-11-23,completed,15000000
2940,379,2023-03-23,cancelled,46000000
2941,379,2024-02-19,completed,31000000
2942,379,2023-09-28,completed,26000000
2943,379,2024-12-11,completed,33000000
2944,380,2023-01-27,completed,11500000
2945,380,2023-08-06,cancelled,8000000
2946,380,2024-02-19,completed,2000000
2947,380,2023-05-17,completed,7000000
2948,380,2024-08-30,completed,9500000
2949,381,2023-12-13,completed,1500000
2950,381,2023-07-06,completed,2400000
2951,381,2023-01-01,completed,3500000
2952,381,2023-10-28,completed,9500000
2953,381,2023-01-10,cancelled,11400000
2954,381,2023-10-03,completed,6000000
2955,381,2024-08-05,completed,2000000
2956,381,2023-08-15,completed,4500000
2957,381,2023-10-19,cancelled,5700000
2958,381,2023-07-08,cancelled,12600000
2959,381,2024-05-19,completed,10700000
2960,382,2023-11-02,completed,2400000
2961,382,2024-07-25,completed,5400000
2962,382,2023-06-23,completed,6000000
2963,382,2024-12-26,completed,1500000
2964,382,2023-10-04,completed,12500000
2965,382,2023-01-03,cancelled,6200000
2966,382,2024-12-24,completed,12400000
2967,382,2023-03-14,completed,10500000
2968,382,2024-12-16,cancelled,20100000
2969,383,2024-09-04,cancelled,33000000
2970,383,2024-03-13,completed,31000000
2971,383,2024-03-02,cancelled,21000000
2972,383,2023-08-16,cancelled,18000000
2973,383,2023-04-14,completed,15000000
2974,383,2023-04-17,completed,19000000
2975,383,2023-07-06,completed,34000000
2976,384,2024-05-24,completed,2600000
2977,384,2024-12-13,completed,2900000
2978,384,2024-10-26,completed,6400000
2979,384,2024-12-15,completed,3900000
2980,384,2024-02-15,completed,5600000
2981,384,2024-09-30,completed,4400000
2982,384,2024-02-09,cancelled,1500000
2983,385,2024-08-10,cancelled,3600000
2984,385,2023-01-08,completed,4000000
2985,385,2023-10-12,completed,4400000
2986,386,2023-10-09,completed,10000000
2987,386,2023-12-12,completed,33000000
2988,386,2023-11-29,completed,16000000
2989,386,2024-06-08,completed,29000000
2990,386,2023-08-27,cancelled,35000000
2991,386,2023-01-21,cancelled,33000000
2992,386,2023-10-02,completed,18000000
2993,386,2024-12-11,completed,15000000
2994,386,2024-07-01,completed,24000000
2995,387,2024-10-15,completed,14500000
2996,387,2024-07-22,completed,6000000
2997,387,2023-11-02,completed,2400000
2998,387,2024-01-22,cancelled,13200000
2999,387,2023-11-26,completed,5100000
3000,387,2024-08-21,cancelled,2000000
3001,387,2024-11-04,cancelled,1200000
3002,387,2024-09-23,completed,7500000
3003,387,2023-04-03,completed,8400000
3004,388,2024-04-24,completed,2600000
3005,388,2024-04-27,completed,3900000
3006,388,2024-03-11,completed,2000000
3007,389,2024-09-12,completed,46000000
3008,389,2023-06-22,cancelled,39000000
3009,389,2024-07-15,completed,28000000
3010,389,2024-03-30,completed,10000000
3011,389,2024-08-27,completed,6000000
3012,390,2023-04-03,completed,5400000
3013,390,2023-12-15,completed,9900000
3014,390,2023-08-14,completed,2400000
3015,390,2024-08-16,completed,5700000
3016,390,2023-02-27,completed,14700000
3017,390,2023-10-15,cancelled,13200000
3018,390,2023-03-14,completed,12900000
3019,390,2024-12-02,completed,14100000
3020,390,2024-07-25,completed,9300000
3021,390,2024-07-17,completed,8100000
3022,390,2023-01-18,completed,11400000
3023,391,2023-01-29,completed,5400000
3024,391,2024-07-06,completed,3600000
3025,391,2024-05-15,completed,6000000
3026,391,2024-05-07,cancelled,2500000
3027,391,2024-09-13,cancelled,2500000
3028,391,2024-06-07,completed,4400000
3029,391,2023-12-02,completed,5500000
3030,391,2024-05-13,completed,500000
3031,391,2024-11-04,cancelled,1800000
3032,391,2023-12-04,completed,2400000
3033,391,2023-11-22,completed,1600000
3034,391,2023-04-06,completed,3100000
3035,392,2024-01-12,cancelled,2700000
3036,392,2023-11-15,completed,13700000
3037,392,2023-02-20,completed,14000000
3038,392,2024-10-16,completed,11000000
3039,392,2024-10-04,completed,14400000
3040,392,2023-08-26,cancelled,14000000
3041,392,2023-03-09,completed,5600000
3042,393,2024-11-08,completed,10000000
3043,393,2024-05-25,completed,30000000
3044,393,2024-03-25,completed,28000000
3045,393,2024-01-13,cancelled,19000000
3046,393,2023-08-21,completed,10000000
3047,393,2024-01-17,completed,40000000
3048,393,2023-01-25,cancelled,16000000
3049,393,2024-01-29,cancelled,28000000
3050,393,2023-05-06,completed,26000000
3051,393,2024-09-16,completed,10000000
3052,393,2023-01-14,cancelled,20000000
3053,394,2024-02-19,completed,1500000
3054,394,2023-10-21,cancelled,800000
3055,394,2023-11-04,cancelled,5700000
3056,394,2024-08-27,completed,3100000
3057,395,2024-08-28,cancelled,7600000
3058,395,2023-10-23,completed,2700000
3059,395,2024-03-10,cancelled,10800000
3060,395,2024-10-23,completed,3200000
3061,395,2024-04-08,completed,9100000
3062,396,2023-05-18,cancelled,14000000
3063,396,2024-12-16,cancelled,39000000
3064,396,2023-02-10,completed,19000000
3065,397,2024-05-14,completed,1500000
3066,397,2024-04-08,completed,5100000
3067,397,2023-01-28,completed,3600000
3068,397,2023-11-08,cancelled,9000000
3069,397,2024-01-21,cancelled,3600000
3070,397,2024-01-28,completed,6600000
3071,397,2024-01-01,completed,11000000
3072,397,2024-01-20,cancelled,9700000
3073,397,2023-02-16,completed,10200000
3074,398,2023-10-05,cancelled,29000000
3075,398,2023-05-25,completed,19000000
3076,398,2023-08-28,completed,31000000
3077,398,2023-10-27,completed,8000000
3078,398,2024-08-25,completed,34000000
3079,398,2023-10-20,completed,29000000
3080,399,2023-04-13,completed,8500000
3081,399,2024-03-19,completed,12500000
3082,399,2024-09-21,completed,7500000
3083,400,2024-10-29,cancelled,19000000
3084,400,2024-11-03,completed,6000000
3085,400,2023-07-03,completed,8000000
3086,400,2023-02-25,completed,28000000
3087,400,2023-12-01,cancelled,9000000
3088,400,2023-04-08,completed,11000000
3089,400,2023-11-19,completed,20000000
3090,400,2023-09-13,completed,6000000
3091,400,2023-02-02,cancelled,12000000
3092,400,2023-07-08,completed,10000000
3093,400,2024-11-01,completed,3000000
3094,401,2023-09-20,completed,2700000
3095,401,2023-06-28,completed,9600000
3096,401,2023-12-08,completed,8500000
3097,401,2024-03-14,cancelled,8500000
3098,401,2024-06-08,completed,4200000
3099,401,2024-08-20,cancelled,5400000
3100,402,2024-10-02,cancelled,3100000
3101,402,2024-08-09,completed,2100000
3102,402,2023-07-01,cancelled,5200000
3103,402,2023-10-01,completed,5600000
3104,402,2023-04-18,completed,4000000
3105,402,2024-03-28,cancelled,4100000
3106,402,2023-11-22,completed,3300000
3107,402,2024-10-11,cancelled,3400000
3108,402,2023-10-24,completed,3900000
3109,402,2024-10-22,completed,5400000
3110,403,2023-12-03,completed,26000000
3111,403,2024-08-02,completed,30000000
3112,403,2023-03-21,completed,26000000
3113,403,2024-06-11,completed,25000000
3114,403,2024-12-08,completed,5000000
3115,403,2024-09-20,completed,31000000
3116,403,2023-05-01,completed,6000000
3117,403,2023-07-21,completed,15000000
3118,403,2024-10-10,completed,14000000
3119,403,2024-04-16,completed,23000000
3120,403,2024-11-14,completed,36000000
3121,404,2024-02-26,completed,20000000
3122,404,2023-04-18,cancelled,5000000
3123,404,2023-12-25,cancelled,3000000
3124,405,2023-09-10,completed,4000000
3125,405,2023-10-06,completed,4800000
3126,405,2024-07-30,completed,2600000
3127,405,2023-02-08,completed,5000000
3128,405,2024-12-28,completed,800000
3129,405,2023-11-16,completed,2000000
3130,405,2024-03-03,cancelled,1000000
3131,405,2024-07-11,cancelled,2400000
3132,405,2024-09-08,completed,2800000
3133,406,2024-07-20,completed,8000000
3134,406,2023-03-04,completed,10000000
3135,406,2024-08-28,completed,38000000
3136,406,2023-05-19,cancelled,15000000
3137,406,2024-11-29,completed,5000000
3138,406,2024-04-20,completed,5000000
3139,406,2024-06-17,completed,10000000
3140,407,2024-06-30,completed,3700000
3141,407,2024-09-14,completed,5000000
3142,407,2023-09-02,completed,500000
3143,407,2024-05-26,completed,2400000
3144,407,2023-05-06,cancelled,2800000
3145,408,2023-05-02,completed,3000000
3146,408,2023-03-26,cancelled,11000000
3147,408,2024-02-25,completed,34000000
3148,408,2023-11-27,completed,35000000
3149,408,2023-03-08,cancelled,48000000
3150,409,2023-10-10,completed,25000000
3151,409,2023-03-01,completed,15000000
3152,409,2024-12-18,completed,35000000
3153,409,2023-05-30,cancelled,25000000
3154,409,2023-03-30,completed,41000000
3155,409,2024-05-02,completed,5000000
3156,409,2024-10-31,cancelled,3000000
3157,409,2023-01-06,cancelled,33000000
3158,409,2023-09-24,completed,31000000
3159,409,2023-10-06,cancelled,6000000
3160,409,2023-05-19,completed,6000000
3161,409,2023-07-16,completed,5000000
3162,410,2023-05-24,completed,1600000
3163,410,2024-07-02,completed,4200000
3164,410,2023-02-02,completed,800000
3165,410,2024-07-21,completed,800000
3166,410,2023-04-15,completed,2600000
3167,411,2023-05-30,completed,11000000
3168,411,2024-10-16,completed,21000000
3169,411,2023-01-30,completed,5000000
3170,411,2023-11-04,completed,29000000
3171,411,2023-05-10,cancelled,9000000
3172,411,2023-09-26,completed,37000000
3173,411,2024-07-22,cancelled,13000000
3174,411,2023-08-16,cancelled,44000000
3175,411,2024-11-20,cancelled,38000000
3176,411,2023-05-30,completed,24000000
3177,412,2024-07-19,completed,28000000
3178,412,2024-07-11,cancelled,18000000
3179,412,2023-01-01,cancelled,38000000
3180,412,2023-11-02,completed,24000000
3181,412,2024-01-22,completed,6000000
3182,412,2024-04-15,completed,21000000
3183,412,2023-08-17,completed,6000000
3184,412,2024-07-19,completed,24000000
3185,413,2024-09-20,completed,25000000
3186,413,2023-01-10,completed,11000000
3187,413,2023-11-05,completed,10000000
3188,413,2024-12-27,completed,15000000
3189,413,2023-09-10,cancelled,43000000
3190,413,2023-12-13,completed,29000000
3191,413,2024-01-23,completed,13000000
3192,413,2023-05-28,completed,24000000
3193,413,2023-11-26,completed,20000000
3194,413,2023-05-24,completed,24000000
3195,413,2023-06-10,completed,15000000
3196,413,2023-07-01,cancelled,27000000
3197,414,2024-02-20,completed,2100000
3198,414,2023-05-10,cancelled,500000
3199,414,2023-05-05,cancelled,2900000
3200,414,2023-11-06,completed,2800000
3201,414,2023-04-19,completed,1300000
3202,415,2023-03-28,completed,800000
3203,415,2023-07-08,completed,3100000
3204,415,2024-11-24,completed,6300000
3205,415,2024-09-28,cancelled,1300000
3206,415,2023-10-20,cancelled,3400000
3207,415,2023-08-28,completed,7400000
3208,415,2023-10-24,completed,4500000
3209,415,2023-12-28,completed,800000
3210,415,2024-05-25,completed,4800000
3211,415,2023-01-28,cancelled,2900000
3212,416,2024-05-03,completed,14000000
3213,416,2024-02-05,completed,8700000
3214,416,2024-12-01,completed,11100000
3215,416,2023-10-19,completed,11000000
3216,416,2024-09-12,completed,1500000
3217,416,2023-09-08,completed,12500000
3218,416,2023-09-07,completed,2000000
3219,416,2024-03-23,completed,13200000
3220,417,2023-07-26,cancelled,13400000
3221,417,2023-12-16,cancelled,3200000
3222,417,2023-04-11,cancelled,4000000
3223,417,2023-12-28,completed,10200000
3224,417,2023-05-28,completed,5400000
3225,417,2024-01-10,completed,11000000
3226,417,2024-08-25,completed,7500000
3227,417,2024-01-12,cancelled,3000000
3228,417,2024-02-21,completed,9600000
3229,417,2024-01-28,completed,9000000
3230,417,2024-04-03,cancelled,12200000
3231,418,2024-12-20,completed,13000000
3232,418,2023-04-23,completed,6700000
3233,418,2024-12-07,cancelled,2400000
3234,418,2023-12-20,cancelled,12200000
3235,418,2023-10-26,completed,3000000
3236,418,2023-08-24,completed,7500000
3237,418,2023-05-28,cancelled,10000000
3238,418,2023-06-09,completed,10800000
3239,419,2023-07-21,completed,3900000
3240,419,2023-01-05,completed,1300000
3241,419,2024-11-23,completed,3300000
3242,419,2023-08-06,completed,6800000
3243,419,2024-02-20,completed,2400000
3244,419,2023-01-09,cancelled,5000000
3245,419,2024-09-05,completed,3000000
3246,419,2023-05-30,completed,2500000
3247,419,2023-01-01,completed,4400000
3248,420,2024-07-07,cancelled,12000000
3249,420,2024-06-05,completed,3000000
3250,420,2023-03-11,completed,4000000
3251,421,2024-02-20,completed,30000000
3252,421,2023-10-09,completed,16000000
3253,421,2023-02-21,completed,5000000
3254,421,2024-06-12,cancelled,25000000
3255,421,2024-04-06,completed,5000000
3256,421,2024-09-14,completed,36000000
3257,421,2023-04-16,completed,10000000
3258,421,2024-02-03,completed,37000000
3259,422,2023-07-26,completed,11000000
3260,422,2023-01-29,completed,16000000
3261,422,2023-03-10,completed,19000000
3262,422,2024-08-15,completed,20000000
3263,422,2023-04-07,completed,38000000
3264,422,2024-05-11,completed,10000000
3265,422,2024-06-11,completed,16000000
3266,422,2024-07-27,cancelled,16000000
3267,422,2023-03-13,completed,3000000
3268,422,2024-06-14,completed,20000000
3269,422,2023-07-15,cancelled,15000000
3270,423,2024-04-28,completed,15000000
3271,423,2023-08-18,completed,12000000
3272,423,2023-04-29,completed,29000000
3273,423,2024-02-04,completed,5000000
3274,423,2023-03-26,completed,5000000
3275,423,2023-10-13,completed,23000000
3276,423,2024-11-05,completed,33000000
3277,423,2024-08-19,completed,6000000
3278,423,2024-09-16,completed,36000000
3279,423,2023-08-29,completed,15000000
3280,423,2023-10-16,cancelled,35000000
3281,423,2024-04-14,completed,18000000
3282,424,2023-09-07,cancelled,1000000
3283,424,2023-01-22,completed,2800000
3284,424,2024-10-17,completed,1000000
3285,424,2024-12-19,completed,1000000
3286,424,2023-06-05,completed,1500000
3287,424,2024-02-15,completed,3400000
3288,424,2024-09-04,completed,2900000
3289,425,2024-01-02,completed,6000000
3290,425,2023-10-18,completed,13500000
3291,425,2024-02-01,cancelled,4000000
3292,425,2023-08-01,completed,18000000
3293,425,2024-02-07,completed,12500000
3294,425,2023-02-10,cancelled,6500000
3295,426,2024-11-11,completed,27000000
3296,426,2023-12-13,completed,16000000
3297,426,2023-07-27,completed,11000000
3298,426,2023-08-11,completed,8000000
3299,426,2023-02-08,completed,14000000
3300,426,2023-01-04,cancelled,23000000
3301,426,2024-06-23,completed,16000000
3302,426,2024-07-10,cancelled,24000000
3303,426,2023-02-21,completed,14000000
3304,427,2024-03-03,completed,21000000
3305,427,2023-01-26,completed,5000000
3306,427,2024-11-21,completed,10000000
3307,427,2024-08-08,completed,32000000
3308,427,2023-04-01,completed,29000000
3309,427,2024-09-19,completed,24000000
3310,427,2023-05-23,completed,15000000
3311,427,2024-11-14,completed,21000000
3312,427,2024-10-25,completed,6000000
3313,427,2024-03-13,completed,9000000
3314,428,2023-05-09,completed,7000000
3315,428,2024-11-11,completed,1500000
3316,428,2024-02-11,cancelled,6000000
3317,428,2023-06-26,completed,7000000
3318,428,2024-12-08,completed,4500000
3319,428,2023-11-29,completed,3000000
3320,428,2024-08-20,completed,10500000
3321,428,2024-04-21,completed,12000000
3322,428,2024-07-24,completed,3000000
3323,429,2024-12-28,cancelled,6500000
3324,429,2024-02-01,completed,7200000
3325,429,2023-12-27,cancelled,11100000
3326,429,2024-03-27,completed,3000000
3327,430,2023-02-27,cancelled,7200000
3328,430,2024-09-09,completed,7200000
3329,430,2024-05-18,completed,7800000
3330,431,2023-12-15,completed,4500000
3331,431,2024-10-02,completed,6300000
3332,431,2023-06-02,cancelled,2700000
3333,431,2024-02-22,completed,3600000
3334,431,2024-01-29,completed,1500000
3335,432,2024-10-16,completed,20000000
3336,432,2024-03-09,completed,28000000
3337,432,2024-12-07,completed,29000000
3338,432,2024-11-25,cancelled,34000000
3339,432,2024-07-09,cancelled,21000000
3340,432,2023-11-08,completed,24000000
3341,432,2024-07-16,cancelled,33000000
3342,432,2023-10-02,completed,26000000
3343,432,2024-03-15,completed,32000000
3344,432,2024-11-09,cancelled,34000000
3345,433,2024-09-15,completed,3900000
3346,433,2024-11-03,cancelled,4800000
3347,433,2024-03-16,cancelled,3900000
3348,433,2023-01-25,cancelled,3100000
3349,433,2023-02-02,completed,3600000
3350,433,2023-10-15,completed,3400000
3351,433,2024-05-16,cancelled,4100000
3352,433,2024-11-13,completed,500000
3353,433,2023-01-30,completed,2000000
3354,433,2023-02-09,completed,1000000
3355,433,2023-01-24,completed,1000000
3356,434,2023-03-08,completed,15300000
3357,434,2024-09-27,cancelled,9200000
3358,434,2023-04-13,completed,5600000
3359,434,2023-06-20,completed,3900000
3360,434,2024-11-22,completed,10500000
3361,434,2024-01-08,completed,6000000
3362,435,2023-03-24,completed,11000000
3363,435,2023-11-08,completed,9900000
3364,435,2024-03-03,completed,8500000
3365,435,2023-09-11,completed,12000000
3366,435,2024-03-09,completed,3900000
3367,435,2024-03-10,completed,12500000
3368,435,2024-09-28,cancelled,14500000
3369,435,2024-03-17,completed,8000000
3370,436,2023-03-02,completed,15000000
3371,436,2024-09-22,cancelled,14000000
3372,436,2024-12-21,completed,16000000
3373,436,2024-06-27,cancelled,10000000
3374,436,2024-05-29,completed,15000000
3375,436,2023-06-05,completed,18000000
3376,436,2023-05-29,completed,8000000
3377,436,2024-01-15,completed,23000000
3378,436,2024-10-05,completed,9000000
3379,436,2023-07-27,completed,16000000
3380,437,2023-02-09,completed,9000000
3381,437,2024-11-25,completed,10500000
3382,437,2024-09-11,completed,7500000
3383,437,2024-03-13,completed,4500000
3384,438,2024-05-15,completed,2900000
3385,438,2024-08-03,cancelled,3900000
3386,438,2024-04-16,completed,3900000
3387,438,2024-05-14,completed,4900000
3388,438,2023-07-21,completed,3300000
3389,438,2024-06-17,completed,3600000
3390,438,2023-02-26,completed,4900000
3391,438,2023-10-06,completed,2500000
3392,438,2023-12-23,completed,1500000
3393,438,2023-05-30,completed,2800000
3394,438,2024-11-11,completed,2100000
3395,439,2023-10-15,completed,9000000
3396,439,2023-06-02,completed,14000000
3397,439,2023-08-30,completed,24000000
3398,439,2023-05-05,completed,28000000
3399,439,2024-12-19,completed,14000000
3400,439,2024-06-06,completed,26000000
3401,440,2023-03-24,completed,800000
3402,440,2023-01-10,completed,4700000
3403,440,2024-09-13,completed,2900000
3404,440,2023-04-23,cancelled,1500000
3405,440,2023-09-29,cancelled,4800000
3406,441,2024-09-12,completed,3300000
3407,441,2024-04-01,completed,1500000
3408,441,2024-05-28,completed,2000000
3409,441,2023-05-18,completed,3300000
3410,441,2024-06-21,completed,2800000
3411,441,2023-10-23,completed,1000000
3412,441,2024-02-05,cancelled,3200000
3413,441,2023-07-29,completed,1000000
3414,441,2023-04-24,completed,6500000
3415,442,2023-08-21,completed,4100000
3416,442,2024-02-02,completed,6300000
3417,442,2023-08-25,completed,5400000
3418,442,2023-08-21,completed,1600000
3419,442,2023-07-05,completed,3000000
3420,442,2024-10-21,completed,1600000
3421,442,2023-08-17,completed,1000000
3422,442,2024-12-03,completed,500000
3423,442,2023-06-24,completed,3100000
3424,442,2023-03-31,completed,6000000
3425,442,2024-06-17,completed,3600000
3426,443,2023-04-24,completed,5500000
3427,443,2023-01-10,completed,5200000
3428,443,2024-02-22,completed,800000
3429,443,2024-01-11,cancelled,4700000
3430,444,2024-09-03,completed,22000000
3431,444,2024-12-07,completed,10000000
3432,444,2023-06-20,completed,5000000
3433,444,2023-01-14,completed,37000000
3434,444,2023-05-04,cancelled,13000000
3435,444,2024-09-20,cancelled,30000000
3436,444,2023-02-16,completed,5000000
3437,444,2023-06-17,completed,26000000
3438,444,2023-08-29,completed,3000000
3439,445,2023-08-12,completed,2100000
3440,445,2023-10-06,completed,1800000
3441,445,2023-09-18,cancelled,4200000
3442,445,2024-12-24,completed,500000
3443,445,2024-02-09,completed,3900000
3444,445,2023-08-28,completed,4800000
3445,445,2023-12-12,cancelled,2400000
3446,446,2024-03-14,completed,7500000
3447,446,2023-02-02,completed,6600000
3448,446,2023-07-12,completed,3000000
3449,446,2023-03-07,completed,3600000
3450,446,2024-03-15,completed,14900000
3451,446,2023-07-04,completed,6000000
3452,446,2024-09-23,completed,2700000
3453,446,2023-08-29,completed,11000000
3454,446,2023-06-22,completed,9300000
3455,446,2024-01-12,completed,11200000
3456,446,2024-06-11,completed,2400000
3457,446,2023-10-08,completed,7500000
3458,447,2023-07-17,completed,21000000
3459,447,2024-12-01,completed,15000000
3460,447,2023-07-03,completed,9000000
3461,447,2023-03-14,completed,25000000
3462,448,2024-08-30,cancelled,9000000
3463,448,2023-06-28,completed,37000000
3464,448,2023-08-28,completed,20000000
3465,448,2023-01-17,cancelled,11000000
3466,448,2023-10-15,completed,20000000
3467,448,2024-06-08,completed,25000000
3468,448,2023-09-01,completed,37000000
3469,448,2024-06-03,completed,20000000
3470,448,2024-09-27,cancelled,21000000
3471,448,2023-10-03,completed,9000000
3472,448,2023-06-17,cancelled,29000000
3473,448,2024-10-08,cancelled,21000000
3474,449,2024-03-08,completed,6000000
3475,449,2023-02-15,completed,4500000
3476,449,2023-01-05,completed,9000000
3477,449,2023-10-19,completed,16500000
3478,449,2023-01-17,completed,3000000
3479,449,2024-10-19,completed,10500000
3480,449,2023-09-24,cancelled,11500000
3481,449,2024-01-03,completed,9000000
3482,449,2023-01-21,completed,12000000
3483,449,2023-08-01,cancelled,13000000
3484,449,2024-08-12,completed,3000000
3485,449,2023-01-18,completed,12000000
3486,450,2023-07-02,cancelled,13800000
3487,450,2024-08-24,completed,7200000
3488,450,2024-11-29,cancelled,11500000
3489,450,2023-06-26,cancelled,12000000
3490,450,2024-02-26,cancelled,12000000
3491,450,2023-10-22,completed,17500000
3492,450,2023-03-28,completed,1500000
3493,451,2024-01-22,completed,4500000
3494,451,2023-01-02,cancelled,7200000
3495,451,2024-04-15,completed,7800000
3496,451,2023-08-09,completed,8100000
3497,451,2023-09-08,completed,3600000
3498,451,2023-07-20,completed,12900000
3499,451,2023-05-08,cancelled,8400000
3500,451,2024-04-17,cancelled,6900000
3501,451,2023-05-20,completed,14100000
3502,451,2024-09-11,completed,9900000
3503,451,2024-05-29,completed,5100000
3504,451,2024-04-15,cancelled,1200000
3505,452,2024-02-03,completed,12500000
3506,452,2024-09-03,completed,7000000
3507,452,2023-08-01,completed,3000000
3508,452,2024-10-20,completed,11500000
3509,452,2023-06-03,completed,11000000
3510,452,2024-03-08,completed,9000000
3511,452,2023-02-02,completed,1500000
3512,452,2023-01-30,cancelled,1500000
3513,452,2023-03-03,completed,13500000
3514,452,2024-09-06,completed,15000000
3515,453,2023-10-11,completed,1600000
3516,453,2024-04-26,completed,1500000
3517,453,2024-10-25,completed,9600000
3518,453,2024-01-28,completed,4800000
3519,453,2023-05-17,completed,4700000
3520,453,2023-06-18,completed,2300000
3521,453,2024-05-23,completed,4500000
3522,453,2023-06-28,cancelled,1000000
3523,453,2023-02-26,completed,1500000
3524,453,2024-05-11,completed,1600000
3525,454,2023-12-14,completed,31000000
3526,454,2024-11-19,completed,20000000
3527,454,2023-03-26,completed,28000000
3528,454,2023-03-20,completed,20000000
3529,454,2023-10-01,cancelled,38000000
3530,454,2023-08-04,cancelled,29000000
3531,454,2023-05-02,completed,40000000
3532,454,2024-12-23,cancelled,5000000
3533,454,2024-07-21,cancelled,30000000
3534,454,2024-01-21,completed,10000000
3535,454,2023-11-15,completed,15000000
3536,455,2023-02-26,cancelled,10000000
3537,455,2024-01-30,completed,20000000
3538,455,2023-06-10,completed,23000000
3539,456,2023-06-27,completed,2100000
3540,456,2024-02-16,completed,3200000
3541,456,2023-07-20,cancelled,1000000
3542,456,2023-08-17,completed,1600000
3543,457,2024-03-27,completed,3000000
3544,457,2024-02-22,completed,34000000
3545,457,2024-03-18,completed,31000000
3546,457,2023-07-08,completed,3000000
3547,457,2024-09-20,cancelled,16000000
3548,457,2024-03-02,completed,15000000
3549,457,2023-04-16,completed,9000000
3550,457,2024-10-18,completed,3000000
3551,457,2024-12-20,completed,8000000
3552,457,2023-05-07,completed,11000000
3553,458,2024-10-10,cancelled,24000000
3554,458,2024-10-27,cancelled,28000000
3555,458,2024-10-08,completed,15000000
3556,458,2023-12-20,completed,30000000
3557,459,2024-05-19,completed,3200000
3558,459,2023-06-11,completed,2400000
3559,459,2023-10-01,completed,5600000
3560,459,2023-12-09,completed,1600000
3561,459,2024-06-08,cancelled,2400000
3562,459,2023-05-31,cancelled,3900000
3563,459,2024-07-19,completed,3200000
3564,459,2024-05-03,completed,6600000
3565,460,2024-06-01,completed,14000000
3566,460,2023-05-18,completed,18100000
3567,460,2024-09-20,completed,7500000
3568,460,2024-03-02,completed,6500000
3569,460,2023-07-18,completed,2400000
3570,460,2024-08-26,completed,14100000
3571,460,2023-09-20,cancelled,11000000
3572,460,2023-06-22,cancelled,9600000
3573,460,2024-12-29,cancelled,14500000
3574,460,2023-02-18,cancelled,8000000
3575,460,2023-05-12,completed,10500000
3576,460,2024-07-31,completed,4400000
3577,461,2023-09-19,cancelled,49000000
3578,461,2023-12-06,completed,25000000
3579,461,2024-11-09,completed,8000000
3580,461,2023-01-02,cancelled,15000000
3581,461,2023-08-12,completed,28000000
3582,461,2023-11-02,completed,34000000
3583,461,2024-07-18,completed,31000000
3584,461,2023-03-23,completed,15000000
3585,461,2024-12-01,cancelled,33000000
3586,461,2024-05-30,completed,28000000
3587,461,2023-10-26,cancelled,38000000
3588,462,2023-05-04,cancelled,6000000
3589,462,2024-09-25,completed,14000000
3590,462,2024-01-02,cancelled,11400000
3591,462,2024-03-27,completed,6500000
3592,462,2024-05-31,cancelled,2000000
3593,462,2024-02-10,cancelled,1200000
3594,462,2023-12-02,completed,3500000
3595,462,2023-10-15,cancelled,6900000
3596,463,2023-06-21,completed,39000000
3597,463,2023-03-26,cancelled,6000000
3598,463,2023-01-09,cancelled,15000000
3599,463,2023-01-06,completed,19000000
3600,463,2024-05-12,completed,22000000
3601,463,2023-06-07,cancelled,9000000
3602,463,2024-03-23,completed,20000000
3603,463,2023-02-19,completed,12000000
3604,463,2023-03-06,completed,21000000
3605,463,2024-10-03,cancelled,21000000
3606,463,2023-02-13,completed,10000000
3607,463,2024-10-26,cancelled,18000000
3608,464,2024-11-20,completed,3400000
3609,464,2023-09-24,completed,5500000
3610,464,2024-04-01,completed,1600000
3611,465,2024-11-13,cancelled,2400000
3612,465,2024-05-31,completed,5300000
3613,465,2024-09-10,cancelled,3700000
3614,465,2024-03-15,cancelled,4800000
3615,466,2024-06-13,cancelled,10500000
3616,466,2023-10-06,completed,8700000
3617,466,2024-09-19,completed,4800000
3618,466,2024-03-18,completed,9800000
3619,466,2024-08-19,completed,2400000
3620,466,2024-12-11,completed,3000000
3621,467,2024-04-19,completed,15000000
3622,467,2023-05-07,cancelled,19000000
3623,467,2023-10-22,completed,23000000
3624,467,2023-06-27,completed,15000000
3625,467,2023-10-04,completed,31000000
3626,467,2023-11-18,completed,19000000
3627,467,2023-01-19,cancelled,28000000
3628,467,2023-11-05,cancelled,27000000
3629,467,2024-02-23,completed,19000000
3630,467,2023-05-01,cancelled,22000000
3631,467,2024-11-01,cancelled,19000000
3632,467,2023-01-19,completed,21000000
3633,468,2024-11-16,completed,2600000
3634,468,2024-08-08,completed,1500000
3635,468,2024-05-26,cancelled,3900000
3636,468,2023-05-06,completed,2300000
3637,468,2024-04-16,completed,1500000
3638,468,2023-04-18,completed,1000000
3639,468,2024-10-23,completed,1000000
3640,468,2024-12-18,completed,3100000
3641,468,2024-01-09,completed,3900000
3642,468,2024-02-16,completed,3100000
3643,469,2024-12-21,completed,36000000
3644,469,2023-08-07,completed,22000000
3645,469,2024-09-10,completed,18000000
3646,469,2024-11-19,cancelled,40000000
3647,469,2024-08-04,completed,9000000
3648,469,2023-01-23,completed,9000000
3649,469,2024-04-12,completed,16000000
3650,469,2024-07-28,cancelled,33000000
3651,470,2024-11-16,completed,14600000
3652,470,2024-06-19,completed,2000000
3653,470,2024-11-19,completed,8000000
3654,470,2023-11-27,cancelled,10600000
3655,470,2024-10-19,completed,5400000
3656,471,2024-04-07,cancelled,29000000
3657,471,2023-08-08,completed,14000000
3658,471,2024-12-05,completed,16000000
3659,471,2023-05-28,completed,9000000
3660,471,2024-03-31,cancelled,39000000
3661,471,2023-10-14,cancelled,10000000
3662,471,2024-01-27,completed,15000000
3663,471,2023-09-07,completed,19000000
3664,472,2024-02-03,completed,1500000
3665,472,2024-02-09,cancelled,4800000
3666,472,2023-01-11,cancelled,3800000
3667,472,2024-04-21,completed,3100000
3668,472,2023-07-09,cancelled,4700000
3669,472,2024-06-20,cancelled,6300000
3670,473,2024-05-28,completed,7500000
3671,473,2023-11-01,completed,15500000
3672,473,2024-12-02,cancelled,3000000
3673,473,2023-09-14,cancelled,6000000
3674,474,2024-10-22,completed,33000000
3675,474,2024-04-06,completed,15000000
3676,474,2024-01-18,completed,3000000
3677,474,2024-07-11,completed,28000000
3678,474,2023-09-12,completed,32000000
3679,474,2024-03-09,completed,9000000
3680,474,2024-04-11,completed,36000000
3681,474,2024-05-30,cancelled,30000000
3682,474,2024-10-16,completed,32000000
3683,474,2023-08-11,cancelled,9000000
3684,475,2023-11-08,completed,2000000
3685,475,2023-09-08,completed,9000000
3686,475,2023-01-13,cancelled,8000000
3687,475,2024-05-19,cancelled,4000000
3688,476,2023-07-16,completed,11500000
3689,476,2024-12-16,completed,5400000
3690,476,2024-10-08,completed,6500000
3691,477,2024-02-18,completed,12000000
3692,477,2024-08-24,cancelled,15600000
3693,477,2023-03-23,completed,11700000
3694,477,2024-04-07,completed,11200000
3695,477,2023-02-14,completed,12300000
3696,477,2023-06-16,completed,15000000
3697,477,2024-05-03,completed,1200000
3698,477,2024-05-10,cancelled,11400000
3699,477,2023-10-24,completed,8200000
3700,477,2024-02-01,completed,7000000
3701,478,2023-07-28,completed,9500000
3702,478,2024-01-24,completed,7600000
3703,478,2024-06-15,completed,15900000
3704,479,2024-04-24,completed,3100000
3705,479,2023-08-17,completed,4000000
3706,479,2023-03-29,completed,3600000
3707,479,2023-02-03,completed,2100000
3708,479,2023-09-05,completed,1600000
3709,479,2024-01-24,completed,5600000
3710,479,2024-02-13,completed,3200000
3711,479,2023-11-27,cancelled,3700000
3712,480,2023-09-06,completed,1500000
3713,480,2023-09-29,completed,6900000
3714,480,2024-10-08,cancelled,3000000
3715,480,2023-06-20,completed,6500000
3716,480,2023-11-06,cancelled,7400000
3717,480,2024-07-24,cancelled,18900000
3718,480,2024-07-11,completed,8000000
3719,480,2023-06-22,completed,4000000
3720,481,2024-09-28,cancelled,4100000
3721,481,2023-08-02,cancelled,3100000
3722,481,2024-08-02,completed,4900000
3723,481,2024-08-04,completed,4700000
3724,482,2023-01-09,completed,6500000
3725,482,2023-01-20,completed,1500000
3726,482,2023-11-16,completed,1500000
3727,482,2023-05-31,completed,1500000
3728,482,2024-05-15,completed,10900000
3729,482,2024-12-13,completed,8400000
3730,482,2023-04-11,completed,10100000
3731,482,2024-02-12,completed,9000000
3732,482,2024-06-03,cancelled,7500000
3733,483,2023-08-10,completed,4000000
3734,483,2023-04-01,cancelled,8000000
3735,483,2023-08-23,completed,14100000
3736,483,2023-01-08,completed,3600000
3737,483,2024-03-18,completed,12300000
3738,483,2024-07-29,completed,10100000
3739,483,2023-01-04,cancelled,9000000
3740,483,2023-12-15,completed,3000000
3741,483,2024-10-08,cancelled,6400000
3742,483,2023-08-05,cancelled,8700000
3743,483,2023-01-20,cancelled,15400000
3744,484,2023-11-14,cancelled,24000000
3745,484,2024-08-19,completed,26000000
3746,484,2024-10-30,completed,40000000
3747,484,2024-10-12,completed,17000000
3748,485,2024-01-06,completed,21000000
3749,485,2024-10-25,completed,20000000
3750,485,2023-08-20,completed,15000000
3751,485,2023-10-28,completed,31000000
3752,485,2023-12-29,completed,43000000
3753,485,2023-05-09,completed,12000000
3754,485,2024-09-01,cancelled,19000000
3755,485,2024-11-26,completed,29000000
3756,485,2023-03-09,completed,28000000
3757,486,2023-05-09,cancelled,1800000
3758,486,2024-09-17,completed,4800000
3759,486,2024-10-24,cancelled,7100000
3760,486,2024-05-03,cancelled,1600000
3761,486,2023-09-13,cancelled,500000
3762,486,2023-06-20,completed,3900000
3763,486,2024-02-17,completed,1500000
3764,487,2024-07-30,completed,1500000
3765,487,2023-02-26,completed,4900000
3766,487,2024-12-23,completed,4700000
3767,487,2023-05-08,completed,8800000
3768,487,2023-10-02,cancelled,3200000
3769,487,2023-11-10,cancelled,5200000
3770,487,2023-08-06,completed,3900000
3771,487,2024-12-11,completed,5300000
3772,487,2023-12-15,completed,1600000
3773,487,2023-04-14,cancelled,2600000
3774,487,2023-09-17,completed,3200000
3775,487,2023-02-15,completed,1000000
3776,488,2023-05-16,completed,1000000
3777,488,2024-01-10,cancelled,4800000
3778,488,2024-08-24,cancelled,4400000
3779,488,2023-10-07,completed,3600000
3780,488,2024-01-17,cancelled,1800000
3781,488,2024-06-06,cancelled,1600000
3782,489,2023-03-19,completed,7600000
3783,489,2023-12-24,completed,12000000
3784,489,2023-03-12,completed,9400000
3785,489,2024-02-06,completed,5100000
3786,489,2023-10-12,completed,2400000
3787,489,2024-02-25,completed,6000000
3788,489,2024-07-03,completed,6700000
3789,489,2023-10-24,completed,10800000
3790,489,2024-03-06,completed,17500000
3791,489,2024-08-30,completed,2000000
3792,489,2024-03-03,completed,4500000
3793,490,2024-05-12,cancelled,2400000
3794,490,2024-08-31,completed,5000000
3795,490,2024-02-22,cancelled,8800000
3796,490,2023-04-01,completed,4500000
3797,490,2024-08-28,completed,4800000
3798,491,2024-05-14,completed,4500000
3799,491,2024-07-21,completed,8000000
3800,491,2023-01-19,completed,6500000
3801,491,2023-08-16,completed,19500000
3802,491,2024-10-18,completed,9000000
3803,492,2023-09-27,completed,8000000
3804,492,2024-05-18,cancelled,1600000
3805,492,2023-11-08,completed,1600000
3806,492,2024-01-10,cancelled,2400000
3807,492,2023-04-02,completed,3900000
3808,492,2023-12-21,completed,2300000
3809,492,2023-09-05,completed,2300000
3810,492,2023-04-21,completed,2600000
3811,492,2024-11-20,completed,800000
3812,492,2023-02-28,completed,3100000
3813,493,2024-06-03,cancelled,4500000
3814,493,2024-07-31,completed,8500000
3815,493,2023-08-31,completed,7100000
3816,494,2024-11-18,completed,1500000
3817,494,2023-08-17,completed,3500000
3818,494,2024-03-24,cancelled,5200000
3819,494,2023-06-06,completed,5500000
3820,494,2023-12-02,completed,800000
3821,494,2023-09-13,completed,2600000
3822,495,2023-04-15,completed,4500000
3823,495,2024-07-31,completed,12000000
3824,495,2023-01-13,completed,9200000
3825,495,2024-05-14,completed,9600000
3826,495,2023-07-18,completed,10800000
3827,495,2023-10-16,completed,5500000
3828,495,2023-06-02,completed,7100000
3829,495,2023-08-20,cancelled,6000000
3830,495,2023-02-02,completed,16500000
3831,495,2024-11-16,completed,3000000
3832,496,2024-04-10,cancelled,15000000
3833,496,2024-08-04,cancelled,3000000
3834,496,2024-08-17,cancelled,21000000
3835,496,2024-01-23,cancelled,25000000
3836,496,2024-05-12,completed,13000000
3837,496,2023-03-22,completed,10000000
3838,496,2024-07-29,completed,24000000
3839,497,2023-11-19,completed,32000000
3840,497,2023-10-09,cancelled,32000000
3841,497,2024-05-30,completed,8000000
3842,497,2023-12-29,cancelled,27000000
3843,497,2023-06-06,completed,33000000
3844,498,2023-09-29,completed,23000000
3845,498,2024-09-21,completed,25000000
3846,498,2024-01-30,completed,16000000
3847,498,2023-03-08,completed,6000000
3848,498,2024-02-11,completed,5000000
3849,498,2024-06-30,completed,16000000
3850,498,2024-02-02,cancelled,5000000
3851,498,2023-10-15,completed,45000000
3852,498,2024-06-04,completed,6000000
3853,498,2024-10-27,completed,5000000
3854,499,2024-04-24,completed,10000000
3855,499,2023-08-16,completed,29000000
3856,499,2023-02-07,completed,3000000
3857,499,2023-03-17,completed,28000000
3858,499,2023-03-30,cancelled,21000000
3859,499,2024-04-03,completed,12000000
3860,499,2024-08-01,completed,14000000
3861,499,2024-11-27,completed,14000000
3862,499,2023-02-26,completed,20000000
3863,499,2024-01-31,completed,39000000
3864,500,2024-12-12,cancelled,34000000
3865,500,2023-06-05,cancelled,30000000
3866,500,2023-12-24,cancelled,37000000
3867,500,2023-06-07,cancelled,29000000
3868,500,2023-09-25,completed,11000000
3869,500,2024-05-08,cancelled,24000000
3870,500,2024-01-10,completed,6000000
3871,500,2023-11-24,completed,8000000
3872,500,2023-12-14,completed,20000000
3873,1014,2025-02-10,pending,3600000
3874,108,2024-01-02,cancelled,1500000
3875,1123,2025-03-14,cancelled,21100000
3876,1183,2023-10-09,completed,21800000
3877,368,2023-04-18,completed,7500000
3878,769,2025-02-21,cancelled,3000000
3879,1173,2025-09-09,cancelled,4300000
3880,41,2025-03-17,completed,7200000
3881,264,2024-02-27,completed,10000000
3882,745,2023-12-18,shipping,3000000
3883,1182,2025-10-01,completed,8000000
3884,872,2023-10-21,completed,6300000
3885,159,2024-07-07,completed,5000000
3886,456,2023-09-10,cancelled,3500000
3887,203,2023-04-09,shipping,2500000
3888,1163,2024-07-01,cancelled,15300000
3889,179,2024-09-17,completed,2400000
3890,118,2023-10-07,completed,20900000
3891,752,2023-10-01,returned,6500000
3892,990,2024-08-24,completed,25000000
3893,673,2024-09-03,completed,8600000
3894,899,2025-06-18,completed,2500000
3895,982,2024-06-28,completed,9800000
3896,44,2023-09-16,completed,5800000
3897,576,2025-05-28,cancelled,9000000
3898,874,2023-02-06,completed,500000
3899,126,2025-11-10,completed,1000000
3900,373,2023-03-25,cancelled,2500000
3901,229,2023-09-24,cancelled,8000000
3902,179,2023-08-06,cancelled,800000
3903,913,2023-07-22,completed,3200000
3904,1148,2024-12-12,completed,11500000
3905,390,2025-03-25,completed,2700000
3906,447,2023-01-19,pending,3900000
3907,1131,2023-09-01,completed,10000000
3908,106,2024-03-06,completed,10000000
3909,665,2023-01-22,completed,6900000
3910,889,2025-01-24,completed,2400000
3911,808,2024-01-20,completed,5000000
3912,25,2023-07-24,completed,5500000
3913,175,2024-02-19,cancelled,18500000
3914,851,2023-10-18,completed,1500000
3915,788,2023-08-19,returned,800000
3916,684,2023-08-31,shipping,1500000
3917,686,2024-01-07,completed,11400000
3918,303,2025-03-10,pending,6300000
3919,683,2024-05-18,completed,6200000
3920,36,2025-01-12,returned,6900000
3921,241,2023-10-21,completed,11000000
3922,28,2024-08-10,completed,6500000
3923,1172,2025-10-24,completed,10800000
3924,780,2023-12-04,completed,4500000
3925,434,2023-01-23,completed,1000000
3926,633,2025-10-21,cancelled,4500000
3927,77,2024-08-17,cancelled,10000000
3928,289,2025-10-24,cancelled,8200000
3929,794,2024-05-04,completed,2000000
3930,634,2023-06-28,completed,2000000
3931,146,2024-01-02,completed,21600000
3932,502,2023-01-17,completed,6500000
3933,953,2023-08-12,cancelled,6200000
3934,438,2024-10-17,returned,19000000
3935,172,2023-10-18,completed,5000000
3936,532,2024-01-12,completed,5000000
3937,649,2023-01-30,completed,2000000
3938,539,2025-12-02,returned,3800000
3939,713,2023-01-30,completed,6500000
3940,688,2025-07-28,completed,4600000
3941,204,2023-08-01,completed,10200000
3942,811,2024-04-03,completed,3500000
3943,1172,2025-05-30,returned,500000
3944,800,2023-12-22,completed,6000000
3945,803,2024-02-22,completed,1500000
3946,162,2025-02-22,cancelled,13400000
3947,228,2023-09-09,completed,40800000
3948,1162,2023-03-06,completed,4800000
3949,48,2025-11-26,completed,27000000
3950,396,2024-05-27,cancelled,11500000
3951,785,2025-05-29,completed,11500000
3952,149,2024-03-16,completed,4600000
3953,154,2025-06-10,completed,1500000
3954,245,2023-09-12,completed,4500000
3955,825,2025-12-16,completed,3000000
3956,709,2025-03-30,pending,9500000
3957,211,2023-03-01,pending,500000
3958,181,2024-01-27,pending,9000000
3959,778,2023-10-10,completed,4000000
3960,575,2024-10-21,completed,2000000
3961,497,2024-02-26,completed,19500000
3962,642,2024-09-30,cancelled,5600000
3963,867,2023-12-03,returned,3500000
3964,976,2025-12-23,completed,4500000
3965,224,2023-08-16,completed,1500000
3966,829,2025-03-13,completed,6600000
3967,489,2023-12-15,completed,4500000
3968,877,2024-11-15,returned,28000000
3969,343,2023-10-28,completed,6500000
3970,992,2023-08-19,completed,1200000
3971,737,2024-02-27,completed,10800000
3972,711,2024-08-13,completed,17500000
3973,2,2023-04-13,completed,600000
3974,177,2024-07-08,cancelled,7400000
3975,792,2025-05-15,shipping,4800000
3976,1161,2025-08-02,completed,7600000
3977,620,2025-02-03,completed,7600000
3978,113,2023-08-08,completed,1200000
3979,1047,2025-11-23,cancelled,14400000
3980,14,2025-09-20,completed,1000000
3981,971,2023-02-20,completed,1000000
3982,1120,2023-09-10,completed,1000000
3983,1120,2024-02-15,completed,13000000
3984,621,2023-03-11,shipping,6000000
3985,325,2025-01-02,shipping,1500000
3986,129,2023-12-24,completed,22600000
3987,1039,2025-12-12,cancelled,2100000
3988,198,2023-08-06,cancelled,19000000
3989,127,2024-05-27,pending,1000000
3990,61,2023-12-23,cancelled,8000000
3991,462,2024-02-17,completed,10000000
3992,737,2025-04-15,shipping,3000000
3993,1145,2025-06-17,completed,1200000
3994,106,2024-11-08,pending,10000000
3995,140,2025-10-21,completed,3800000
3996,686,2023-05-02,completed,6000000
3997,86,2023-08-02,completed,5500000
3998,773,2023-09-14,completed,3000000
3999,119,2024-05-02,completed,3000000
4000,31,2023-06-06,completed,800000
4001,251,2023-06-07,shipping,6000000
4002,452,2025-01-21,completed,10000000
4003,432,2023-09-09,pending,1000000
4004,930,2023-08-22,pending,2000000
4005,787,2025-10-11,completed,4000000
4006,689,2024-11-29,completed,26300000
4007,271,2023-02-01,cancelled,800000
4008,1170,2025-03-19,completed,5000000
4009,542,2024-01-02,completed,4000000
4010,837,2023-04-30,completed,7100000
4011,467,2023-02-03,shipping,4000000
4012,159,2024-04-30,completed,19000000
4013,596,2023-02-22,completed,12000000
4014,308,2025-02-19,completed,16600000
4015,742,2024-04-17,cancelled,500000
4016,1148,2025-11-01,completed,8000000
4017,534,2024-08-10,completed,6500000
4018,540,2025-06-02,completed,1000000
4019,1141,2023-09-01,pending,6800000
4020,922,2025-06-11,completed,5000000
4021,758,2025-07-17,completed,2400000
4022,366,2023-10-21,shipping,7200000
4023,532,2024-07-24,completed,12000000
4024,1170,2025-12-02,completed,22000000
4025,152,2023-03-20,shipping,8500000
4026,407,2024-03-14,completed,3800000
4027,369,2025-03-14,completed,4000000
4028,871,2023-08-26,returned,5300000
4029,441,2025-04-17,pending,1500000
4030,534,2023-04-22,cancelled,3500000
4031,226,2024-11-06,completed,19100000
4032,1079,2023-07-29,pending,1000000
4033,507,2023-03-11,completed,2800000
4034,398,2024-10-01,completed,7500000
4035,1038,2024-05-15,returned,6100000
4036,637,2024-11-11,completed,4000000
4037,826,2025-08-27,pending,2300000
4038,429,2025-09-27,completed,4200000
4039,405,2023-08-21,completed,1500000
4040,857,2025-03-28,completed,12500000
4041,971,2023-01-21,completed,3800000
4042,321,2023-05-17,completed,5000000
4043,873,2024-09-18,cancelled,8000000
4044,568,2025-08-27,completed,1500000
4045,663,2023-04-17,pending,4600000
4046,972,2024-12-28,completed,21000000
4047,1004,2023-12-31,completed,1000000
4048,22,2024-02-06,completed,4500000
4049,27,2024-07-13,completed,4600000
4050,1005,2023-12-22,shipping,6000000
4051,245,2023-04-25,cancelled,6600000
4052,649,2023-12-13,completed,10300000
4053,242,2024-11-30,pending,5000000
4054,186,2024-01-09,completed,5500000
4055,392,2023-09-29,completed,2000000
4056,409,2023-12-29,completed,4800000
4057,319,2025-06-07,pending,8400000
4058,382,2025-08-31,completed,6800000
4059,690,2023-07-25,completed,4000000
4060,1180,2024-11-22,completed,10000000
4061,1039,2023-08-09,pending,7400000
4062,634,2025-07-28,completed,6000000
4063,965,2023-07-16,completed,9000000
4064,4,2024-04-16,completed,800000
4065,584,2024-09-29,pending,2000000
4066,816,2025-11-25,completed,1600000
4067,26,2023-11-26,completed,15000000
4068,1029,2025-02-02,cancelled,3500000
4069,691,2024-06-12,pending,9500000
4070,692,2023-02-18,completed,3400000
4071,173,2025-12-31,cancelled,13600000
4072,84,2023-06-06,completed,7600000
4073,527,2024-01-28,returned,8000000
4074,381,2024-07-20,completed,1500000
4075,652,2023-07-18,completed,6500000
4076,1143,2023-01-26,completed,9900000
4077,1085,2025-01-26,cancelled,2100000
4078,48,2024-08-04,completed,1500000
4079,253,2023-07-18,completed,6000000
4080,446,2024-07-25,completed,1600000
4081,1097,2025-12-26,shipping,5200000
4082,685,2025-08-08,cancelled,1000000
4083,60,2024-04-04,completed,22000000
4084,64,2024-02-28,completed,17700000
4085,790,2023-09-05,completed,6800000
4086,696,2025-09-15,completed,5800000
4087,529,2024-07-17,cancelled,1000000
4088,597,2023-11-21,completed,3500000
4089,1042,2025-11-24,completed,6000000
4090,767,2025-02-13,completed,6000000
4091,133,2024-12-02,completed,1200000
4092,25,2025-12-09,cancelled,9000000
4093,1102,2023-04-25,completed,2400000
4094,502,2025-07-23,returned,6000000
4095,272,2025-12-06,completed,800000
4096,105,2024-10-15,completed,3500000
4097,229,2024-02-03,completed,4300000
4098,699,2025-10-27,completed,6700000
4099,211,2024-03-06,completed,6000000
4100,322,2025-08-28,pending,14000000
4101,872,2023-01-12,completed,8300000
4102,963,2025-09-24,returned,5000000
4103,152,2023-11-05,completed,2500000
4104,643,2025-01-09,completed,10500000
4105,765,2023-02-03,returned,13300000
4106,883,2024-07-21,shipping,17900000
4107,309,2024-10-30,cancelled,9000000
4108,1182,2023-11-09,completed,2000000
4109,335,2023-02-25,shipping,8000000
4110,916,2025-06-17,completed,11000000
4111,1002,2025-01-03,completed,1000000
4112,230,2025-07-24,completed,6800000
4113,470,2024-10-24,pending,1600000
4114,80,2024-08-23,completed,5000000
4115,333,2023-03-03,completed,2800000
4116,835,2023-04-06,cancelled,12000000
4117,2,2024-09-29,shipping,1000000
4118,198,2025-09-05,pending,4500000
4119,216,2024-05-26,completed,6500000
4120,374,2023-01-30,completed,7500000
4121,1054,2024-11-21,shipping,1500000
4122,935,2024-12-02,completed,4000000
4123,170,2025-10-30,pending,7300000
4124,1088,2023-12-08,completed,1500000
4125,312,2024-07-24,returned,6500000
4126,1139,2024-09-30,cancelled,4500000
4127,327,2025-05-08,completed,12000000
4128,1074,2025-08-22,completed,9000000
4129,345,2024-04-05,completed,15500000
4130,674,2023-06-20,cancelled,1600000
4131,1159,2025-02-08,shipping,11000000
4132,864,2023-03-23,pending,25500000
4133,520,2025-01-04,completed,39000000
4134,186,2025-04-11,completed,800000
4135,741,2024-10-23,completed,1800000
4136,829,2024-06-23,completed,10000000
4137,664,2024-04-05,completed,6600000
4138,443,2023-10-25,completed,500000
4139,394,2025-04-24,completed,6500000
4140,481,2024-10-17,completed,5800000
4141,1135,2024-04-03,completed,3000000
4142,351,2023-02-15,completed,6000000
4143,566,2023-02-26,completed,6800000
4144,645,2025-01-03,pending,10000000
4145,510,2024-01-03,completed,15100000
4146,823,2024-02-15,returned,9800000
4147,122,2025-02-03,completed,28900000
4148,912,2023-03-04,shipping,24500000
4149,1123,2023-05-15,completed,4000000
4150,121,2025-12-25,cancelled,4000000
4151,773,2023-06-18,completed,4600000
4152,183,2023-12-22,cancelled,16500000
4153,889,2025-11-07,completed,4500000
4154,1170,2023-02-01,completed,16000000
4155,866,2024-09-26,shipping,3900000
4156,810,2025-07-08,cancelled,2000000
4157,1100,2024-11-01,cancelled,12900000
4158,795,2024-01-13,cancelled,4000000
4159,906,2023-03-26,completed,10300000
4160,590,2023-11-26,returned,3000000
4161,348,2024-10-20,completed,5000000
4162,1162,2023-03-14,completed,18000000
4163,707,2025-07-20,shipping,3200000
4164,329,2025-01-23,completed,10000000
4165,257,2024-12-23,completed,14000000
4166,837,2025-02-06,completed,15000000
4167,845,2023-04-15,completed,8500000
4168,268,2025-09-23,shipping,15000000
4169,109,2024-11-09,completed,8500000
4170,840,2023-11-21,completed,9400000
4171,904,2024-01-08,completed,3200000
4172,307,2024-10-18,pending,5100000
4173,49,2025-09-29,completed,12400000
4174,22,2023-02-09,completed,4500000
4175,710,2025-09-28,completed,18000000
4176,316,2023-06-04,completed,5500000
4177,167,2024-01-16,returned,5000000
4178,163,2025-03-03,completed,13500000
4179,379,2025-11-05,completed,1500000
4180,384,2024-10-20,completed,6800000
4181,1087,2023-01-15,returned,2000000
4182,1012,2024-12-05,completed,6000000
4183,759,2025-10-20,completed,12000000
4184,826,2025-08-09,completed,5300000
4185,377,2024-03-20,completed,2000000
4186,1126,2024-07-22,completed,19000000
4187,444,2025-05-02,returned,4600000
4188,765,2023-09-20,returned,500000
4189,669,2024-10-02,shipping,10000000
4190,1173,2024-05-25,completed,2000000
4191,167,2025-12-19,completed,6300000
4192,644,2024-02-14,completed,10700000
4193,322,2025-07-22,cancelled,10500000
4194,291,2025-02-07,completed,16000000
4195,271,2025-10-14,completed,800000
4196,732,2024-11-23,completed,800000
4197,318,2025-07-07,cancelled,11500000
4198,811,2023-02-09,completed,5000000
4199,74,2024-03-03,completed,19800000
4200,577,2025-11-12,pending,5000000
4201,86,2024-02-26,completed,3500000
4202,26,2024-11-14,shipping,8000000
4203,585,2024-05-23,completed,10000000
4204,622,2025-06-30,completed,6000000
4205,764,2023-06-05,cancelled,5000000
4206,936,2024-02-24,completed,9400000
4207,359,2023-01-28,completed,4500000
4208,416,2024-07-01,completed,14500000
4209,761,2023-10-26,completed,10000000
4210,178,2025-08-13,completed,7000000
4211,422,2025-03-22,completed,800000
4212,1128,2023-12-04,cancelled,9000000
4213,930,2023-11-15,shipping,800000
4214,148,2024-09-19,completed,3100000
4215,703,2025-03-05,completed,3600000
4216,970,2025-02-24,cancelled,5300000
4217,1114,2023-07-08,cancelled,7500000
4218,195,2023-01-22,completed,7500000
4219,334,2023-03-23,completed,1500000
4220,794,2023-12-28,completed,2000000
4221,911,2023-08-26,completed,3500000
4222,572,2025-05-14,completed,13800000
4223,1193,2025-04-26,completed,500000
4224,25,2023-08-19,completed,12000000
4225,439,2023-07-22,completed,5500000
4226,1160,2023-12-04,cancelled,14000000
4227,766,2025-03-11,pending,1000000
4228,1044,2023-11-19,completed,4500000
4229,569,2025-03-16,cancelled,8700000
4230,187,2025-12-27,completed,6000000
4231,664,2024-12-14,completed,4400000
4232,390,2025-01-10,completed,2400000
4233,506,2024-02-26,completed,4000000
4234,522,2023-05-28,returned,6900000
4235,408,2024-06-28,completed,22000000
4236,568,2024-08-05,completed,3800000
4237,785,2024-02-21,completed,3000000
4238,833,2024-03-28,completed,7500000
4239,421,2025-10-03,shipping,6400000
4240,774,2023-12-11,completed,1600000
4241,133,2023-02-14,completed,6500000
4242,1200,2025-11-25,pending,6800000
4243,523,2025-07-16,completed,1500000
4244,361,2024-08-13,shipping,23400000
4245,383,2024-07-11,completed,6800000
4246,932,2023-12-25,cancelled,1600000
4247,279,2023-01-02,completed,4800000
4248,830,2024-05-29,completed,2200000
4249,770,2024-09-05,completed,500000
4250,287,2024-09-10,completed,5700000
4251,1050,2025-09-04,returned,7800000
4252,1044,2024-03-23,completed,8000000
4253,999,2023-03-16,completed,2100000
4254,452,2023-03-27,completed,10000000
4255,875,2024-03-07,completed,4400000
4256,678,2024-10-30,cancelled,4500000
4257,829,2024-06-11,completed,5000000
4258,202,2025-11-01,cancelled,9800000
4259,117,2025-06-11,completed,7500000
4260,482,2024-08-09,pending,7400000
4261,1009,2023-01-05,completed,2400000
4262,732,2023-06-29,shipping,5100000
4263,1005,2023-08-09,completed,6900000
4264,735,2025-11-08,cancelled,34500000
4265,303,2023-09-16,completed,13500000
4266,517,2025-03-08,completed,8500000
4267,514,2025-05-01,shipping,1300000
4268,856,2025-01-08,pending,8000000
4269,1083,2024-02-07,shipping,11500000
4270,855,2024-04-01,completed,21000000
4271,561,2025-05-03,shipping,9600000
4272,797,2024-11-03,cancelled,800000
4273,983,2023-02-12,shipping,7200000
4274,1124,2023-05-21,completed,5000000
4275,554,2024-01-02,completed,1000000
4276,570,2023-06-20,completed,1600000
4277,177,2023-05-10,completed,11000000
4278,1050,2025-04-04,completed,10800000
4279,660,2025-01-25,completed,9000000
4280,950,2023-06-24,completed,4500000
4281,650,2024-05-18,pending,1600000
4282,281,2023-11-10,pending,7000000
4283,542,2024-11-14,completed,5400000
4284,1125,2024-09-01,completed,8400000
4285,508,2023-06-17,completed,8100000
4286,385,2025-10-05,completed,1000000
4287,843,2024-08-12,completed,10500000
4288,148,2025-03-19,completed,13900000
4289,498,2025-09-30,completed,1500000
4290,123,2025-07-28,completed,500000
4291,970,2025-12-20,completed,1300000
4292,481,2025-09-22,returned,5500000
4293,1058,2023-02-11,returned,3600000
4294,1139,2025-12-21,completed,15500000
4295,502,2024-10-27,completed,5000000
4296,842,2023-03-31,completed,13800000
4297,494,2023-04-01,completed,3000000
4298,444,2023-07-24,completed,29800000
4299,272,2024-08-27,cancelled,2000000
4300,614,2025-06-03,completed,4800000
4301,1092,2025-05-20,pending,1500000
4302,770,2025-12-28,completed,10800000
4303,493,2023-04-14,completed,13500000
4304,1120,2024-10-21,cancelled,23000000
4305,53,2024-10-02,completed,5400000
4306,91,2023-04-11,completed,5000000
4307,1086,2023-11-04,completed,5000000
4308,101,2025-01-19,completed,2800000
4309,1144,2023-02-04,pending,16800000
4310,1021,2024-05-24,completed,9200000
4311,498,2023-09-25,cancelled,8000000
4312,799,2023-11-17,cancelled,6500000
4313,48,2023-06-23,completed,12800000
4314,680,2023-10-02,pending,6000000
4315,118,2024-08-19,shipping,3000000
4316,1078,2023-09-08,completed,10000000
4317,254,2024-02-11,completed,7500000
4318,671,2025-03-08,returned,17900000
4319,1073,2023-01-27,completed,6400000
4320,438,2025-03-13,pending,2000000
4321,253,2025-12-13,completed,6000000
4322,55,2023-10-13,completed,1000000
4323,151,2024-05-06,completed,12000000
4324,692,2024-05-01,completed,10600000
4325,87,2024-01-31,completed,17300000
4326,223,2025-09-21,completed,3700000
4327,1127,2025-12-18,completed,2000000
4328,37,2023-04-08,returned,11000000
4329,1194,2023-12-06,completed,3500000
4330,935,2024-08-28,pending,1500000
4331,635,2024-01-25,pending,4000000
4332,242,2023-03-04,completed,2000000
4333,741,2025-12-01,shipping,15500000
4334,700,2023-03-03,pending,4500000
4335,890,2024-06-28,completed,4600000
4336,299,2024-01-25,completed,6200000
4337,1043,2023-12-03,completed,4000000
4338,798,2025-03-03,completed,7000000
4339,112,2025-07-17,completed,2100000
4340,907,2024-07-30,completed,24000000
4341,137,2024-06-23,shipping,6200000
4342,822,2023-08-11,shipping,3000000
4343,865,2024-10-12,completed,2000000
4344,346,2024-10-23,shipping,2000000
4345,109,2024-04-29,cancelled,5300000
4346,331,2024-01-09,completed,5000000
4347,475,2025-11-21,cancelled,3500000
4348,1116,2025-05-27,shipping,1500000
4349,1017,2025-11-27,completed,9500000
4350,31,2024-11-17,completed,1600000
4351,357,2023-10-12,completed,13000000
4352,1120,2024-05-28,completed,15000000
4353,1134,2024-08-03,completed,6600000
4354,800,2025-09-05,cancelled,6500000
4355,1009,2025-02-26,shipping,6000000
4356,79,2025-12-25,completed,5600000
4357,800,2025-02-19,completed,16500000
4358,374,2025-12-08,completed,5000000
4359,273,2025-12-26,pending,10600000
4360,692,2025-09-16,shipping,5600000
4361,758,2023-07-29,returned,5000000
4362,792,2024-10-26,completed,2300000
4363,338,2023-04-07,pending,7400000
4364,930,2023-08-09,completed,10000000
4365,860,2025-09-01,returned,6000000
4366,94,2023-11-03,completed,2000000
4367,936,2025-02-23,shipping,2000000
4368,270,2025-09-05,completed,3000000
4369,678,2025-05-26,returned,4300000
4370,650,2024-08-12,completed,12500000
4371,142,2024-03-02,completed,10000000
4372,206,2024-08-04,shipping,2700000
4373,904,2024-08-22,completed,500000
4374,143,2025-12-12,pending,4500000
4375,121,2025-02-11,shipping,6600000
4376,966,2025-04-07,completed,5000000
4377,278,2025-02-15,completed,15000000
4378,929,2025-03-14,shipping,16500000
4379,1194,2023-03-01,completed,3000000
4380,621,2024-04-28,completed,13500000
4381,1183,2025-10-17,cancelled,1500000
4382,1170,2023-12-24,completed,6000000
4383,1063,2024-05-12,completed,8600000
4384,954,2025-11-28,shipping,4400000
4385,83,2024-02-18,returned,4000000
4386,1176,2024-10-18,completed,19000000
4387,408,2025-09-05,shipping,3600000
4388,1024,2023-08-24,completed,800000
4389,943,2025-04-19,cancelled,1500000
4390,825,2023-08-03,completed,2000000
4391,1084,2024-03-14,completed,2800000
4392,578,2023-12-27,completed,10400000
4393,780,2023-01-03,completed,9000000
4394,794,2023-09-24,completed,6300000
4395,46,2025-04-24,completed,6000000
4396,325,2023-01-16,cancelled,10000000
4397,831,2025-10-13,cancelled,3800000
4398,871,2023-12-20,completed,8000000
4399,817,2023-07-04,completed,3000000
4400,304,2023-05-05,completed,2000000
4401,164,2024-08-12,completed,1500000
4402,36,2025-06-10,completed,13000000
4403,411,2025-04-04,pending,25400000
4404,826,2025-04-29,completed,2000000
4405,538,2024-04-28,shipping,3000000
4406,1176,2023-01-07,cancelled,9500000
4407,809,2025-12-19,completed,3500000
4408,204,2023-11-01,completed,1200000
4409,661,2025-06-13,cancelled,17600000
4410,217,2023-07-02,pending,17700000
4411,1171,2025-11-16,shipping,7300000
4412,145,2024-09-14,completed,6000000
4413,478,2025-02-04,completed,3000000
4414,656,2025-08-27,pending,2400000
4415,188,2025-10-30,cancelled,6000000
4416,727,2025-05-17,completed,5600000
4417,773,2024-12-26,shipping,3300000
4418,864,2025-02-09,completed,500000
4419,133,2025-06-28,completed,3000000
4420,833,2024-07-17,completed,6000000
4421,983,2025-12-15,completed,14000000
4422,509,2025-01-02,returned,3500000
4423,700,2024-10-19,completed,12000000
4424,200,2025-05-28,completed,1500000
4425,963,2023-09-17,completed,12000000
4426,557,2023-06-13,completed,5300000
4427,902,2025-02-19,cancelled,7000000
4428,740,2023-04-02,completed,1000000
4429,1138,2025-03-19,completed,3000000
4430,1173,2024-09-03,completed,2000000
4431,1141,2025-06-09,completed,5400000
4432,60,2024-03-28,completed,3800000
4433,593,2023-04-21,completed,1800000
4434,926,2025-09-06,completed,3500000
4435,1031,2025-11-24,returned,1500000
4436,972,2025-09-12,returned,1000000
4437,734,2023-01-28,completed,10000000
4438,871,2023-06-05,completed,1000000
4439,701,2024-04-11,cancelled,2000000
4440,253,2024-04-21,shipping,9000000
4441,753,2024-08-07,completed,1200000
4442,917,2025-10-03,completed,7000000
4443,150,2025-08-30,completed,12000000
4444,68,2025-03-02,pending,4000000
4445,547,2024-04-14,completed,7000000
4446,871,2024-12-08,completed,2000000
4447,1089,2025-01-10,completed,2100000
4448,253,2023-10-29,returned,7000000
4449,645,2025-09-12,completed,1800000
4450,518,2023-12-25,shipping,3000000
4451,62,2024-03-10,completed,21400000
4452,1144,2025-09-11,completed,4000000
4453,500,2024-07-19,cancelled,15500000
4454,828,2024-01-09,pending,2000000
4455,153,2024-11-09,cancelled,16500000
4456,805,2025-01-29,completed,2400000
4457,916,2024-10-25,completed,9400000
4458,1082,2024-04-24,completed,7500000
4459,879,2024-01-05,pending,5700000
4460,735,2025-12-05,pending,4500000
4461,1171,2025-01-09,completed,17500000
4462,153,2025-07-09,cancelled,10600000
4463,1,2023-04-12,completed,15500000
4464,1066,2025-11-24,cancelled,6100000
4465,135,2023-05-01,completed,13100000
4466,178,2025-10-29,completed,23000000
4467,1055,2024-02-19,pending,1500000
4468,681,2023-04-03,pending,9500000
4469,1074,2024-05-10,shipping,2800000
4470,1123,2025-10-27,completed,6000000
4471,611,2023-04-08,completed,3500000
4472,665,2023-08-08,completed,3300000
4473,292,2024-11-03,cancelled,11000000
4474,549,2023-01-02,cancelled,1500000
4475,122,2023-01-22,completed,7300000
4476,696,2023-03-07,completed,4800000
4477,20,2025-03-15,cancelled,500000
4478,1186,2023-08-31,completed,10800000
4479,499,2025-02-04,completed,3000000
4480,1183,2023-01-27,completed,2300000
4481,495,2025-09-07,cancelled,10000000
4482,1168,2024-08-14,cancelled,15800000
4483,941,2024-06-05,completed,1500000
4484,678,2023-07-15,cancelled,800000
4485,12,2025-04-27,completed,10000000
4486,279,2023-01-14,cancelled,6500000
4487,810,2023-04-06,pending,4500000
4488,725,2025-12-02,completed,17400000
4489,9,2025-01-19,completed,18000000
4490,1139,2025-11-24,completed,22000000
4491,345,2025-09-03,completed,7000000
4492,433,2025-12-10,completed,13300000
4493,764,2024-02-02,pending,800000
4494,811,2024-02-08,returned,2000000
4495,902,2025-07-24,completed,3500000
4496,152,2025-08-19,shipping,1600000
4497,1088,2024-03-22,pending,2400000
4498,137,2025-03-03,completed,500000
4499,115,2025-01-21,shipping,19200000
4500,75,2024-09-19,completed,1000000
4501,930,2024-01-24,completed,500000
4502,524,2024-12-04,completed,5400000
4503,201,2025-04-14,completed,6500000
4504,275,2024-01-18,cancelled,7600000
4505,494,2023-06-08,pending,23000000
4506,1155,2024-07-04,pending,3800000
4507,409,2025-06-13,completed,16000000
4508,818,2023-10-20,shipping,6000000
4509,566,2023-10-07,pending,15000000
4510,543,2024-02-05,shipping,19000000
4511,62,2025-12-29,cancelled,9000000
4512,1141,2024-07-29,completed,4500000
4513,336,2023-02-21,completed,14000000
4514,400,2025-08-16,completed,4500000
4515,900,2023-05-09,shipping,15800000
4516,135,2024-09-25,completed,5300000
4517,407,2023-09-07,completed,3800000
4518,722,2023-10-31,completed,17600000
4519,962,2025-03-24,completed,19600000
4520,891,2025-09-06,completed,1200000
4521,1042,2023-02-04,cancelled,10000000
4522,1160,2023-11-12,cancelled,11800000
4523,101,2025-03-08,shipping,15000000
4524,484,2023-01-13,completed,21400000
4525,976,2023-04-03,completed,800000
4526,549,2023-05-28,cancelled,9100000
4527,379,2023-05-04,completed,15000000
4528,1017,2023-07-16,cancelled,1500000
4529,881,2025-04-06,completed,2800000
4530,380,2023-09-28,completed,3300000
4531,783,2024-11-04,completed,1800000
4532,49,2024-12-15,completed,20000000
4533,678,2023-03-09,completed,2500000
4534,162,2025-01-03,cancelled,1500000
4535,17,2024-01-03,completed,1500000
4536,1147,2024-11-17,completed,10000000
4537,599,2024-03-29,completed,2000000
4538,501,2024-06-13,completed,5000000
4539,1150,2023-12-17,completed,3500000
4540,1070,2024-07-06,completed,10500000
4541,570,2023-10-31,completed,500000
4542,946,2024-11-13,shipping,5000000
4543,882,2024-09-03,cancelled,3200000
4544,376,2024-01-26,completed,7500000
4545,812,2023-02-27,pending,24500000
4546,1099,2023-12-01,completed,5500000
4547,419,2023-01-21,completed,5000000
4548,935,2025-01-17,completed,8000000
4549,270,2023-04-06,completed,1600000
4550,34,2023-07-06,completed,1000000
4551,900,2025-09-02,cancelled,4500000
4552,737,2024-04-10,shipping,600000
4553,132,2024-01-04,completed,8600000
4554,157,2024-01-17,completed,12600000
4555,225,2025-10-08,completed,28500000
4556,400,2023-01-04,pending,6000000
4557,38,2024-09-16,completed,3500000
4558,716,2024-10-03,cancelled,1800000
4559,849,2024-04-22,completed,2000000
4560,275,2023-02-26,completed,9000000
4561,608,2024-01-04,completed,4600000
4562,83,2023-03-31,completed,14800000
4563,855,2023-08-13,completed,18000000
4564,1020,2025-09-10,completed,7000000
4565,892,2023-09-22,cancelled,3000000
4566,396,2024-01-10,cancelled,2000000
4567,231,2023-08-18,shipping,7000000
4568,198,2023-11-26,completed,6200000
4569,387,2023-07-17,completed,5400000
4570,351,2023-05-08,completed,22800000
4571,171,2025-11-01,completed,6000000
4572,318,2025-11-01,completed,3000000
4573,459,2024-12-16,completed,7000000
4574,1010,2025-02-28,completed,4600000
4575,840,2023-08-28,completed,10000000
4576,506,2024-09-04,completed,12500000
4577,918,2024-02-23,completed,6500000
4578,1187,2023-02-16,completed,900000
4579,897,2025-03-22,completed,8000000
4580,397,2023-08-19,completed,9500000
4581,342,2025-11-20,shipping,4000000
4582,594,2023-05-06,completed,3000000
4583,2,2024-01-25,pending,4000000
4584,218,2024-12-12,shipping,6000000
4585,27,2023-04-07,completed,10500000
4586,794,2024-08-22,completed,1900000
4587,40,2023-08-31,completed,20600000
4588,821,2025-02-05,shipping,3000000
4589,979,2023-10-08,completed,1500000
4590,484,2024-08-26,completed,9000000
4591,475,2025-12-30,completed,14800000
4592,140,2025-08-25,pending,800000
4593,555,2024-10-19,completed,2000000
4594,672,2025-09-28,completed,3000000
4595,632,2023-07-09,completed,800000
4596,610,2024-08-28,pending,5500000
4597,1001,2025-11-11,completed,800000
4598,1068,2024-01-09,completed,2000000
4599,891,2024-01-12,completed,1000000
4600,671,2024-04-08,pending,7500000
4601,1017,2023-11-29,completed,9300000
4602,1135,2024-11-27,completed,7000000
4603,568,2025-11-19,completed,11000000
4604,714,2025-11-30,completed,500000
4605,948,2024-09-04,completed,3500000
4606,674,2024-02-27,cancelled,3000000
4607,374,2024-03-21,completed,6500000
4608,690,2023-01-24,completed,4000000
4609,642,2025-10-30,completed,12200000
4610,258,2025-08-29,completed,16600000
4611,672,2024-09-05,completed,5200000
4612,822,2024-05-17,completed,2500000
4613,598,2024-01-16,pending,20000000
4614,88,2024-05-06,completed,3000000
4615,511,2024-08-27,completed,8000000
4616,614,2023-09-12,cancelled,2200000
4617,1043,2023-07-29,completed,1000000
4618,45,2025-04-23,completed,4400000
4619,553,2024-10-17,completed,12300000
4620,72,2024-02-20,completed,1500000
4621,829,2025-07-09,completed,6000000
4622,715,2024-01-31,completed,2500000
4623,477,2024-12-30,completed,2400000
4624,558,2023-07-24,completed,5000000
4625,296,2024-07-21,completed,1500000
4626,161,2023-10-23,completed,7300000
4627,306,2025-03-28,cancelled,800000
4628,687,2024-04-29,pending,4700000
4629,1014,2024-05-13,returned,3100000
4630,192,2023-08-12,pending,4200000
4631,52,2024-06-03,shipping,9500000
4632,932,2024-06-09,completed,4400000
4633,914,2025-02-08,completed,1500000
4634,964,2025-04-17,completed,12000000
4635,655,2023-07-06,completed,7700000
4636,935,2024-06-14,cancelled,5000000
4637,268,2023-06-25,completed,7200000
4638,262,2024-02-09,returned,5000000
4639,81,2025-10-29,completed,21500000
4640,826,2025-07-17,completed,500000
4641,6,2023-02-17,shipping,800000
4642,1013,2025-12-25,completed,1600000
4643,169,2025-05-20,completed,800000
4644,199,2025-12-07,completed,12500000
4645,490,2024-07-22,completed,2900000
4646,304,2023-04-20,completed,500000
4647,188,2025-11-04,completed,800000
4648,289,2023-03-10,completed,1000000
4649,735,2024-01-30,completed,23500000
4650,815,2023-05-05,completed,5000000
4651,1070,2023-10-21,completed,6500000
4652,880,2024-06-13,cancelled,11700000
4653,634,2024-06-15,completed,5800000
4654,376,2025-03-18,completed,9500000
4655,906,2025-06-24,pending,4400000
4656,1159,2023-10-26,completed,3000000
4657,775,2023-11-05,pending,6000000
4658,567,2024-08-02,completed,2400000
4659,301,2025-08-07,shipping,4000000
4660,568,2025-04-09,shipping,3200000
4661,373,2023-07-06,shipping,12000000
4662,105,2024-09-28,returned,12000000
4663,120,2024-02-19,returned,5000000
4664,566,2024-03-05,shipping,4000000
4665,727,2024-06-13,completed,5800000
4666,1083,2025-06-27,completed,5000000
4667,217,2025-05-23,cancelled,2400000
4668,787,2024-05-29,pending,2000000
4669,588,2023-01-31,cancelled,2100000
4670,277,2024-01-17,pending,8000000
4671,967,2023-02-10,completed,17100000
4672,10,2024-03-21,completed,10500000
4673,153,2023-02-01,completed,1000000
4674,1127,2024-05-16,shipping,6800000
4675,566,2025-10-18,cancelled,2000000
4676,506,2024-11-21,cancelled,4000000
4677,94,2025-08-03,cancelled,6000000
4678,758,2024-07-27,completed,1500000
4679,1025,2025-08-07,completed,800000
4680,444,2023-07-20,completed,2000000
4681,618,2025-02-24,completed,18000000
4682,94,2025-07-07,completed,500000
4683,423,2024-11-23,completed,16000000
4684,759,2024-04-26,completed,3000000
4685,172,2024-11-01,completed,11800000
4686,977,2023-09-24,completed,1500000
4687,154,2025-09-30,completed,2300000
4688,1134,2024-04-21,completed,300000
4689,367,2024-01-19,completed,4500000
4690,1015,2023-06-08,completed,8400000
4691,1183,2025-06-21,completed,7500000
4692,125,2024-10-27,completed,27400000
4693,880,2023-05-02,completed,2500000
4694,766,2023-02-17,completed,8000000
4695,613,2024-07-26,completed,6000000
4696,355,2024-05-16,completed,12000000
4697,830,2024-03-02,cancelled,4000000
4698,808,2023-12-01,completed,3500000
4699,275,2023-04-26,completed,2500000
4700,550,2023-07-10,shipping,14000000
4701,205,2025-09-13,cancelled,500000
4702,1042,2025-03-27,completed,6000000
4703,680,2024-12-27,completed,1600000
4704,487,2023-04-12,completed,7800000
4705,1009,2023-03-26,completed,14000000
4706,594,2025-06-06,shipping,2400000
4707,657,2025-09-05,pending,2000000
4708,1198,2023-12-11,shipping,11000000
4709,831,2023-12-11,returned,6300000
4710,348,2023-11-29,completed,800000
4711,856,2025-03-18,cancelled,3000000
4712,702,2025-01-09,completed,2500000
4713,412,2023-12-30,completed,18000000
4714,77,2024-10-18,completed,12800000
4715,301,2024-02-10,completed,2700000
4716,566,2024-08-12,cancelled,3800000
4717,427,2024-01-04,completed,4000000
4718,1048,2025-06-22,completed,10500000
4719,551,2024-12-08,completed,1000000
4720,23,2023-12-05,completed,16000000
4721,1057,2024-06-29,completed,10500000
4722,1071,2024-06-20,completed,11400000
4723,479,2025-04-07,pending,24200000
4724,931,2025-02-27,returned,12000000
4725,910,2025-11-08,completed,10600000
4726,376,2025-05-11,shipping,17300000
4727,419,2024-09-15,completed,2000000
4728,620,2023-10-10,completed,16000000
4729,126,2023-05-23,completed,12000000
4730,186,2023-01-13,pending,2500000
4731,487,2024-10-31,returned,3000000
4732,780,2024-01-03,completed,9200000
4733,570,2023-10-28,cancelled,4500000
4734,704,2025-12-16,cancelled,12800000
4735,112,2023-11-16,completed,3000000
4736,340,2025-04-29,cancelled,8500000
4737,695,2024-01-12,completed,1500000
4738,789,2023-08-14,completed,13000000
4739,863,2024-02-03,shipping,10000000
4740,685,2025-12-04,shipping,13100000
4741,940,2025-01-15,completed,7600000
4742,524,2025-10-23,cancelled,21400000
4743,1168,2024-05-24,completed,11600000
4744,993,2023-12-23,completed,800000
4745,264,2023-01-23,completed,8500000
4746,819,2025-11-20,completed,4600000
4747,506,2023-07-15,completed,5100000
4748,138,2023-05-25,completed,800000
4749,1114,2025-08-20,completed,4500000
4750,310,2023-04-24,completed,7000000
4751,1117,2023-03-11,shipping,5500000
4752,837,2025-04-17,completed,13000000
4753,508,2024-09-21,completed,1500000
4754,829,2023-07-18,completed,6400000
4755,93,2023-10-28,pending,5800000
4756,636,2024-08-09,completed,800000
4757,462,2023-01-11,completed,5300000
4758,184,2025-09-16,returned,5000000
4759,786,2023-03-17,completed,3600000
4760,240,2025-03-26,completed,6500000
4761,566,2023-11-03,pending,500000
4762,82,2024-05-03,shipping,9000000
4763,323,2024-11-23,shipping,3600000
4764,702,2025-05-05,completed,800000
4765,1039,2025-06-03,completed,10900000
4766,565,2024-11-24,completed,11500000
4767,745,2024-07-24,cancelled,10500000
4768,1181,2025-01-14,completed,7000000
4769,811,2024-05-03,completed,500000
4770,545,2023-01-17,completed,3000000
4771,486,2023-03-01,completed,5000000
4772,383,2025-03-14,completed,15000000
4773,281,2023-03-31,cancelled,9900000
4774,760,2023-11-02,completed,1500000
4775,211,2024-09-26,completed,3000000
4776,832,2023-02-02,completed,10700000
4777,669,2024-09-21,completed,8600000
4778,891,2025-04-08,completed,7000000
4779,960,2023-07-01,completed,5000000
4780,1002,2024-05-10,shipping,1000000
4781,273,2024-03-06,shipping,3000000
4782,336,2025-07-31,shipping,22500000
4783,280,2023-02-14,completed,25500000
4784,894,2023-05-23,returned,4500000
4785,438,2023-11-13,cancelled,27000000
4786,908,2023-01-08,completed,2000000
4787,1032,2024-09-15,completed,3800000
4788,283,2025-01-30,completed,32500000
4789,428,2023-08-02,completed,6800000
4790,1037,2025-05-25,cancelled,11500000
4791,781,2023-07-27,completed,4600000
4792,696,2024-04-11,completed,1200000
4793,1088,2024-09-06,shipping,16500000
4794,1078,2023-09-21,completed,21000000
4795,410,2025-01-27,completed,25500000
4796,16,2023-07-22,completed,2000000
4797,1011,2024-12-22,returned,500000
4798,1073,2025-07-03,pending,7600000
4799,666,2023-08-07,shipping,9000000
4800,478,2025-07-15,completed,1000000
4801,435,2025-11-15,completed,4000000
4802,458,2024-03-11,completed,10000000
4803,559,2024-07-04,completed,5000000
4804,1044,2023-01-30,completed,2600000
4805,3,2023-12-12,completed,2400000
4806,725,2025-12-22,cancelled,2500000
4807,902,2025-07-30,completed,3300000
4808,1026,2025-12-05,completed,9000000
4809,502,2024-03-26,shipping,1000000
4810,340,2025-07-29,completed,20900000
4811,604,2025-01-10,completed,23000000
4812,1030,2023-12-17,cancelled,16600000
4813,918,2025-07-03,cancelled,2000000
4814,643,2024-02-19,completed,8500000
4815,757,2025-03-10,pending,1500000
4816,47,2025-09-07,completed,23000000
4817,1120,2023-07-24,completed,17500000
4818,76,2023-08-31,completed,3000000
4819,474,2024-04-03,cancelled,9800000
4820,1047,2024-01-27,cancelled,1500000
4821,447,2023-07-25,completed,2000000
4822,733,2023-09-18,completed,1300000
4823,429,2024-09-29,shipping,23100000
4824,923,2025-07-03,shipping,2000000
4825,732,2025-05-23,completed,23000000
4826,928,2023-11-25,cancelled,1000000
4827,1146,2023-10-07,completed,4500000
4828,764,2024-02-29,pending,10500000
4829,236,2025-05-19,completed,4000000
4830,1157,2023-07-22,cancelled,5200000
4831,257,2025-04-09,completed,1000000
4832,713,2023-03-02,completed,2000000
4833,851,2025-04-27,completed,5000000
4834,66,2023-10-03,pending,1000000
4835,1115,2023-03-23,returned,8000000
4836,307,2024-09-15,completed,800000
4837,129,2025-07-26,completed,7400000
4838,447,2024-12-31,completed,13400000
4839,686,2024-12-04,cancelled,6000000
4840,524,2025-03-28,completed,9000000
4841,938,2025-12-13,completed,4000000
4842,107,2025-12-18,completed,1500000
4843,640,2024-02-27,completed,14000000
4844,109,2023-01-05,completed,4000000
4845,400,2023-04-22,completed,10200000
4846,291,2023-02-09,shipping,20500000
4847,476,2023-09-25,completed,18000000
4848,1095,2024-09-20,completed,6000000
4849,240,2024-03-15,cancelled,6000000
4850,683,2023-09-16,completed,11000000
4851,549,2023-12-23,cancelled,3600000
4852,1127,2025-01-08,completed,4000000
4853,828,2025-01-29,completed,800000
4854,1047,2025-05-03,completed,3200000
4855,555,2025-03-17,completed,1600000
4856,261,2024-11-25,completed,1500000
4857,610,2023-07-31,completed,11000000
4858,587,2025-04-21,completed,2800000
4859,1119,2023-06-08,completed,2000000
4860,1056,2024-02-07,completed,1500000
4861,341,2024-07-14,completed,4000000
4862,251,2024-08-07,completed,4800000
4863,392,2023-08-11,cancelled,6000000
4864,164,2023-08-13,completed,12000000
4865,1170,2023-02-26,pending,1200000
4866,475,2024-03-17,cancelled,9000000
4867,890,2025-10-07,completed,9400000
4868,505,2024-08-20,returned,3800000
4869,1159,2023-07-16,shipping,5300000
4870,177,2025-10-11,shipping,29500000
4871,181,2024-08-15,completed,6800000
4872,894,2025-01-24,completed,5500000
4873,777,2024-08-09,completed,1600000
4874,688,2024-03-22,completed,6500000
4875,5,2023-10-12,completed,17200000
4876,453,2023-04-30,completed,8300000
4877,47,2023-03-29,shipping,28200000
4878,211,2023-01-11,completed,4700000
4879,250,2024-12-20,cancelled,5000000
4880,318,2024-08-04,completed,6500000
4881,1136,2024-07-02,pending,2400000
4882,505,2024-12-11,pending,14600000
4883,952,2025-12-09,completed,6300000
4884,259,2025-11-11,completed,12300000
4885,1020,2023-02-21,completed,1300000
4886,491,2025-04-04,completed,22000000
4887,881,2025-01-05,completed,22000000
4888,849,2023-05-22,shipping,1500000
4889,981,2025-03-27,completed,6500000
4890,19,2025-12-24,completed,9000000
4891,222,2024-11-01,completed,4000000
4892,1154,2025-02-14,completed,7000000
4893,170,2024-10-21,shipping,5000000
4894,287,2025-06-10,shipping,8200000
4895,1110,2023-12-29,completed,1500000
4896,11,2025-03-22,completed,5500000
4897,16,2024-01-14,completed,20800000
4898,772,2023-10-27,completed,7100000
4899,705,2024-03-20,completed,26900000
4900,862,2025-05-26,completed,8500000
4901,234,2025-03-11,completed,14800000
4902,452,2025-10-16,completed,800000
4903,929,2024-11-20,completed,22000000
4904,981,2024-06-12,cancelled,5000000
4905,699,2023-10-13,completed,3000000
4906,877,2025-03-15,completed,31500000
4907,533,2025-12-19,completed,12000000
4908,1185,2025-05-07,completed,2300000
4909,655,2023-02-14,completed,5000000
4910,617,2025-01-30,completed,6000000
4911,281,2025-02-04,completed,17500000
4912,320,2024-07-06,cancelled,3900000
4913,1066,2025-05-23,completed,15100000
4914,831,2025-10-18,completed,6400000
4915,233,2024-01-20,completed,6200000
4916,123,2023-04-10,completed,5800000
4917,1043,2024-11-27,completed,6000000
4918,25,2025-02-20,completed,6300000
4919,192,2023-08-07,shipping,3600000
4920,1187,2025-12-03,completed,6000000
4921,1105,2025-05-14,cancelled,1500000
4922,820,2023-10-18,shipping,4900000
4923,415,2023-01-14,completed,1000000
4924,881,2024-03-30,completed,8000000
4925,1115,2023-01-16,completed,6100000
4926,961,2023-08-26,cancelled,15000000
4927,407,2023-01-03,completed,8000000
4928,107,2024-12-15,completed,13500000
4929,890,2024-12-17,completed,1700000
4930,36,2025-01-20,shipping,4000000
4931,181,2023-01-28,completed,10000000
4932,235,2024-11-04,cancelled,500000
4933,1033,2023-03-08,completed,2300000
4934,1025,2024-02-28,shipping,2500000
4935,1035,2025-10-10,pending,1000000
4936,264,2024-08-17,pending,7200000
4937,50,2024-11-23,pending,6500000
4938,656,2024-03-20,cancelled,17500000
4939,1133,2025-06-27,cancelled,11100000
4940,369,2024-04-16,completed,1200000
4941,349,2025-12-29,completed,5300000
4942,452,2023-06-30,completed,2000000
4943,286,2023-07-13,returned,9600000
4944,995,2025-05-24,shipping,17000000
4945,886,2025-12-13,cancelled,15000000
4946,331,2023-12-19,completed,5500000
4947,384,2023-01-02,completed,800000
4948,984,2025-08-10,completed,5000000
4949,596,2025-03-04,completed,2400000
4950,812,2024-12-19,completed,2400000
4951,553,2024-01-06,completed,17300000
4952,1039,2023-03-15,completed,7000000
4953,1021,2024-02-05,completed,1000000
4954,1176,2025-07-13,completed,5800000
4955,1112,2025-10-06,completed,6800000
4956,858,2024-12-25,completed,14000000
4957,1013,2024-03-18,completed,3000000
4958,969,2025-01-17,completed,1300000
4959,516,2024-09-07,returned,1700000
4960,740,2023-03-07,completed,1000000
4961,958,2025-07-04,cancelled,4300000
4962,272,2023-01-10,completed,4200000
4963,1007,2024-11-08,pending,6100000
4964,890,2024-12-05,completed,4500000
4965,84,2024-10-25,completed,39000000
4966,975,2023-12-08,completed,4000000
4967,1047,2025-06-24,completed,2100000
4968,893,2024-09-28,cancelled,5500000
4969,355,2024-03-16,completed,8100000
4970,297,2023-12-26,completed,3000000
4971,131,2024-08-22,cancelled,3800000
4972,763,2023-11-18,completed,1800000
4973,696,2025-11-08,completed,15000000
4974,892,2025-09-18,completed,2000000
4975,710,2023-06-15,completed,800000
4976,773,2025-12-02,completed,11000000
4977,97,2023-04-08,completed,9200000
4978,915,2023-12-20,shipping,4500000
4979,482,2023-12-13,completed,9000000
4980,1072,2023-09-06,completed,5000000
4981,177,2025-02-18,completed,4600000
4982,205,2023-01-19,completed,3000000
4983,370,2024-03-19,completed,1000000
4984,741,2023-10-18,completed,5000000
4985,1025,2025-05-21,completed,6000000
4986,449,2023-02-21,completed,13000000
4987,592,2024-09-10,completed,6000000
4988,611,2023-12-23,completed,800000
4989,864,2025-05-01,completed,3000000
4990,45,2024-03-19,completed,18800000
4991,132,2023-04-13,shipping,5000000
4992,322,2024-07-29,completed,4000000
4993,110,2025-09-10,completed,8000000
4994,117,2024-10-08,shipping,10000000
4995,688,2025-05-05,cancelled,3300000
4996,499,2024-02-14,completed,8000000
4997,841,2024-03-22,completed,3000000
4998,1190,2023-04-20,returned,1600000
4999,1024,2023-06-07,completed,500000
5000,399,2024-05-10,completed,10800000
5001,761,2025-11-22,completed,5000000
5002,447,2023-11-12,completed,26400000
5003,1111,2025-03-20,completed,12000000
5004,964,2025-03-30,cancelled,15000000
5005,361,2023-08-09,completed,16000000
5006,370,2024-09-17,completed,2000000
5007,471,2023-05-06,shipping,4800000
5008,193,2024-09-26,completed,4000000
5009,187,2025-11-20,completed,2600000
5010,134,2024-01-30,completed,20100000
5011,786,2024-10-16,completed,11500000
5012,868,2023-12-21,completed,1000000
5013,1110,2024-01-28,completed,5500000
5014,385,2024-07-07,completed,800000
5015,210,2025-12-14,shipping,3000000
5016,360,2024-08-05,completed,16000000
5017,1146,2025-12-07,returned,12000000
5018,865,2024-08-03,completed,3000000
5019,256,2025-12-07,completed,2500000
5020,824,2025-02-11,completed,3500000
5021,535,2023-06-15,cancelled,10600000
5022,1035,2023-07-16,cancelled,500000
5023,582,2025-01-23,completed,5000000
5024,470,2025-09-19,completed,13200000
5025,267,2024-11-07,shipping,15500000
5026,1174,2024-02-06,completed,1500000
5027,290,2025-02-11,completed,14000000
5028,398,2025-05-15,completed,6000000
5029,501,2024-04-21,completed,13500000
5030,1044,2025-02-05,cancelled,3600000
5031,492,2025-09-02,completed,11500000
5032,611,2023-06-30,cancelled,3900000
5033,732,2025-11-02,cancelled,4500000
5034,843,2023-01-28,completed,3500000
5035,741,2025-05-13,completed,7000000
5036,628,2025-08-21,shipping,13000000
5037,843,2025-02-24,completed,8000000
5038,566,2023-12-03,cancelled,1000000
5039,586,2023-02-05,pending,17000000
5040,67,2024-09-23,completed,2000000
5041,696,2023-12-10,completed,15000000
5042,1034,2025-09-11,pending,19700000
5043,857,2024-10-13,completed,2000000
5044,244,2025-09-28,completed,12500000
5045,365,2024-03-16,shipping,3000000
5046,85,2025-12-27,completed,6000000
5047,107,2023-07-28,completed,800000
5048,823,2023-06-30,completed,5000000
5049,834,2025-06-04,pending,16000000
5050,202,2023-10-17,completed,27200000
5051,1079,2023-09-29,completed,8500000
5052,1165,2023-03-04,completed,7000000
5053,1129,2025-07-22,completed,1000000
5054,264,2023-10-24,completed,1300000
5055,1057,2025-03-29,completed,2000000
5056,616,2025-09-04,returned,3500000
5057,1197,2025-10-31,completed,8100000
5058,872,2024-05-01,completed,10500000
5059,661,2024-08-16,completed,16100000
5060,807,2025-10-07,completed,22000000
5061,1099,2023-01-04,completed,800000
5062,703,2024-09-02,pending,2300000
5063,1130,2024-03-24,completed,1000000
5064,411,2024-11-06,completed,12500000
5065,321,2025-05-27,cancelled,7500000
5066,229,2025-04-05,completed,2400000
5067,1033,2024-01-12,completed,13000000
5068,983,2025-02-20,completed,1500000
5069,615,2023-01-11,shipping,18000000
5070,805,2023-03-25,completed,16000000
5071,911,2023-11-11,completed,9000000
5072,446,2025-10-15,shipping,1600000
5073,1049,2024-06-30,completed,4000000
5074,1034,2023-05-13,completed,500000
5075,339,2024-11-25,completed,8700000
5076,431,2024-09-18,cancelled,24000000
5077,6,2023-04-21,shipping,23000000
5078,517,2025-08-04,completed,15000000
5079,538,2025-09-17,completed,14000000
5080,674,2025-02-05,completed,3500000
5081,996,2025-01-11,completed,9000000
5082,619,2025-06-28,completed,2000000
5083,1010,2025-09-28,pending,12600000
5084,764,2025-04-04,completed,800000
5085,64,2025-02-23,pending,2000000
5086,1084,2024-10-02,completed,18000000
5087,94,2025-09-28,completed,1300000
5088,97,2024-09-26,completed,13400000
5089,748,2023-11-11,completed,4500000
5090,486,2023-05-20,completed,6800000
5091,1002,2024-09-18,cancelled,2300000
5092,768,2024-10-11,shipping,800000
5093,922,2024-01-20,completed,8000000
5094,1100,2023-06-14,cancelled,1000000
5095,500,2024-02-11,completed,2000000
5096,798,2023-01-24,completed,26000000
5097,853,2025-10-18,completed,6600000
5098,332,2024-11-03,completed,13000000
5099,513,2025-09-23,completed,4000000
5100,109,2023-09-10,cancelled,12000000
5101,947,2024-07-21,returned,6800000
5102,1045,2025-07-21,completed,500000
5103,754,2024-09-02,pending,6000000
5104,693,2024-06-03,completed,13400000
5105,1194,2025-09-14,completed,500000
5106,1010,2023-02-24,completed,4000000
5107,804,2024-10-18,completed,11000000
5108,665,2023-04-02,completed,3300000
5109,1,2024-09-10,shipping,25500000
5110,1196,2025-01-07,cancelled,3000000
5111,992,2025-08-26,shipping,2000000
5112,1181,2024-03-06,completed,16300000
5113,840,2025-09-02,cancelled,7000000
5114,833,2023-10-23,completed,2600000
5115,1135,2025-05-09,cancelled,2000000
5116,475,2024-01-30,pending,15000000
5117,517,2024-07-27,pending,15500000
5118,897,2025-03-13,completed,6500000
5119,1139,2024-11-19,completed,17500000
5120,271,2025-01-17,completed,8000000
5121,267,2023-12-12,shipping,14000000
5122,992,2025-11-29,pending,1900000
5123,875,2023-01-18,cancelled,1300000
5124,640,2024-11-24,completed,300000
5125,740,2024-09-01,completed,5000000
5126,956,2024-10-16,completed,1500000
5127,471,2025-03-26,completed,18200000
5128,532,2024-11-18,completed,4000000
5129,1025,2025-07-31,completed,6500000
5130,723,2023-09-16,cancelled,7900000
5131,433,2025-06-27,completed,17000000
5132,963,2025-07-09,shipping,1500000
5133,627,2024-02-09,completed,4500000
5134,832,2024-09-21,completed,10400000
5135,104,2024-08-10,completed,5600000
5136,109,2024-11-11,completed,6000000
5137,559,2023-12-02,completed,2400000
5138,851,2023-02-10,completed,9500000
5139,139,2024-09-30,completed,1800000
5140,1010,2023-10-22,cancelled,17600000
5141,655,2024-01-11,cancelled,5000000
5142,406,2025-11-12,completed,3000000
5143,427,2023-04-14,completed,6000000
5144,113,2024-05-10,completed,16700000
5145,613,2024-11-29,completed,20500000
5146,155,2024-12-08,completed,5600000
5147,804,2023-12-22,completed,15000000
5148,841,2025-01-16,cancelled,3000000
5149,150,2024-10-02,completed,25000000
5150,442,2025-05-15,shipping,1500000
5151,162,2023-11-01,completed,1800000
5152,1137,2025-12-07,returned,3500000
5153,718,2023-03-14,completed,7300000
5154,59,2025-12-28,cancelled,12000000
5155,710,2024-08-04,completed,5000000
5156,692,2023-06-22,completed,2000000
5157,184,2025-10-28,completed,11000000
5158,492,2023-02-07,completed,4500000
5159,212,2023-10-22,completed,19000000
5160,200,2025-03-13,completed,10000000
5161,218,2025-04-25,completed,5800000
5162,261,2024-05-26,completed,9300000
5163,1080,2025-09-22,completed,4600000
5164,578,2024-09-12,completed,1500000
5165,805,2024-01-27,completed,4500000
5166,313,2025-02-17,completed,2600000
5167,255,2025-09-22,completed,10000000
5168,701,2024-04-19,completed,600000
5169,792,2025-07-17,cancelled,3000000
5170,971,2023-11-09,cancelled,6500000
5171,1190,2025-12-11,completed,3000000
5172,592,2023-07-02,completed,6500000
5173,660,2024-04-07,completed,3000000
5174,616,2025-02-14,completed,2100000
5175,996,2024-03-30,completed,29000000
5176,731,2024-11-15,completed,4000000
5177,702,2024-04-13,completed,5600000
5178,440,2025-09-05,completed,5000000
5179,317,2024-07-13,cancelled,3000000
5180,1078,2025-02-09,returned,2000000
5181,190,2024-05-09,completed,800000
5182,882,2023-01-13,completed,1500000
5183,249,2025-03-06,completed,10800000
5184,473,2024-05-01,completed,5800000
5185,356,2023-01-15,completed,9200000
5186,1139,2025-11-14,cancelled,7600000
5187,980,2023-09-19,shipping,1000000
5188,955,2025-05-08,completed,17200000
5189,388,2023-05-16,completed,5000000
5190,139,2024-12-04,shipping,10000000
5191,209,2023-12-25,completed,17000000
5192,1066,2025-06-09,shipping,2500000
5193,796,2023-12-08,completed,10000000
5194,1042,2024-08-31,pending,10000000
5195,1003,2024-02-05,completed,2300000
5196,982,2025-07-22,cancelled,21500000
5197,748,2023-11-25,completed,500000
5198,300,2023-12-07,returned,7000000
5199,171,2023-12-18,completed,9000000
5200,1128,2024-08-27,completed,5400000
5201,40,2023-06-15,completed,1300000
5202,926,2023-10-03,completed,10000000
5203,557,2024-07-16,completed,4300000
5204,626,2023-01-19,shipping,2400000
5205,798,2023-07-23,completed,3500000
5206,834,2024-09-05,shipping,11900000
5207,852,2024-02-04,pending,2300000
5208,623,2024-04-26,completed,2000000
5209,697,2024-02-11,completed,1600000
5210,892,2024-01-07,cancelled,1000000
5211,735,2025-12-28,completed,10500000
5212,605,2025-01-16,completed,4000000
5213,1123,2024-04-02,completed,2300000
5214,1126,2024-12-31,completed,9200000
5215,1184,2025-11-23,cancelled,800000
5216,217,2025-09-08,shipping,4800000
5217,995,2025-11-29,shipping,1000000
5218,1119,2025-08-15,completed,6800000
5219,641,2024-09-26,pending,3000000
5220,704,2024-08-06,completed,4500000
5221,1056,2025-11-22,completed,5100000
5222,1131,2023-05-28,completed,12300000
5223,405,2025-10-23,completed,5500000
5224,244,2024-08-06,completed,2800000
5225,498,2025-01-01,completed,4500000
5226,739,2025-03-13,completed,6000000
5227,897,2025-04-09,completed,10600000
5228,836,2025-05-27,completed,14000000
5229,73,2023-03-01,cancelled,6500000
5230,768,2024-11-21,completed,1300000
5231,425,2024-03-03,completed,11500000
5232,149,2023-11-19,completed,4500000
5233,258,2023-10-25,cancelled,10600000
5234,1097,2023-10-25,completed,15000000
5235,1182,2024-06-13,completed,2300000
5236,544,2025-06-20,completed,9200000
5237,109,2025-06-07,shipping,2800000
5238,301,2025-02-12,completed,800000
5239,69,2024-11-16,cancelled,11000000
5240,967,2025-01-23,completed,7200000
5241,554,2023-02-06,completed,12000000
5242,464,2024-04-05,completed,2800000
5243,72,2023-01-02,completed,8500000
5244,360,2023-03-09,returned,2000000
5245,970,2024-11-14,shipping,3000000
5246,529,2023-12-06,completed,2000000
5247,751,2024-01-20,shipping,14200000
5248,938,2024-09-08,completed,7000000
5249,692,2025-10-27,completed,4000000
5250,1183,2025-06-13,completed,8800000
5251,1048,2024-10-20,pending,800000
5252,430,2024-02-11,cancelled,4100000
5253,336,2024-07-31,cancelled,30000000
5254,987,2024-01-05,completed,3500000
5255,877,2025-10-28,completed,12000000
5256,9,2023-10-06,completed,10600000
5257,571,2025-12-17,completed,7000000
5258,271,2025-08-11,completed,3500000
5259,509,2023-04-19,completed,7300000
5260,216,2023-09-24,completed,16000000
5261,1052,2025-04-01,completed,1800000
5262,1072,2025-02-19,completed,14300000
5263,344,2025-07-31,cancelled,13600000
5264,1084,2023-11-03,returned,5500000
5265,1100,2024-12-11,cancelled,8800000
5266,963,2024-03-23,completed,4500000
5267,522,2023-11-09,completed,8300000
5268,477,2025-12-16,pending,24000000
5269,334,2024-08-03,completed,2300000
5270,641,2025-05-13,completed,500000
5271,97,2025-10-30,shipping,9000000
5272,156,2023-03-20,completed,1200000
5273,405,2024-10-29,completed,1000000
5274,754,2024-08-28,completed,10500000
5275,1154,2023-06-19,completed,6100000
5276,752,2025-12-20,completed,8500000
5277,419,2023-10-05,completed,8000000
5278,496,2023-12-19,completed,1500000
5279,1194,2025-06-12,completed,7700000
5280,56,2025-09-06,completed,20000000
5281,833,2023-01-17,shipping,2000000
5282,620,2024-04-22,completed,17000000
5283,1011,2024-05-04,completed,6800000
5284,104,2025-12-17,completed,5800000
5285,424,2023-07-12,completed,4500000
5286,982,2024-08-18,pending,1500000
5287,510,2025-05-30,completed,3000000
5288,930,2024-12-11,completed,3500000
5289,113,2024-10-08,cancelled,22000000
5290,422,2023-05-04,shipping,20000000
5291,813,2024-05-22,completed,2400000
5292,1188,2023-05-15,completed,15300000
5293,601,2025-12-13,completed,10000000
5294,692,2024-07-15,returned,3200000
5295,50,2025-11-29,pending,2400000
5296,1002,2024-02-05,completed,4500000
5297,863,2024-07-14,cancelled,9800000
5298,1052,2024-09-10,completed,4000000
5299,64,2023-06-05,completed,5000000
5300,506,2025-02-16,completed,2600000
5301,1161,2024-12-26,pending,1200000
5302,848,2023-10-09,pending,19100000
5303,666,2025-07-12,pending,1000000
5304,833,2025-01-08,completed,3000000
5305,40,2024-05-07,completed,5000000
5306,354,2024-11-08,completed,4900000
5307,16,2023-01-25,returned,13500000
5308,480,2024-10-03,pending,2300000
5309,27,2025-08-10,shipping,10000000
5310,692,2025-07-07,completed,9600000
5311,307,2024-02-18,completed,4300000
5312,968,2024-11-30,completed,12000000
5313,238,2025-05-03,completed,9800000
5314,744,2024-09-13,cancelled,27000000
5315,1015,2025-07-27,completed,2800000
5316,335,2023-12-06,completed,23000000
5317,740,2025-07-29,completed,6100000
5318,999,2025-12-01,completed,6000000
5319,72,2025-11-20,completed,3200000
5320,973,2025-03-19,completed,8000000
5321,717,2023-01-08,pending,1500000
5322,896,2024-01-03,returned,2000000
5323,524,2024-12-08,shipping,16600000
5324,981,2025-01-23,completed,2000000
5325,836,2024-03-03,completed,500000
5326,820,2023-11-23,pending,4500000
5327,382,2024-11-21,completed,2000000
5328,109,2023-01-15,completed,1200000
5329,405,2024-01-27,cancelled,4700000
5330,449,2025-06-19,completed,14000000
5331,1105,2024-03-31,cancelled,1500000
5332,878,2025-12-05,completed,6000000
5333,1172,2023-03-19,completed,21300000
5334,680,2023-01-24,completed,17400000
5335,1081,2024-11-16,completed,2300000
5336,850,2024-04-11,completed,3000000
5337,754,2024-02-11,completed,3600000
5338,771,2023-12-10,completed,5300000
5339,197,2023-09-11,completed,3900000
5340,1143,2024-02-09,completed,4400000
5341,850,2025-01-19,completed,500000
5342,1177,2024-09-06,completed,10000000
5343,117,2024-10-28,shipping,6000000
5344,180,2024-01-27,pending,6000000
5345,912,2024-07-14,completed,3000000
5346,84,2025-03-20,completed,1000000
5347,339,2024-04-20,completed,6600000
5348,1119,2023-04-03,shipping,1500000
5349,532,2025-06-22,completed,8400000
5350,1154,2023-04-01,pending,1000000
5351,269,2025-04-01,pending,2900000
5352,24,2023-03-05,shipping,9200000
5353,605,2023-08-26,completed,6400000
5354,1009,2023-06-07,completed,16500000
5355,749,2023-02-05,shipping,1000000
5356,288,2024-07-26,completed,1600000
5357,437,2025-08-22,completed,13000000
5358,68,2025-03-06,pending,9000000
5359,454,2024-02-05,completed,2400000
5360,699,2025-10-31,returned,4800000
5361,335,2023-07-02,cancelled,8000000
5362,834,2024-06-09,pending,19000000
5363,270,2025-07-24,completed,2700000
5364,33,2024-08-17,completed,12000000
5365,821,2023-09-10,completed,9500000
5366,281,2025-03-28,cancelled,9000000
5367,256,2025-03-21,completed,9000000
5368,303,2024-10-22,completed,800000
5369,1071,2024-09-24,shipping,10600000
5370,180,2024-01-21,completed,16200000
5371,254,2023-01-14,shipping,18000000
5372,995,2025-11-14,cancelled,11500000
5373,302,2024-04-12,completed,8000000
5374,970,2024-12-11,completed,13000000
5375,240,2025-12-14,cancelled,6800000
5376,967,2023-11-22,completed,2600000
5377,1026,2025-07-03,cancelled,2000000
5378,441,2025-03-09,completed,3000000
5379,71,2023-06-18,returned,6000000
5380,168,2024-12-29,pending,6500000
5381,981,2025-01-12,pending,9700000
5382,1017,2025-01-16,completed,7000000
5383,268,2023-08-25,completed,9000000
5384,432,2024-03-15,completed,1500000
5385,29,2024-08-16,cancelled,13000000
5386,8,2025-07-09,cancelled,1500000
5387,371,2023-09-18,pending,15000000
5388,1101,2023-12-04,pending,6700000
5389,76,2025-04-03,returned,800000
5390,415,2024-06-25,completed,4200000
5391,958,2023-06-30,cancelled,3400000
5392,693,2024-12-17,cancelled,8000000
5393,840,2025-03-17,completed,5000000
5394,633,2023-07-02,returned,3000000
5395,610,2024-01-02,completed,4000000
5396,57,2023-03-09,completed,5200000
5397,536,2023-01-27,shipping,6000000
5398,38,2023-07-03,shipping,3000000
5399,1173,2025-02-19,completed,2700000
5400,459,2023-12-22,completed,5500000
5401,401,2023-11-18,completed,10000000
5402,956,2025-10-19,pending,11000000
5403,1073,2024-12-03,completed,6800000
5404,541,2024-11-16,cancelled,8000000
5405,489,2023-09-23,pending,2000000
5406,1074,2025-03-26,completed,6800000
5407,1090,2024-03-18,completed,21400000
5408,528,2023-03-02,completed,11000000
5409,808,2024-05-22,shipping,3000000
5410,301,2023-05-23,completed,6000000
5411,672,2023-08-24,returned,1000000
5412,962,2024-02-19,returned,15500000
5413,705,2024-01-11,completed,12000000
5414,1110,2024-01-09,cancelled,9000000
5415,1026,2025-07-02,shipping,5600000
5416,829,2025-01-14,completed,12000000
5417,402,2023-01-22,completed,7000000
5418,1135,2025-11-02,cancelled,4200000
5419,1030,2024-03-17,returned,10600000
5420,44,2023-12-05,completed,15500000
5421,411,2025-12-24,completed,20300000
5422,308,2024-11-05,completed,3100000
5423,270,2024-12-28,completed,5000000
5424,694,2023-03-26,shipping,1000000
5425,622,2025-07-17,cancelled,8500000
5426,667,2023-03-04,completed,2000000
5427,909,2025-04-25,completed,7400000
5428,926,2024-07-10,shipping,4500000
5429,509,2025-09-15,completed,10000000
5430,583,2024-09-27,cancelled,7500000
5431,1001,2023-08-29,completed,500000
5432,540,2023-02-12,completed,1500000
5433,814,2025-01-08,completed,1600000
5434,1017,2023-04-12,completed,9000000
5435,252,2024-03-15,pending,4800000
5436,971,2023-07-01,completed,6500000
5437,497,2025-05-10,completed,24900000
5438,484,2025-07-05,shipping,16100000
5439,613,2025-11-15,completed,2000000
5440,846,2024-09-20,completed,4000000
5441,972,2024-09-11,completed,21200000
5442,686,2024-05-25,completed,7900000
5443,796,2025-03-10,returned,5800000
5444,299,2023-10-07,completed,1200000
5445,1143,2024-07-06,completed,14000000
5446,667,2025-01-31,completed,7500000
5447,535,2024-06-24,completed,1500000
5448,728,2024-01-31,pending,4800000
5449,1045,2025-06-02,completed,800000
5450,190,2025-12-16,shipping,1500000
5451,649,2024-10-16,completed,800000
5452,975,2025-05-16,returned,800000
5453,419,2023-07-16,completed,7600000
5454,370,2024-12-20,completed,6300000
5455,916,2023-11-14,completed,4000000
5456,848,2024-12-29,completed,4000000
5457,231,2023-01-16,returned,22000000
5458,415,2025-01-17,completed,7800000
5459,906,2024-08-30,shipping,17000000
5460,293,2023-03-12,shipping,4500000
5461,508,2024-02-20,completed,7500000
5462,540,2024-04-22,completed,6000000
5463,348,2025-08-21,completed,3500000
5464,142,2025-01-13,completed,5700000
5465,718,2024-12-27,returned,2500000
5466,535,2025-03-13,completed,4400000
5467,785,2023-05-13,completed,20400000
5468,1024,2025-12-16,shipping,6000000
5469,1038,2023-07-25,completed,7500000
5470,742,2023-12-09,completed,5800000
5471,721,2023-04-02,completed,3000000
5472,1018,2024-06-20,shipping,4500000
5473,683,2024-09-20,completed,1500000
5474,521,2023-09-10,pending,3000000
5475,432,2025-01-26,completed,3000000
5476,978,2025-02-04,completed,2500000
5477,233,2024-01-17,completed,14500000
5478,900,2025-02-03,completed,9000000
5479,1153,2023-06-11,completed,22000000
5480,924,2024-12-22,completed,5000000
5481,1100,2024-10-07,completed,10800000
5482,715,2023-11-04,returned,2000000
5483,852,2023-08-21,completed,5900000
5484,757,2025-03-21,completed,25900000
5485,911,2024-04-14,completed,1500000
5486,531,2023-04-14,pending,2400000
5487,733,2023-08-10,completed,4000000
5488,350,2023-12-05,completed,4000000
5489,553,2023-09-07,cancelled,4600000
5490,138,2024-10-16,completed,1700000
5491,366,2023-12-15,completed,2400000
5492,554,2025-10-28,completed,6000000
5493,1189,2023-09-05,completed,3100000
5494,620,2024-09-21,returned,4500000
5495,256,2024-10-03,completed,3000000
5496,282,2024-03-21,completed,27000000
5497,286,2024-10-03,pending,10200000
5498,406,2025-10-07,shipping,3900000
5499,154,2023-03-23,completed,7300000
5500,297,2023-10-09,completed,3500000
5501,890,2024-04-24,completed,1500000
5502,1181,2024-01-26,completed,13200000
5503,166,2024-01-27,completed,6800000
5504,610,2024-08-01,completed,5500000
5505,527,2024-11-12,completed,8500000
5506,633,2024-12-02,completed,12200000
5507,955,2023-12-20,pending,3000000
5508,1078,2024-04-16,shipping,11100000
5509,1020,2024-03-21,completed,9400000
5510,482,2025-12-26,pending,10000000
5511,92,2023-09-22,completed,1000000
5512,866,2023-05-09,completed,5500000
5513,430,2024-07-27,completed,11200000
5514,810,2023-01-04,completed,800000
5515,1170,2024-09-13,cancelled,2300000
5516,175,2025-09-28,pending,15000000
5517,897,2025-01-29,completed,3200000
5518,330,2023-03-27,completed,1000000
5519,1045,2024-04-02,completed,16400000
5520,572,2024-09-18,cancelled,7500000
5521,18,2024-02-08,cancelled,1600000
5522,714,2024-11-20,cancelled,5000000
5523,1058,2025-04-26,cancelled,13600000
5524,217,2023-01-19,completed,11100000
5525,637,2025-05-25,completed,21000000
5526,849,2025-08-20,pending,9800000
5527,989,2023-04-27,returned,6000000
5528,1175,2023-10-20,pending,800000
5529,393,2023-05-02,completed,15600000
5530,678,2024-03-06,completed,5800000
5531,739,2023-09-21,returned,12000000
5532,1148,2024-10-09,completed,13000000
5533,649,2023-11-12,completed,5000000
5534,393,2023-10-01,completed,2000000
5535,58,2025-10-12,shipping,7700000
5536,989,2024-06-02,shipping,9000000
5537,792,2025-12-25,shipping,8000000
5538,467,2024-12-21,shipping,18600000
5539,726,2024-02-10,completed,11000000
5540,255,2024-03-21,completed,11500000
5541,876,2025-10-19,completed,8000000
5542,238,2023-12-21,completed,2400000
5543,295,2025-12-19,shipping,16000000
5544,567,2023-03-24,shipping,18000000
5545,718,2023-09-26,completed,2000000
5546,731,2023-12-14,shipping,7000000
5547,273,2025-06-21,completed,1000000
5548,339,2023-05-19,shipping,3800000
5549,704,2023-05-20,completed,3000000
5550,1146,2024-02-03,completed,1500000
5551,478,2025-08-14,pending,2000000
5552,395,2024-09-29,completed,25000000
5553,663,2023-09-27,completed,6000000
5554,1129,2025-12-12,pending,10200000
5555,1119,2025-05-16,completed,8100000
5556,597,2025-03-16,completed,1300000
5557,664,2023-10-27,shipping,4500000
5558,1176,2024-08-09,pending,14600000
5559,915,2023-06-26,completed,11000000
5560,1069,2024-07-07,completed,6000000
5561,286,2023-11-22,completed,5200000
5562,1132,2024-11-30,completed,2800000
5563,1106,2023-01-02,completed,11000000
5564,831,2024-11-23,completed,7000000
5565,57,2025-05-22,completed,15200000
5566,782,2024-05-03,cancelled,10500000
5567,666,2025-10-24,completed,1500000
5568,1002,2025-11-02,completed,3000000
5569,1172,2023-12-19,completed,6000000
5570,327,2023-09-09,pending,1500000
5571,284,2023-01-14,completed,2800000
5572,778,2025-03-10,completed,2000000
5573,1007,2025-02-27,completed,6500000
5574,291,2023-12-08,completed,10400000
5575,287,2024-09-17,returned,5000000
5576,114,2024-02-02,cancelled,14500000
5577,593,2024-12-29,completed,800000
5578,1172,2024-02-14,completed,11400000
5579,951,2025-12-29,completed,6400000
5580,345,2024-02-06,shipping,22000000
5581,9,2023-09-26,shipping,20000000
5582,385,2025-07-19,shipping,5000000
5583,1172,2023-03-26,shipping,5700000
5584,723,2023-03-16,completed,10400000
5585,135,2023-05-06,completed,5000000
5586,30,2025-11-21,completed,32000000
5587,1002,2025-08-30,completed,2500000
5588,219,2024-08-13,completed,26000000
5589,895,2023-11-19,shipping,1000000
5590,1158,2023-03-30,shipping,4600000
5591,173,2023-07-03,cancelled,33000000
5592,1154,2024-06-01,cancelled,17600000
5593,386,2025-02-01,completed,2600000
5594,581,2025-04-04,completed,6500000
5595,776,2024-12-25,returned,4500000
5596,954,2024-10-02,completed,20500000
5597,181,2023-01-18,completed,6700000
5598,967,2023-04-05,completed,2400000
5599,313,2023-12-07,completed,1600000
5600,808,2023-09-30,completed,12000000
5601,898,2025-11-01,completed,2600000
5602,431,2025-11-26,completed,14000000
5603,671,2023-11-22,completed,24000000
5604,554,2025-08-15,pending,10200000
5605,776,2025-11-17,completed,5500000
5606,514,2025-01-07,returned,900000
5607,1116,2023-09-06,cancelled,1000000
5608,417,2023-01-05,cancelled,2000000
5609,441,2023-07-16,completed,1000000
5610,150,2024-02-04,pending,6600000
5611,94,2024-01-11,completed,15600000
5612,163,2025-08-06,completed,25000000
5613,289,2025-12-27,shipping,2500000
5614,420,2023-12-10,cancelled,800000
5615,156,2024-04-23,cancelled,2300000
5616,229,2023-07-22,completed,12900000
5617,843,2023-01-15,completed,1500000
5618,33,2023-12-16,completed,2400000
5619,25,2025-01-09,completed,4200000
5620,336,2024-08-19,completed,800000
5621,1008,2025-07-09,cancelled,12000000
5622,907,2023-10-09,completed,800000
5623,323,2024-06-07,shipping,3800000
5624,560,2023-07-01,cancelled,5000000
5625,1045,2023-07-03,returned,10900000
5626,1068,2023-09-04,shipping,6000000
5627,687,2025-04-13,cancelled,21000000
5628,198,2025-09-18,completed,12000000
5629,956,2023-03-24,completed,5000000
5630,333,2025-06-20,completed,5300000
5631,390,2024-03-16,completed,3000000
5632,868,2024-02-05,pending,2500000
5633,805,2024-12-11,completed,3000000
5634,319,2025-08-27,returned,16500000
5635,273,2023-07-08,cancelled,9000000
5636,852,2024-03-09,pending,2800000
5637,241,2024-09-19,shipping,4800000
5638,613,2024-01-03,cancelled,3200000
5639,356,2024-08-13,completed,21000000
5640,243,2025-01-07,completed,11000000
5641,481,2023-04-10,completed,5800000
5642,146,2023-01-28,cancelled,5400000
5643,634,2023-10-29,pending,5000000
5644,717,2023-01-19,shipping,1600000
5645,985,2023-12-05,pending,5000000
5646,801,2023-06-13,cancelled,7000000
5647,928,2023-12-02,completed,5000000
5648,975,2023-12-14,pending,8600000
5649,1032,2023-12-16,completed,7500000
5650,961,2024-09-30,completed,6500000
5651,889,2025-12-22,completed,4000000
5652,805,2023-12-18,completed,800000
5653,586,2023-08-01,shipping,800000
5654,715,2024-04-24,completed,1300000
5655,855,2025-01-12,completed,21500000
5656,324,2025-09-10,completed,9000000
5657,814,2025-10-13,shipping,10900000
5658,963,2024-10-17,cancelled,5400000
5659,684,2023-11-26,completed,11000000
5660,835,2023-06-06,completed,1500000
5661,210,2023-05-16,pending,6600000
5662,1084,2024-09-09,cancelled,4600000
5663,851,2025-09-21,cancelled,2500000
5664,935,2025-02-12,completed,4500000
5665,228,2023-10-14,completed,14500000
5666,422,2025-01-17,returned,21000000
5667,36,2025-06-04,pending,3000000
5668,253,2024-08-31,completed,3100000
5669,1186,2025-07-17,completed,2000000
5670,69,2023-11-19,pending,27000000
5671,787,2024-11-14,completed,6500000
5672,621,2025-12-13,completed,2800000
5673,770,2024-04-12,completed,3600000
5674,67,2025-10-11,cancelled,2800000
5675,262,2023-06-29,completed,3900000
5676,1151,2025-03-29,shipping,7200000
5677,144,2024-12-12,completed,16600000
5678,29,2024-11-30,completed,5000000
5679,385,2024-01-19,shipping,7400000
5680,795,2025-09-22,completed,6600000
5681,105,2025-03-07,pending,3000000
5682,865,2024-05-27,completed,2000000
5683,227,2025-09-26,returned,17600000
5684,308,2023-12-22,completed,4400000
5685,133,2023-01-04,shipping,13000000
5686,781,2024-02-28,completed,7700000
5687,1036,2023-12-02,completed,3100000
5688,505,2023-11-21,pending,1300000
5689,570,2025-10-01,completed,6300000
5690,512,2023-04-22,completed,20000000
5691,148,2025-10-22,pending,19000000
5692,567,2025-08-14,completed,7600000
5693,275,2025-03-03,completed,2000000
5694,525,2024-10-17,pending,22400000
5695,747,2024-01-21,completed,2000000
5696,851,2025-02-23,pending,13000000
5697,1125,2023-11-20,shipping,6100000
5698,458,2025-10-27,shipping,15000000
5699,668,2024-02-01,completed,800000
5700,515,2023-01-12,cancelled,5600000
5701,1060,2025-10-26,completed,35000000
5702,1057,2023-04-16,pending,6400000
5703,1064,2024-06-11,shipping,5000000
5704,215,2024-03-07,completed,5600000
5705,615,2023-01-30,completed,11500000
5706,286,2025-08-16,completed,20000000
5707,403,2025-04-14,cancelled,6500000
5708,10,2025-08-24,shipping,12000000
5709,1044,2025-04-29,completed,1800000
5710,69,2024-04-11,completed,10800000
5711,954,2023-05-12,completed,3200000
5712,616,2025-11-27,returned,2100000
5713,1067,2024-10-06,completed,1000000
5714,862,2025-01-24,completed,22400000
5715,705,2025-02-10,completed,500000
5716,737,2023-10-11,completed,4500000
5717,274,2025-04-04,completed,13400000
5718,774,2024-05-28,cancelled,500000
5719,51,2024-12-06,completed,2800000
5720,1172,2024-07-28,pending,19800000
5721,754,2024-07-23,completed,1200000
5722,476,2024-12-11,completed,6200000
5723,190,2024-02-03,cancelled,3100000
5724,431,2024-09-02,completed,5500000
5725,438,2025-03-15,completed,2000000
5726,323,2023-11-08,completed,31500000
5727,201,2025-03-06,cancelled,6500000
5728,6,2025-12-28,completed,12400000
5729,607,2023-08-01,completed,7500000
5730,1118,2024-08-12,completed,22000000
5731,32,2025-11-22,completed,10600000
5732,1178,2024-10-10,cancelled,1000000
5733,1186,2023-12-31,pending,2000000
5734,371,2023-04-08,shipping,21000000
5735,978,2023-10-06,shipping,800000
5736,506,2023-12-12,cancelled,500000
5737,491,2024-04-16,completed,1600000
5738,805,2024-12-27,completed,2300000
5739,197,2024-08-11,cancelled,7500000
5740,57,2024-10-07,completed,10000000
5741,592,2024-06-10,cancelled,3500000
5742,525,2024-12-31,cancelled,4000000
5743,570,2025-02-13,shipping,3000000
5744,304,2023-01-14,completed,500000
5745,272,2025-12-28,completed,1000000
5746,38,2023-10-08,pending,13000000
5747,1145,2023-04-16,cancelled,6000000
5748,693,2024-05-14,shipping,800000
5749,451,2023-01-24,completed,11800000
5750,1003,2024-02-18,cancelled,11600000
5751,789,2023-03-06,pending,3000000
5752,1189,2025-11-28,completed,9200000
5753,1037,2023-07-26,completed,2000000
5754,680,2025-05-09,shipping,17600000
5755,338,2025-04-08,completed,1500000
5756,127,2024-07-23,shipping,4000000
5757,1012,2023-02-14,completed,7000000
5758,252,2023-03-24,returned,15000000
5759,423,2024-07-01,completed,5000000
5760,659,2024-07-18,shipping,15000000
5761,992,2024-10-22,completed,3900000
5762,527,2023-11-20,returned,3000000
5763,813,2025-10-09,completed,3300000
5764,606,2025-07-28,cancelled,41000000
5765,148,2025-03-22,returned,4000000
5766,580,2025-02-25,returned,17400000
5767,221,2024-10-17,cancelled,20000000
5768,487,2024-06-11,completed,13300000
5769,342,2025-10-22,shipping,14500000
5770,383,2023-08-26,pending,9000000
5771,646,2023-09-02,completed,6500000
5772,392,2024-12-04,completed,6600000
5773,785,2024-01-19,completed,8000000
5774,354,2024-11-15,completed,2000000
5775,551,2025-03-23,completed,11000000
5776,921,2025-11-10,returned,800000
5777,907,2024-07-12,pending,6500000
5778,245,2025-11-21,cancelled,2800000
5779,25,2024-11-06,shipping,13000000
5780,1133,2023-04-09,returned,6600000
5781,200,2024-09-13,shipping,15000000
5782,1147,2024-10-19,pending,6500000
5783,725,2025-10-11,shipping,5100000
5784,1027,2025-03-22,completed,4500000
5785,1155,2024-10-23,shipping,9000000
5786,382,2025-04-26,completed,13400000
5787,971,2025-11-20,completed,16300000
5788,473,2024-06-04,completed,39000000
5789,931,2025-10-15,returned,3300000
5790,458,2025-01-17,completed,27900000
5791,200,2023-05-06,completed,5500000
5792,709,2024-03-30,shipping,6600000
5793,695,2023-04-09,completed,6600000
5794,1095,2025-09-28,completed,10000000
5795,585,2025-08-04,cancelled,7800000
5796,501,2023-12-30,completed,1800000
5797,843,2025-12-11,completed,7000000
5798,106,2025-08-01,completed,3000000
5799,1011,2025-08-09,cancelled,2300000
5800,62,2023-12-31,completed,6000000
5801,88,2025-03-25,completed,9000000
5802,601,2025-03-18,cancelled,4500000
5803,708,2023-08-24,completed,2000000
5804,482,2024-11-01,completed,3500000
5805,686,2025-12-25,completed,600000
5806,3,2024-01-09,completed,14400000
5807,349,2025-01-24,completed,5200000
5808,972,2025-10-19,cancelled,5500000
5809,420,2024-04-29,completed,500000
5810,524,2024-04-01,cancelled,12000000
5811,412,2025-03-09,shipping,7900000
5812,419,2025-01-15,shipping,500000
5813,505,2025-05-01,completed,6000000
5814,667,2025-09-06,cancelled,5000000
5815,862,2023-02-10,completed,19800000
5816,848,2023-06-24,cancelled,11000000
5817,1121,2023-12-30,completed,6000000
5818,1020,2023-08-01,shipping,3800000
5819,635,2025-10-18,completed,2400000
5820,101,2025-12-13,shipping,3600000
5821,25,2024-10-17,completed,3200000
5822,435,2025-07-03,pending,10600000
5823,480,2025-06-25,completed,20800000
5824,8,2024-06-01,cancelled,1600000
5825,553,2024-12-28,completed,3000000
5826,650,2023-08-24,completed,2300000
5827,742,2025-07-16,completed,10000000
5828,1157,2024-10-17,completed,2000000
5829,149,2025-11-29,completed,6600000
5830,588,2024-12-19,completed,15500000
5831,258,2025-08-19,completed,13600000
5832,968,2023-02-11,returned,3000000
5833,1,2025-12-11,completed,6500000
5834,98,2025-08-18,completed,3500000
5835,599,2023-04-05,completed,2800000
5836,829,2024-12-29,completed,9000000
5837,906,2024-10-16,completed,7800000
5838,1014,2024-11-05,cancelled,9000000
5839,929,2023-02-19,pending,13500000
5840,1067,2024-11-14,completed,2300000
5841,1084,2025-01-31,completed,2500000
5842,809,2025-05-21,completed,5500000
5843,81,2024-01-02,pending,11000000
5844,737,2025-08-25,completed,600000
5845,122,2024-09-12,completed,26000000
5846,583,2023-02-04,completed,9000000
5847,788,2024-09-27,completed,1500000
5848,462,2025-03-17,completed,1500000
5849,200,2025-09-19,cancelled,5000000
5850,834,2023-03-13,completed,9400000
5851,105,2024-03-07,pending,27500000
5852,781,2024-05-31,shipping,2100000
5853,261,2025-06-22,completed,16000000
5854,746,2023-03-18,completed,3500000
5855,569,2023-12-20,shipping,1200000
5856,855,2024-11-12,completed,18000000
5857,1175,2025-08-06,completed,5000000
5858,667,2023-12-04,completed,6000000
5859,254,2024-01-25,completed,6000000
5860,252,2025-01-07,pending,2000000
5861,824,2025-10-27,completed,500000
5862,965,2023-05-28,completed,8000000
5863,925,2024-05-21,shipping,5000000
5864,688,2025-11-03,shipping,8000000
5865,1196,2024-08-15,completed,20000000
5866,829,2025-10-23,completed,3000000
5867,700,2024-05-13,shipping,2000000
5868,816,2025-04-04,pending,4000000
5869,455,2025-10-22,cancelled,7200000
5870,173,2023-02-14,pending,15000000
5871,724,2023-05-03,completed,1500000
5872,1013,2023-09-27,shipping,4000000
5873,852,2023-09-14,completed,2400000
5874,37,2025-03-19,completed,8000000
5875,858,2023-12-02,completed,22700000
5876,1009,2024-08-07,completed,10500000
5877,355,2023-10-04,cancelled,1500000
5878,608,2024-08-28,shipping,300000
5879,550,2025-07-19,completed,6500000
5880,749,2023-02-04,shipping,2500000
5881,1191,2023-08-25,completed,4000000
5882,768,2024-06-25,completed,11000000
5883,785,2024-02-29,completed,10000000
5884,240,2025-02-15,completed,5000000
5885,513,2023-04-05,completed,3500000
5886,748,2025-01-25,pending,6000000
5887,58,2023-11-04,pending,32400000
5888,1188,2023-03-31,completed,7500000
5889,647,2025-12-15,shipping,11500000
5890,1135,2024-05-25,returned,1000000
5891,1026,2025-06-19,shipping,4000000
5892,394,2024-06-04,completed,23000000
5893,865,2024-06-15,completed,1600000
5894,596,2023-11-01,completed,2400000
5895,969,2023-10-23,cancelled,1000000
5896,602,2023-06-12,completed,12000000
5897,1015,2024-08-10,completed,6300000
5898,871,2024-10-19,completed,3000000
5899,219,2024-10-22,returned,14000000
5900,961,2024-05-24,completed,1000000
5901,495,2024-10-16,returned,26000000
5902,735,2023-12-13,completed,19000000
5903,353,2024-08-12,shipping,4000000
5904,781,2023-12-30,completed,11300000
5905,380,2024-11-05,completed,6000000
5906,944,2024-06-18,completed,800000
5907,1008,2024-06-04,pending,6400000
5908,933,2024-08-11,completed,7000000
5909,374,2025-09-27,completed,8000000
5910,657,2023-08-01,shipping,500000
5911,673,2024-01-20,cancelled,12000000
5912,572,2025-12-11,pending,5600000
5913,511,2025-12-08,shipping,13000000
5914,254,2023-08-17,shipping,1600000
5915,139,2025-02-01,completed,18800000
5916,513,2024-06-29,completed,8000000
5917,1063,2025-11-12,completed,9000000
5918,280,2025-12-31,completed,11700000
5919,205,2024-11-11,completed,7000000
5920,18,2024-03-16,completed,4500000
5921,760,2025-11-25,completed,15400000
5922,276,2023-02-19,shipping,10500000
5923,71,2024-12-08,pending,13500000
5924,916,2024-06-23,completed,12600000
5925,50,2023-05-27,completed,12000000
5926,557,2025-06-06,completed,2000000
5927,845,2025-02-27,completed,8500000
5928,964,2024-11-09,completed,4000000
5929,47,2024-09-23,completed,4500000
5930,887,2024-07-16,pending,4300000
5931,333,2025-01-11,completed,8000000
5932,1111,2024-04-11,shipping,3000000
5933,557,2023-11-18,completed,6000000
5934,1115,2023-11-13,completed,14600000
5935,963,2024-02-26,completed,1000000
5936,1102,2025-07-19,completed,4000000
5937,247,2024-01-24,completed,13000000
5938,1178,2023-08-28,completed,10600000
5939,228,2024-07-10,pending,18600000
5940,74,2024-10-18,completed,2500000
5941,690,2025-08-27,pending,9200000
5942,700,2025-07-09,shipping,6200000
5943,1138,2023-11-19,completed,7000000
5944,542,2023-12-20,pending,26500000
5945,1156,2025-03-08,cancelled,3000000
5946,796,2023-06-01,completed,2500000
5947,631,2023-02-07,shipping,2500000
5948,1131,2023-01-08,completed,5200000
5949,140,2023-08-08,completed,13100000
5950,987,2025-01-01,cancelled,3600000
5951,280,2024-02-23,completed,3500000
5952,626,2025-11-12,completed,6000000
5953,1079,2025-06-12,completed,7500000
5954,339,2025-02-11,returned,8000000
5955,38,2024-08-08,completed,21500000
5956,62,2025-01-27,completed,6000000
5957,908,2025-09-04,completed,8000000
5958,912,2024-03-12,completed,10300000
5959,1159,2023-12-18,completed,18500000
5960,351,2024-07-08,completed,1200000
5961,64,2024-11-25,shipping,9000000
5962,562,2025-06-14,pending,800000
5963,968,2024-12-17,completed,800000
5964,1025,2025-10-04,completed,1500000
5965,1151,2023-07-18,completed,3000000
5966,1124,2025-02-20,completed,3600000
5967,572,2023-10-09,shipping,10000000
5968,1049,2023-12-29,completed,2300000
5969,12,2023-06-10,completed,3400000
5970,802,2023-04-08,completed,12000000
5971,1100,2023-01-13,completed,7500000
5972,94,2025-06-06,completed,2400000
5973,241,2024-06-14,returned,3800000
5974,455,2024-02-06,pending,17900000
5975,1093,2023-03-01,cancelled,500000
5976,443,2025-04-29,completed,4500000
5977,816,2024-05-08,completed,2800000
5978,1173,2024-12-12,completed,8500000
5979,794,2024-07-03,completed,13000000
5980,661,2024-08-22,returned,4500000
5981,11,2024-08-05,shipping,11200000
5982,103,2024-11-03,completed,5800000
5983,6,2025-06-29,completed,1500000
5984,758,2023-04-25,completed,3000000
5985,708,2023-01-28,completed,8600000
5986,834,2023-10-25,completed,2800000
5987,758,2023-12-31,completed,2800000
5988,609,2023-06-27,completed,28000000
5989,602,2025-02-20,pending,9500000
5990,1062,2025-12-11,completed,9500000
5991,621,2025-08-15,completed,5000000
5992,858,2025-05-23,completed,4000000
5993,89,2025-07-31,completed,24000000
5994,868,2025-03-04,completed,5100000
5995,585,2025-06-25,completed,11500000
5996,1087,2025-07-22,completed,2500000
5997,444,2025-10-29,completed,6500000
5998,50,2025-12-23,completed,20000000
5999,165,2024-11-14,completed,11500000
6000,795,2023-10-09,completed,3000000
6001,1116,2023-11-22,cancelled,1000000
6002,66,2025-12-17,completed,29500000
6003,616,2023-11-03,completed,2500000
6004,49,2023-07-22,pending,1600000
6005,1101,2025-12-12,completed,500000
6006,734,2024-06-01,completed,7000000
6007,412,2025-10-01,completed,6000000
6008,305,2025-05-26,completed,3500000
6009,97,2023-08-06,completed,5000000
6010,1006,2023-11-17,completed,5000000
6011,1023,2024-02-11,completed,11600000
6012,828,2025-10-10,cancelled,1600000
6013,834,2024-07-06,returned,29100000
6014,1005,2024-06-23,returned,3000000
6015,1126,2025-10-17,completed,21000000
6016,561,2024-04-18,cancelled,3100000
6017,589,2024-04-10,cancelled,5000000
6018,1076,2025-10-18,cancelled,19800000
6019,153,2023-02-14,completed,4600000
6020,260,2025-05-17,completed,2900000
6021,1155,2023-07-01,pending,5000000
6022,302,2024-04-01,shipping,800000
6023,1053,2023-02-11,cancelled,1600000
6024,599,2024-05-03,completed,7500000
6025,194,2025-11-12,completed,8600000
6026,41,2025-02-27,completed,7000000
6027,1016,2025-12-11,cancelled,1000000
6028,1060,2025-10-18,completed,10600000
6029,1039,2025-01-12,cancelled,4000000
6030,1183,2024-10-04,shipping,9500000
6031,420,2025-07-02,pending,3000000
6032,785,2025-08-09,completed,10000000
6033,1083,2025-05-18,completed,7600000
6034,257,2024-10-28,shipping,800000
6035,6,2024-03-02,completed,6500000
6036,975,2024-10-11,completed,11400000
6037,554,2025-02-26,completed,1000000
6038,153,2024-12-27,shipping,26500000
6039,184,2025-12-24,completed,2000000
6040,849,2025-02-09,returned,5000000
6041,623,2025-08-03,pending,7500000
6042,121,2024-11-22,completed,6500000
6043,637,2025-09-20,shipping,8000000
6044,607,2023-12-04,completed,2000000
6045,229,2023-04-14,completed,7000000
6046,908,2023-08-01,returned,10500000
6047,142,2023-11-01,shipping,8000000
6048,1105,2023-11-10,completed,3800000
6049,26,2023-03-15,completed,20600000
6050,136,2024-07-21,completed,4000000
6051,861,2024-10-29,completed,7500000
6052,129,2025-01-16,cancelled,3900000
6053,1119,2023-05-13,completed,2000000
6054,149,2023-11-25,pending,3200000
6055,597,2025-03-07,completed,2200000
6056,1063,2024-12-06,completed,5700000
6057,1065,2025-04-27,completed,8000000
6058,554,2024-12-10,shipping,2000000
6059,827,2024-04-20,shipping,10000000
6060,481,2025-01-08,completed,11000000
6061,211,2024-03-07,cancelled,25000000
6062,442,2025-10-10,completed,4700000
6063,457,2025-02-04,completed,1000000
6064,1062,2023-12-16,completed,3800000
6065,926,2023-02-17,shipping,2000000
6066,780,2023-02-09,completed,6300000
6067,943,2025-02-03,completed,2600000
6068,585,2025-06-27,completed,2800000
6069,1076,2024-11-12,completed,14300000
6070,234,2023-11-21,shipping,8000000
6071,421,2023-09-27,cancelled,4200000
6072,886,2024-02-19,completed,2000000
6073,312,2023-10-16,completed,12000000
6074,118,2024-05-17,completed,8000000
6075,71,2025-02-24,completed,3000000
6076,1063,2025-02-24,completed,1000000
6077,358,2024-02-23,completed,10500000
6078,407,2023-12-22,pending,5300000
6079,609,2024-05-07,completed,6500000
6080,1139,2023-03-09,completed,4300000
6081,118,2023-09-26,completed,10000000
6082,288,2025-12-13,completed,1500000
6083,536,2023-08-27,completed,10500000
6084,143,2024-01-06,completed,8000000
6085,1147,2024-09-30,shipping,19000000
6086,579,2025-01-16,cancelled,5700000
6087,245,2025-09-20,shipping,4000000
6088,908,2024-02-20,shipping,11500000
6089,413,2024-11-23,cancelled,11000000
6090,454,2023-07-27,shipping,1000000
6091,773,2025-09-26,completed,1700000
6092,759,2025-01-08,cancelled,26000000
6093,347,2023-01-05,returned,3000000
6094,230,2023-03-08,completed,8900000
6095,709,2025-10-19,completed,15000000
6096,786,2024-11-26,completed,12000000
6097,745,2025-01-24,returned,15000000
6098,327,2024-06-18,completed,300000
6099,406,2025-05-06,completed,8000000
6100,922,2025-05-12,completed,2000000
6101,65,2023-07-17,returned,3000000
6102,832,2023-07-31,shipping,14000000
6103,569,2025-09-09,completed,12100000
6104,1189,2023-12-16,completed,500000
6105,314,2024-10-22,completed,1500000
6106,839,2024-11-21,completed,4400000
6107,1002,2024-04-09,completed,1000000
6108,292,2024-11-03,completed,2000000
6109,628,2024-12-14,completed,8000000
6110,847,2025-10-11,completed,7300000
6111,658,2024-06-27,completed,5000000
6112,308,2025-11-04,pending,3900000
6113,965,2023-01-16,completed,6300000
6114,1151,2023-10-20,completed,4100000
6115,626,2024-02-02,completed,5000000
6116,550,2024-04-02,completed,10000000
6117,829,2023-01-21,returned,9200000
6118,421,2025-07-25,pending,15400000
6119,470,2023-01-07,completed,10400000
6120,973,2023-11-27,pending,10500000
6121,181,2024-02-14,completed,1500000
6122,1068,2025-07-20,completed,1300000
6123,181,2025-05-04,completed,12000000
6124,119,2024-01-12,completed,3200000
6125,358,2023-03-29,completed,3000000
6126,573,2025-02-28,returned,1000000
6127,2,2024-06-06,completed,22500000
6128,852,2024-01-21,cancelled,4200000
6129,972,2024-08-20,completed,7500000
6130,1039,2024-07-11,completed,6500000
6131,1051,2024-01-28,completed,4300000
6132,1138,2024-04-24,completed,18000000
6133,20,2025-11-15,completed,7800000
6134,965,2025-01-21,completed,9200000
6135,645,2025-09-07,cancelled,9500000
6136,137,2024-12-03,completed,3500000
6137,437,2025-07-13,completed,13800000
6138,892,2025-03-30,completed,2500000
6139,216,2025-03-10,completed,1200000
6140,427,2023-02-15,cancelled,2400000
6141,174,2024-02-09,pending,3000000
6142,822,2025-09-20,completed,8000000
6143,108,2024-08-06,completed,13000000
6144,785,2025-09-08,completed,14000000
6145,335,2024-02-21,cancelled,4000000
6146,572,2023-09-05,completed,12000000
6147,981,2025-11-27,completed,800000
6148,1197,2024-08-07,cancelled,4300000
6149,131,2024-06-01,completed,6000000
6150,920,2023-12-11,shipping,3000000
6151,236,2023-02-08,completed,9000000
6152,807,2025-09-06,completed,7400000
6153,477,2025-03-14,completed,3000000
6154,621,2025-11-22,completed,2000000
6155,641,2024-04-05,completed,19500000
6156,659,2023-02-23,completed,4000000
6157,273,2024-09-07,completed,11000000
6158,637,2023-11-13,completed,1000000
6159,359,2025-01-15,completed,1600000
6160,998,2025-04-15,completed,10000000
6161,577,2023-05-07,cancelled,1000000
6162,893,2024-06-17,completed,8000000
6163,881,2025-12-27,completed,3500000
6164,89,2023-06-30,cancelled,1500000
6165,107,2024-12-09,completed,5000000
6166,48,2025-06-01,completed,10500000
6167,262,2023-02-03,completed,800000
6168,98,2025-08-25,completed,9300000
6169,710,2025-02-22,shipping,3600000
6170,1189,2024-08-15,completed,11000000
6171,407,2023-01-25,completed,6600000
6172,860,2023-11-19,cancelled,2200000
6173,731,2025-12-01,completed,11800000
6174,427,2023-02-12,pending,19000000
6175,1109,2023-01-01,completed,10000000
6176,804,2024-07-16,returned,11600000
6177,218,2024-01-30,completed,13500000
6178,78,2025-02-12,completed,3800000
6179,576,2025-08-29,completed,7400000
6180,527,2025-08-22,shipping,8000000
6181,878,2024-11-08,completed,1900000
6182,43,2025-09-16,completed,7700000
6183,716,2024-11-22,completed,9800000
6184,715,2025-11-04,completed,18000000
6185,624,2024-04-19,returned,5500000
6186,195,2025-01-22,completed,12500000
6187,956,2024-12-03,completed,12000000
6188,723,2023-06-07,returned,800000
6189,119,2024-09-20,completed,6200000
6190,597,2023-07-07,shipping,12300000
6191,1180,2025-12-31,shipping,11000000
6192,126,2025-12-05,completed,15500000
6193,412,2023-10-14,completed,13000000
6194,317,2025-02-12,completed,2000000
6195,1148,2025-08-10,completed,3000000
6196,517,2025-08-15,cancelled,6100000
6197,214,2024-05-21,cancelled,7000000
6198,726,2025-06-19,completed,4000000
6199,935,2025-06-11,completed,3000000
6200,262,2024-06-08,completed,19200000
6201,163,2023-12-13,completed,32400000
6202,659,2025-02-27,returned,9000000
6203,197,2025-07-12,completed,8500000
6204,317,2024-05-16,completed,3000000
6205,30,2023-12-12,shipping,9200000
6206,247,2025-12-12,completed,9000000
6207,315,2025-09-08,pending,6500000
6208,958,2025-03-12,completed,15000000
6209,122,2025-07-01,pending,15400000
6210,487,2024-09-19,cancelled,2800000
6211,471,2024-05-06,pending,19000000
6212,200,2025-06-09,completed,2300000
6213,1199,2024-09-01,completed,3000000
6214,563,2024-11-03,shipping,6000000
6215,1052,2024-07-26,completed,4000000
6216,815,2024-12-10,pending,23400000
6217,264,2024-11-07,pending,10000000
6218,1152,2023-08-16,completed,8600000
6219,552,2025-05-20,shipping,4500000
6220,683,2025-06-19,completed,2400000
6221,512,2024-09-21,cancelled,9000000
6222,1155,2025-07-24,returned,4000000
6223,711,2023-10-12,completed,6000000
6224,1045,2025-08-26,completed,6000000
6225,511,2024-05-03,completed,2800000
6226,790,2025-09-14,completed,2500000
6227,1155,2024-07-26,completed,14000000
6228,6,2025-11-30,completed,1500000
6229,421,2025-11-24,completed,11400000
6230,388,2023-11-29,shipping,11000000
6231,41,2025-01-28,pending,5000000
6232,619,2024-11-19,completed,13100000
6233,672,2023-12-20,pending,35000000
6234,953,2024-11-12,pending,2500000
6235,952,2023-03-10,cancelled,1500000
6236,608,2024-07-14,completed,2600000
6237,1015,2024-11-08,completed,10000000
6238,291,2024-05-18,cancelled,12000000
6239,738,2024-04-30,completed,1000000
6240,1088,2023-10-04,pending,1500000
6241,767,2024-04-06,completed,2600000
6242,609,2025-12-21,completed,1500000
6243,415,2025-12-10,completed,1500000
6244,662,2025-11-22,completed,21500000
6245,161,2023-11-12,completed,5000000
6246,305,2023-04-25,completed,800000
6247,543,2024-04-27,completed,3000000
6248,1000,2025-02-08,shipping,2600000
6249,564,2023-01-08,completed,13000000
6250,685,2025-05-16,cancelled,11500000
6251,1172,2025-07-20,cancelled,3000000
6252,886,2023-12-07,completed,15800000
6253,694,2023-11-25,returned,1000000
6254,1162,2024-03-27,completed,14600000
6255,1042,2025-01-17,completed,5800000
6256,392,2023-01-29,completed,6000000
6257,717,2023-12-11,completed,600000
6258,939,2023-01-02,completed,1500000
6259,128,2025-01-23,completed,16500000
6260,509,2024-02-15,completed,8000000
6261,121,2024-03-01,completed,19500000
6262,823,2024-07-18,completed,4000000
6263,956,2023-03-03,completed,1500000
6264,594,2025-12-08,completed,1300000
6265,112,2023-05-07,cancelled,8400000
6266,543,2023-06-25,completed,1200000
6267,759,2023-01-20,completed,15000000
6268,467,2024-12-08,completed,2000000
6269,320,2023-05-14,completed,14000000
6270,758,2024-01-30,completed,1000000
6271,1022,2024-12-13,pending,800000
6272,899,2023-10-25,completed,2500000
6273,263,2024-10-12,completed,3600000
6274,1178,2023-02-22,completed,6100000
6275,627,2023-06-07,completed,15000000
6276,171,2023-03-18,returned,3000000
6277,556,2024-01-23,completed,4000000
6278,515,2023-04-21,pending,9000000
6279,113,2024-01-05,pending,6000000
6280,667,2025-02-20,shipping,800000
6281,227,2023-02-10,completed,4000000
6282,844,2023-02-12,completed,23000000
6283,110,2024-03-22,completed,8000000
6284,883,2024-08-27,completed,10500000
6285,1197,2023-03-28,completed,600000
6286,846,2025-10-07,completed,500000
6287,192,2025-06-10,completed,16400000
6288,597,2025-05-29,completed,1300000
6289,1012,2024-08-05,shipping,3200000
6290,183,2023-01-05,completed,2000000
6291,199,2025-04-09,cancelled,6000000
6292,725,2025-03-27,completed,9300000
6293,78,2023-12-13,completed,13000000
6294,445,2024-01-29,completed,5000000
6295,603,2025-06-21,pending,6000000
6296,127,2025-11-14,completed,13500000
6297,701,2023-11-18,completed,4300000
6298,875,2024-10-11,completed,6500000
6299,676,2023-03-27,completed,500000
6300,407,2024-06-03,shipping,8000000
6301,829,2024-01-11,cancelled,800000
6302,955,2023-08-02,pending,16200000
6303,568,2024-10-14,completed,1000000
6304,1041,2024-03-03,completed,5000000
6305,456,2025-12-13,completed,1200000
6306,915,2024-11-12,completed,18000000
6307,927,2024-03-03,completed,1000000
6308,191,2023-11-03,completed,16500000
6309,124,2025-03-03,shipping,2100000
6310,318,2024-11-01,completed,6000000
6311,874,2023-09-16,completed,7500000
6312,262,2025-12-24,completed,4100000
6313,480,2024-09-16,returned,17000000
6314,1185,2024-06-20,completed,12600000
6315,129,2024-12-24,completed,3000000
6316,1194,2024-09-28,pending,7300000
6317,1143,2023-04-06,completed,6000000
6318,340,2024-09-21,completed,1500000
6319,175,2025-04-06,cancelled,5000000
6320,1081,2025-10-11,completed,12600000
6321,1183,2025-06-02,shipping,2000000
6322,640,2025-08-09,completed,3000000
6323,934,2023-07-29,completed,2100000
6324,1030,2023-02-23,completed,6200000
6325,381,2024-11-13,completed,2500000
6326,430,2024-09-01,completed,500000
6327,457,2025-01-08,cancelled,14600000
6328,142,2024-08-21,cancelled,2500000
6329,1092,2023-09-15,completed,500000
6330,396,2025-11-11,pending,18000000
6331,1157,2023-10-13,completed,7300000
6332,699,2023-04-13,cancelled,3000000
6333,38,2024-03-17,cancelled,5200000
6334,753,2024-12-16,completed,1600000
6335,554,2025-05-10,completed,5500000
6336,545,2024-11-11,cancelled,7600000
6337,97,2023-05-17,completed,21000000
6338,815,2023-06-02,completed,2000000
6339,431,2024-09-05,pending,1200000
6340,7,2025-04-27,completed,800000
6341,705,2024-09-23,returned,3900000
6342,616,2025-10-11,completed,3500000
6343,682,2024-08-15,shipping,11000000
6344,820,2025-10-16,completed,11200000
6345,1088,2023-10-20,shipping,2000000
6346,49,2024-03-14,completed,1000000
6347,727,2024-02-25,completed,23000000
6348,118,2025-03-02,shipping,2400000
6349,624,2023-10-04,cancelled,1500000
6350,662,2025-01-09,completed,5000000
6351,391,2023-09-22,completed,1500000
6352,631,2023-11-19,cancelled,9800000
6353,846,2024-09-03,shipping,13500000
6354,800,2024-01-18,cancelled,10200000
6355,47,2025-09-23,completed,9000000
6356,1171,2023-01-28,completed,2000000
6357,893,2024-04-18,completed,4800000
6358,163,2024-12-17,shipping,16000000
6359,754,2023-12-09,completed,3000000
6360,332,2025-02-25,completed,5000000
6361,501,2023-08-07,returned,9500000
6362,379,2023-06-21,completed,15000000
6363,260,2025-05-25,completed,1500000
6364,894,2024-09-18,completed,3000000
6365,344,2024-01-25,completed,1000000
6366,644,2024-12-30,completed,500000
6367,757,2024-04-02,cancelled,15000000
6368,476,2024-03-10,shipping,12000000
6369,140,2023-08-14,completed,17400000
6370,771,2024-02-27,pending,5800000
6371,139,2025-10-16,completed,1600000
6372,524,2023-12-15,shipping,9000000
6373,814,2025-07-28,completed,3000000
6374,452,2025-08-07,completed,23800000
6375,62,2023-05-05,completed,12000000
6376,41,2023-05-26,completed,6600000
6377,215,2025-10-17,completed,8000000
6378,1035,2023-10-04,completed,1500000
6379,86,2025-07-26,completed,6800000
6380,241,2024-12-02,pending,1600000
6381,1164,2025-11-30,cancelled,2000000
6382,56,2023-12-16,completed,2000000
6383,955,2024-10-07,completed,9500000
6384,365,2024-01-03,pending,28000000
6385,337,2025-03-25,completed,10500000
6386,242,2023-08-01,completed,10600000
6387,496,2024-01-19,completed,1800000
6388,751,2024-10-27,completed,2800000
6389,72,2024-09-30,completed,3000000
6390,752,2024-06-23,completed,500000
6391,342,2025-04-28,shipping,1800000
6392,550,2025-03-24,completed,12500000
6393,351,2025-07-19,returned,3000000
6394,291,2024-12-14,completed,6000000
6395,746,2025-12-02,completed,14000000
6396,1070,2025-04-11,completed,3500000
6397,414,2023-02-02,shipping,3500000
6398,968,2024-08-14,completed,8500000
6399,505,2025-11-12,cancelled,1600000
6400,1029,2023-08-03,cancelled,20000000
6401,551,2024-09-10,completed,7000000
6402,209,2024-05-02,completed,3000000
6403,520,2025-01-10,cancelled,10600000
6404,666,2023-08-06,completed,8000000
6405,981,2023-07-11,completed,9500000
6406,862,2025-01-08,completed,4800000
6407,923,2023-01-10,completed,4300000
6408,381,2024-09-09,completed,2500000
6409,749,2024-10-31,cancelled,500000
6410,661,2024-10-12,cancelled,13200000
6411,433,2023-12-07,completed,6500000
6412,856,2024-02-05,completed,1500000
6413,889,2025-04-28,completed,3800000
6414,486,2025-02-22,completed,8500000
6415,924,2025-05-22,completed,10000000
6416,217,2025-07-15,cancelled,4000000
6417,295,2025-01-14,shipping,3500000
6418,1109,2024-07-10,completed,1600000
6419,729,2025-03-14,cancelled,1600000
6420,1071,2024-01-17,shipping,6000000
6421,633,2025-01-17,completed,3600000
6422,291,2024-11-15,cancelled,2400000
6423,362,2025-10-26,completed,5100000
6424,690,2025-10-26,completed,4000000
6425,309,2025-12-02,cancelled,5000000
6426,450,2023-06-24,completed,2000000
6427,68,2025-04-02,completed,5800000
6428,994,2023-02-10,completed,4400000
6429,158,2023-01-01,completed,12000000
6430,1023,2023-04-13,completed,2400000
6431,59,2023-01-09,cancelled,1000000
6432,526,2025-07-01,completed,18000000
6433,581,2024-04-19,pending,1600000
6434,630,2025-04-28,completed,2000000
6435,283,2024-08-26,completed,9000000
6436,1160,2024-02-03,cancelled,3000000
6437,205,2025-12-24,pending,7100000
6438,174,2023-02-25,shipping,20000000
6439,1141,2023-10-15,cancelled,2000000
6440,143,2024-01-23,shipping,3100000
6441,35,2023-11-18,cancelled,19000000
6442,697,2024-04-27,completed,9500000
6443,1178,2023-12-17,completed,2800000
6444,746,2024-09-27,completed,8000000
6445,275,2024-12-06,cancelled,3500000
6446,562,2023-09-26,completed,8800000
6447,325,2024-12-15,completed,9500000
6448,712,2023-12-29,shipping,14000000
6449,427,2025-06-18,completed,10000000
6450,1020,2025-06-13,completed,14000000
6451,137,2023-07-23,completed,4000000
6452,1024,2025-01-01,cancelled,5000000
6453,14,2025-03-09,cancelled,7600000
6454,57,2023-11-20,completed,1600000
6455,577,2025-02-13,returned,1000000
6456,966,2023-07-07,completed,15000000
6457,601,2023-05-17,completed,14000000
6458,130,2023-09-08,shipping,1000000
6459,6,2024-10-21,completed,8800000
6460,345,2023-07-02,completed,15000000
6461,834,2024-10-18,completed,1500000
6462,758,2025-02-15,completed,8100000
6463,328,2025-09-19,completed,5000000
6464,516,2023-02-28,completed,3000000
6465,531,2025-02-24,completed,7400000
6466,175,2025-12-18,completed,2200000
6467,328,2024-03-02,completed,10000000
6468,202,2023-10-24,completed,11600000
6469,104,2024-01-06,completed,16000000
6470,724,2025-09-01,cancelled,6300000
6471,604,2023-12-03,cancelled,7500000
6472,1009,2024-07-18,completed,18900000
6473,857,2025-04-07,completed,10800000
6474,206,2023-08-03,completed,21000000
6475,526,2024-12-30,shipping,2300000
6476,514,2023-08-09,completed,3000000
6477,581,2024-09-08,completed,7700000
6478,488,2023-06-18,completed,5000000
6479,1023,2024-11-27,completed,4000000
6480,515,2023-11-07,completed,29000000
6481,1141,2024-03-05,completed,800000
6482,749,2024-12-30,completed,2500000
6483,192,2025-12-16,completed,17500000
6484,911,2023-09-19,completed,8400000
6485,454,2023-10-01,completed,23000000
6486,1106,2023-06-09,completed,300000
6487,576,2024-08-18,completed,12000000
6488,240,2023-09-16,completed,13200000
6489,490,2024-04-29,shipping,3500000
6490,796,2023-12-28,completed,2400000
6491,275,2024-11-07,completed,2500000
6492,76,2025-02-24,cancelled,4000000
6493,668,2025-03-16,pending,7100000
6494,693,2024-04-06,cancelled,4500000
6495,1010,2024-09-14,completed,4500000
6496,350,2023-03-30,pending,5000000
6497,922,2025-12-26,completed,8000000
6498,142,2023-08-11,completed,3000000
6499,10,2023-07-11,cancelled,2000000
6500,125,2025-12-10,completed,12000000
6501,1151,2025-07-07,completed,5500000
6502,622,2024-03-12,completed,13000000
6503,883,2024-10-12,cancelled,3000000
6504,536,2025-02-03,pending,18200000
6505,301,2025-01-23,completed,1000000
6506,371,2023-03-27,completed,2000000
6507,561,2023-08-10,completed,6000000
6508,1074,2024-06-29,returned,2600000
6509,942,2023-07-27,completed,3000000
6510,917,2024-12-07,completed,3800000
6511,947,2023-04-23,completed,2000000
6512,500,2025-07-18,completed,9500000
6513,74,2024-02-06,cancelled,2000000
6514,1062,2023-08-14,completed,3000000
6515,307,2023-11-07,completed,5000000
6516,887,2025-07-02,completed,18000000
6517,1075,2023-04-14,completed,2800000
6518,768,2024-01-03,cancelled,4200000
6519,317,2023-02-04,cancelled,3800000
6520,947,2024-07-27,shipping,2000000
6521,400,2023-05-07,pending,4000000
6522,855,2025-06-13,completed,3200000
6523,252,2025-04-29,returned,12000000
6524,946,2023-08-30,pending,10000000
6525,1068,2023-12-22,cancelled,3500000
6526,702,2024-01-23,completed,6000000
6527,1154,2024-08-24,shipping,6800000
6528,794,2025-05-04,completed,1500000
6529,748,2025-09-18,completed,7100000
6530,236,2023-06-11,pending,800000
6531,499,2024-07-13,completed,7000000
6532,47,2025-01-25,pending,2300000
6533,1141,2023-07-09,completed,12800000
6534,338,2023-07-25,completed,6000000
6535,275,2024-03-28,completed,12000000
6536,689,2023-10-01,shipping,9000000
6537,1139,2024-01-01,pending,1500000
6538,819,2023-08-31,pending,1600000
6539,710,2025-02-17,completed,7600000
6540,401,2024-11-16,completed,10800000
6541,638,2025-01-11,pending,5400000
6542,603,2023-12-28,completed,6500000
6543,442,2024-12-14,cancelled,7500000
6544,870,2024-07-28,pending,17000000
6545,645,2024-03-31,completed,3000000
6546,213,2025-03-21,completed,2000000
6547,172,2023-06-28,cancelled,7300000
6548,838,2024-05-26,cancelled,15000000
6549,493,2024-08-18,cancelled,9000000
6550,359,2025-01-21,pending,30500000
6551,690,2023-02-17,returned,2100000
6552,97,2025-05-11,completed,7200000
6553,370,2024-07-11,cancelled,4500000
6554,652,2025-03-05,completed,15000000
6555,794,2024-03-19,completed,11600000
6556,1145,2025-12-30,completed,1600000
6557,742,2025-07-24,completed,1800000
6558,178,2024-11-14,completed,4000000
6559,999,2025-09-28,completed,7800000
6560,506,2025-10-04,completed,500000
6561,692,2023-08-14,completed,16000000
6562,249,2023-02-18,completed,5000000
6563,606,2024-09-15,completed,2000000
6564,363,2025-11-10,completed,4600000
6565,111,2025-05-01,completed,4200000
6566,696,2025-11-28,shipping,10000000
6567,864,2025-02-22,cancelled,11000000
6568,69,2024-05-30,completed,1000000
6569,113,2023-01-26,shipping,3000000
6570,1047,2024-01-11,cancelled,7000000
6571,1028,2024-06-30,pending,3100000
6572,1007,2024-12-29,completed,9000000
6573,602,2025-05-03,shipping,10000000
6574,1170,2024-12-26,completed,5400000
6575,1171,2025-12-11,completed,1500000
6576,102,2024-06-19,completed,4000000
6577,457,2024-03-18,pending,800000
6578,1167,2023-12-04,completed,2400000
6579,910,2025-03-26,cancelled,1800000
6580,658,2023-09-04,completed,5300000
6581,88,2024-09-30,pending,11100000
6582,901,2025-03-16,completed,3000000
6583,364,2023-07-21,completed,2400000
6584,698,2025-10-01,completed,500000
6585,860,2024-10-15,completed,1500000
6586,1089,2025-06-11,pending,3000000
6587,1009,2025-02-16,completed,9500000
6588,595,2024-02-06,returned,800000
6589,588,2024-11-28,completed,14000000
6590,366,2023-01-16,completed,1000000
6591,424,2025-08-21,returned,9800000
6592,858,2024-08-12,shipping,3000000
6593,760,2023-02-09,completed,3000000
6594,909,2024-04-20,pending,2000000
6595,519,2025-10-03,completed,5500000
6596,459,2024-02-20,completed,2000000
6597,817,2025-12-05,completed,3400000
6598,370,2023-10-18,completed,6300000
6599,828,2023-12-28,pending,2500000
6600,889,2024-01-15,shipping,4000000
6601,988,2023-06-04,completed,4500000
6602,68,2025-01-10,completed,5000000
6603,483,2024-05-09,returned,9000000
6604,290,2024-09-08,completed,5400000
6605,1072,2024-10-23,completed,8000000
6606,1047,2025-05-28,cancelled,25000000
6607,59,2024-09-27,completed,3000000
6608,588,2024-10-20,completed,1200000
6609,1176,2025-06-29,completed,1500000
6610,496,2023-01-22,completed,13000000
6611,895,2023-08-10,completed,3900000
6612,1020,2024-12-01,completed,4800000
6613,322,2024-06-08,shipping,3500000
6614,172,2024-01-24,pending,5800000
6615,649,2023-03-27,completed,2800000
6616,85,2025-10-26,completed,14000000
6617,481,2023-01-16,completed,5000000
6618,107,2024-01-24,completed,2000000
6619,1162,2025-05-12,completed,6400000
6620,383,2025-10-20,shipping,11000000
6621,14,2024-09-24,completed,1000000
6622,453,2024-11-16,completed,3000000
6623,993,2025-09-02,returned,6000000
6624,86,2024-01-26,completed,6200000
6625,632,2024-01-19,cancelled,500000
6626,854,2023-10-01,completed,20500000
6627,747,2025-05-03,returned,16600000
6628,671,2024-10-05,cancelled,26400000
6629,235,2024-12-12,pending,8800000
6630,1134,2025-01-11,pending,4300000
6631,94,2023-12-12,completed,21100000
6632,479,2025-04-07,completed,5000000
6633,393,2025-07-01,completed,7700000
6634,560,2024-02-08,completed,12000000
6635,700,2025-06-18,completed,1600000
6636,1053,2025-06-03,completed,6000000
6637,780,2023-08-29,completed,13300000
6638,32,2023-01-12,completed,1800000
6639,1112,2025-02-24,returned,19000000
6640,1063,2023-05-21,completed,16500000
6641,789,2024-07-18,completed,1500000
6642,98,2025-11-13,completed,2000000
6643,285,2025-07-24,completed,10000000
6644,92,2024-11-10,completed,1000000
6645,750,2024-12-05,returned,7600000
6646,607,2023-10-25,completed,4500000
6647,187,2025-06-08,completed,1500000
6648,355,2025-05-26,completed,3200000
6649,654,2024-09-07,shipping,2500000
6650,912,2025-07-27,completed,1000000
6651,1005,2025-04-15,pending,2000000
6652,147,2024-05-17,cancelled,5000000
6653,680,2025-07-18,completed,17500000
6654,696,2023-12-21,completed,3100000
6655,1158,2024-06-07,returned,3000000
6656,42,2023-11-29,completed,500000
6657,856,2025-11-14,completed,8000000
6658,262,2023-08-22,completed,21800000
6659,612,2024-01-17,completed,10600000
6660,507,2023-12-27,completed,2500000
6661,781,2023-01-14,shipping,3600000
6662,161,2025-02-03,cancelled,19000000
6663,1167,2024-08-17,pending,5500000
6664,670,2025-11-30,shipping,10500000
6665,1092,2025-01-25,pending,1500000
6666,122,2025-04-09,pending,3600000
6667,424,2023-06-10,completed,2900000
6668,1185,2024-11-08,completed,4000000
6669,343,2023-07-27,cancelled,14000000
6670,650,2024-08-20,pending,2800000
6671,823,2024-06-05,completed,7500000
6672,54,2023-06-21,cancelled,2000000
6673,820,2025-12-17,cancelled,1600000
6674,363,2023-02-09,completed,4500000
6675,4,2023-11-27,cancelled,5500000
6676,154,2025-08-18,completed,2400000
6677,971,2023-01-04,completed,10500000
6678,852,2024-07-10,completed,11800000
6679,61,2024-02-27,cancelled,6100000
6680,777,2025-06-03,completed,10500000
6681,436,2025-11-13,cancelled,34000000
6682,454,2024-12-10,cancelled,2300000
6683,402,2023-06-06,completed,3200000
6684,1019,2024-07-05,completed,36500000
6685,997,2025-05-06,shipping,5000000
6686,1053,2023-01-10,completed,2400000
6687,1127,2025-07-15,completed,11500000
6688,245,2024-12-27,completed,3000000
6689,1056,2024-01-12,returned,5600000
6690,784,2025-01-24,completed,2000000
6691,1121,2025-10-30,shipping,5000000
6692,146,2023-06-10,completed,800000
6693,1082,2025-01-12,pending,12600000
6694,1134,2023-11-04,completed,10800000
6695,499,2025-08-16,completed,4600000
6696,836,2024-11-04,completed,5000000
6697,826,2023-11-14,completed,300000
6698,1036,2025-06-18,completed,3400000
6699,173,2023-02-13,returned,16500000
6700,1066,2025-04-18,completed,500000
6701,1078,2025-05-26,completed,6000000
6702,78,2024-05-12,shipping,2000000
6703,251,2024-10-30,shipping,12800000
6704,570,2025-06-07,completed,2400000
6705,699,2025-01-22,shipping,5000000
6706,1045,2023-01-31,completed,800000
6707,168,2025-03-28,completed,4000000
6708,1137,2025-11-15,pending,13600000
6709,379,2025-11-25,completed,5000000
6710,190,2023-02-12,completed,2200000
6711,33,2025-07-13,cancelled,2900000
6712,406,2023-03-31,completed,12000000
6713,848,2023-10-05,returned,12500000
6714,115,2024-10-30,completed,4300000
6715,397,2023-02-28,completed,24000000
6716,105,2024-09-16,pending,41000000
6717,230,2023-10-15,completed,2000000
6718,393,2025-01-22,completed,10500000
6719,487,2024-01-20,pending,7300000
6720,392,2023-01-21,completed,12300000
6721,1162,2023-02-02,completed,10100000
6722,1058,2024-01-31,completed,4000000
6723,850,2023-06-12,completed,10300000
6724,911,2025-08-25,completed,18000000
6725,1114,2025-12-27,shipping,6000000
6726,945,2023-05-08,completed,2200000
6727,639,2025-08-30,cancelled,800000
6728,333,2024-04-21,cancelled,5000000
6729,1025,2024-01-01,returned,6800000
6730,1174,2024-07-25,completed,2500000
6731,653,2025-09-15,completed,3000000
6732,53,2024-12-10,shipping,4500000
6733,151,2024-12-06,pending,11500000
6734,924,2024-10-15,completed,10500000
6735,289,2025-05-11,completed,1500000
6736,602,2025-10-31,completed,24400000
6737,187,2025-03-27,completed,3000000
6738,140,2024-07-14,shipping,7400000
6739,1100,2024-01-02,shipping,23500000
6740,665,2025-08-21,completed,3000000
6741,677,2023-07-09,completed,1300000
6742,992,2023-04-07,pending,6100000
6743,210,2025-10-09,cancelled,6000000
6744,338,2024-01-12,completed,3000000
6745,740,2025-09-22,returned,5300000
6746,66,2025-12-28,returned,3800000
6747,370,2023-05-20,returned,11800000
6748,1057,2025-10-15,completed,7000000
6749,713,2023-03-01,completed,26600000
6750,616,2024-05-11,cancelled,5000000
6751,164,2023-10-21,completed,5100000
6752,471,2025-09-27,cancelled,3800000
6753,492,2023-11-26,returned,21000000
6754,986,2024-04-28,completed,2400000
6755,279,2023-06-13,returned,2000000
6756,1113,2023-09-02,completed,7000000
6757,704,2025-08-18,completed,5000000
6758,268,2024-09-03,pending,13000000
6759,761,2025-11-17,completed,1600000
6760,976,2023-10-04,cancelled,10800000
6761,899,2023-03-05,completed,7000000
6762,240,2024-07-01,cancelled,5500000
6763,91,2023-01-09,shipping,1500000
6764,342,2023-03-29,completed,11000000
6765,540,2025-09-24,completed,3000000
6766,404,2023-09-06,completed,21000000
6767,1100,2025-05-01,completed,2000000
6768,11,2023-01-28,completed,6500000
6769,1111,2024-04-01,completed,11100000
6770,896,2023-06-10,cancelled,500000
6771,252,2025-12-20,completed,17000000
6772,462,2024-12-12,cancelled,500000
6773,694,2025-08-01,shipping,2000000
6774,395,2025-10-02,cancelled,500000
6775,406,2023-06-29,completed,20200000
6776,1183,2024-04-22,completed,2000000
6777,1,2024-09-07,completed,24000000
6778,883,2024-09-15,completed,15000000
6779,406,2023-10-03,completed,15400000
6780,703,2025-12-18,completed,1000000
6781,1131,2025-07-31,completed,6200000
6782,385,2025-10-24,completed,3000000
6783,449,2025-06-13,completed,10800000
6784,32,2023-07-04,completed,6700000
6785,1144,2023-10-29,completed,5500000
6786,203,2024-02-06,completed,1300000
6787,244,2024-01-15,completed,3200000
6788,770,2024-12-12,completed,2800000
6789,789,2023-11-20,returned,14400000
6790,951,2025-10-01,completed,14000000
6791,490,2024-07-25,completed,1000000
6792,692,2025-07-08,completed,4200000
6793,7,2024-11-11,completed,11500000
6794,1024,2025-03-26,completed,6000000
6795,261,2024-01-21,completed,8400000
6796,585,2025-03-24,completed,5000000
6797,766,2024-05-28,shipping,11500000
6798,336,2025-10-05,shipping,9000000
6799,816,2025-05-18,completed,4800000
6800,307,2023-12-20,completed,2700000
6801,989,2024-07-25,shipping,18000000
6802,154,2023-06-28,completed,1500000
6803,631,2025-11-08,completed,4500000
6804,847,2025-01-19,completed,3000000
6805,983,2025-09-21,completed,2300000
6806,36,2024-06-27,completed,5000000
6807,297,2025-07-22,completed,22400000
6808,967,2023-02-22,completed,1600000
6809,311,2025-03-11,completed,3000000
6810,246,2023-12-12,returned,4400000
6811,849,2025-10-08,completed,3500000
6812,486,2024-10-30,completed,5000000
6813,1113,2023-02-15,cancelled,11300000
6814,1122,2023-11-26,completed,500000
6815,584,2023-11-29,completed,800000
6816,440,2025-03-15,completed,1800000
6817,16,2024-07-22,completed,2000000
6818,939,2024-09-05,completed,7400000
6819,654,2023-01-11,cancelled,4000000
6820,57,2025-05-26,completed,13500000
6821,1061,2023-09-22,completed,6600000
6822,351,2023-03-15,completed,1200000
6823,531,2025-10-02,completed,5200000
6824,279,2025-01-09,completed,12800000
6825,101,2023-01-10,completed,6000000
6826,28,2025-11-02,returned,3600000
6827,45,2024-08-16,shipping,6000000
6828,481,2025-04-10,shipping,9500000
6829,572,2025-12-03,completed,15000000
6830,1005,2023-06-02,returned,18500000
6831,181,2023-04-07,completed,5800000
6832,178,2025-02-02,returned,14400000
6833,238,2025-12-04,completed,11600000
6834,477,2025-03-17,completed,8400000
6835,119,2023-01-10,completed,800000
6836,544,2024-10-05,completed,7000000
6837,710,2025-03-31,shipping,500000
6838,526,2025-12-29,completed,12100000
6839,487,2023-04-09,completed,3500000
6840,770,2025-01-26,pending,20000000
6841,504,2025-11-10,completed,13700000
6842,239,2023-12-05,completed,2000000
6843,545,2024-09-29,completed,9000000
6844,1018,2023-07-09,completed,15500000
6845,638,2025-05-15,cancelled,4400000
6846,99,2025-09-22,completed,1200000
6847,657,2025-09-11,completed,6000000
6848,459,2024-11-01,pending,6000000
6849,423,2024-04-13,shipping,9000000
6850,704,2024-11-18,pending,2000000
6851,688,2023-01-12,returned,12900000
6852,633,2023-02-04,completed,11600000
6853,1043,2024-04-29,completed,1500000
6854,130,2025-02-13,completed,500000
6855,1131,2025-11-17,completed,5000000
6856,180,2025-01-23,completed,7200000
6857,701,2025-01-18,shipping,6300000
6858,752,2025-09-09,completed,9200000
6859,729,2023-05-16,completed,18200000
6860,804,2023-03-15,completed,20000000
6861,734,2024-03-07,completed,2000000
6862,375,2023-01-17,pending,10000000
6863,46,2025-10-04,completed,12000000
6864,341,2024-08-28,completed,10400000
6865,247,2023-11-20,completed,7600000
6866,636,2023-12-29,completed,500000
6867,114,2025-09-09,completed,4400000
6868,541,2025-01-21,returned,10300000
6869,944,2023-02-24,completed,2300000
6870,324,2023-06-21,cancelled,22500000
6871,543,2025-04-28,returned,3100000
6872,363,2024-09-26,completed,9000000
6873,719,2024-07-03,completed,3000000
6874,1115,2024-06-19,completed,6400000
6875,733,2024-05-16,completed,2100000
6876,142,2025-10-20,shipping,14500000
6877,775,2025-04-17,completed,6200000
6878,518,2024-02-11,completed,7000000
6879,1055,2023-12-26,completed,8500000
6880,721,2024-10-11,completed,4300000
6881,201,2023-03-05,cancelled,12000000
6882,479,2025-06-30,completed,2800000
6883,602,2023-01-10,completed,8000000
6884,713,2023-02-20,shipping,1500000
6885,1071,2024-08-01,completed,17500000
6886,329,2023-10-02,shipping,3000000
6887,816,2025-12-08,completed,6700000
6888,381,2025-10-23,completed,6500000
6889,140,2023-08-21,completed,5000000
6890,645,2024-02-22,completed,3000000
6891,549,2023-05-19,completed,2000000
6892,1148,2025-08-30,completed,1300000
6893,1104,2023-11-12,pending,11300000
6894,336,2024-11-06,cancelled,17000000
6895,357,2025-07-29,pending,20000000
6896,620,2024-07-20,completed,25400000
6897,1060,2024-02-14,completed,16000000
6898,934,2024-10-30,completed,1300000
6899,34,2023-01-29,completed,6000000
6900,302,2023-11-02,completed,800000
6901,656,2023-12-24,completed,1500000
6902,803,2023-04-29,completed,10500000
6903,167,2023-04-03,completed,1500000
6904,366,2024-12-07,pending,1500000
6905,541,2024-06-04,completed,3500000
6906,897,2023-10-25,cancelled,19000000
6907,1040,2024-12-29,completed,5300000
6908,77,2024-01-13,cancelled,25800000
6909,821,2023-11-13,completed,7200000
6910,915,2023-11-06,completed,5000000
6911,622,2024-08-31,completed,4800000
6912,1056,2023-04-18,pending,18700000
6913,38,2024-02-06,completed,13500000
6914,555,2025-11-20,returned,4600000
6915,986,2025-12-11,completed,15500000
6916,528,2025-03-15,completed,6500000
6917,341,2023-12-25,shipping,2400000
6918,1077,2025-10-09,completed,6000000
6919,369,2025-09-19,pending,6000000
6920,302,2024-05-09,completed,800000
6921,1111,2023-11-21,completed,20000000
6922,617,2024-11-09,completed,6000000
6923,1019,2024-10-28,pending,6000000
6924,175,2023-01-27,completed,12500000
6925,116,2025-11-21,completed,10000000
6926,329,2025-06-27,completed,6000000
6927,803,2025-03-04,pending,10500000
6928,175,2023-09-26,cancelled,29600000
6929,445,2024-10-09,returned,6500000
6930,650,2025-05-08,returned,3000000
6931,1025,2024-06-04,shipping,16900000
6932,814,2025-05-07,pending,3600000
6933,443,2025-08-31,completed,5000000
6934,1014,2023-07-24,pending,2000000
6935,874,2024-12-18,completed,6000000
6936,711,2023-07-23,completed,13900000
6937,1168,2025-01-19,completed,1500000
6938,877,2023-11-01,completed,9500000
6939,1185,2023-03-20,completed,2000000
6940,446,2025-03-30,completed,16000000
6941,556,2024-01-03,completed,9400000
6942,1107,2023-04-05,completed,24500000
6943,103,2025-12-16,completed,4600000
6944,873,2025-05-08,completed,6000000
6945,1043,2024-10-23,completed,6500000
6946,632,2024-10-20,completed,6500000
6947,1102,2025-01-22,returned,2600000
6948,569,2025-04-17,returned,5000000
6949,461,2023-11-13,completed,6500000
6950,530,2025-10-20,shipping,2100000
6951,185,2025-08-13,completed,21500000
6952,1013,2024-12-08,shipping,2300000
6953,413,2025-01-24,completed,20500000
6954,592,2023-10-07,pending,4000000
6955,92,2023-08-25,cancelled,9200000
6956,271,2024-02-24,shipping,10000000
6957,837,2025-02-26,completed,1000000
6958,395,2023-09-25,completed,3600000
6959,729,2023-02-04,completed,6500000
6960,690,2025-01-18,completed,4100000
6961,145,2023-01-10,completed,1000000
6962,880,2023-02-15,shipping,10000000
6963,13,2023-03-11,completed,20000000
6964,679,2025-11-25,completed,1000000
6965,182,2023-02-06,shipping,2300000
6966,1175,2023-03-09,completed,8000000
6967,1180,2024-11-14,shipping,3000000
6968,915,2025-03-11,shipping,20100000
6969,432,2025-07-21,cancelled,18400000
6970,670,2023-12-05,completed,500000
6971,447,2023-03-15,completed,14000000
6972,985,2025-04-07,cancelled,3500000
6973,721,2025-08-15,cancelled,8500000
6974,268,2024-10-01,completed,500000
6975,728,2023-12-24,pending,29200000
6976,769,2023-10-28,returned,19000000
6977,1099,2024-12-30,completed,5600000
6978,1045,2024-09-30,completed,2000000
6979,161,2024-12-11,completed,6500000
6980,259,2025-04-29,completed,4000000
6981,987,2024-12-04,completed,1500000
6982,610,2025-07-05,cancelled,7800000
6983,287,2024-02-20,completed,5400000
6984,907,2023-10-09,completed,2000000
6985,146,2025-12-11,cancelled,5500000
6986,224,2023-08-07,completed,4600000
6987,44,2024-12-01,completed,18000000
6988,18,2023-02-16,completed,5800000
6989,776,2023-01-12,completed,1000000
6990,394,2024-08-04,completed,8600000
6991,709,2024-07-06,completed,18900000
6992,811,2023-01-16,completed,2800000
6993,374,2023-04-03,completed,4600000
6994,618,2024-03-06,completed,1600000
6995,851,2024-01-22,completed,6000000
6996,635,2024-10-18,completed,2500000
6997,807,2023-08-11,completed,1500000
6998,168,2023-07-19,cancelled,7000000
6999,534,2025-05-27,completed,3400000
7000,463,2024-12-14,completed,5000000
7001,667,2023-08-11,completed,3000000
7002,614,2025-09-24,completed,2000000
7003,612,2024-06-12,completed,7400000
7004,437,2024-11-24,cancelled,15000000
7005,541,2025-07-06,completed,10000000
7006,235,2023-10-21,completed,10000000
7007,1095,2024-10-14,completed,1500000
7008,910,2024-09-27,completed,6900000
7009,1193,2024-01-03,completed,8400000
7010,891,2025-06-14,completed,16000000
7011,1092,2025-05-07,cancelled,10000000
7012,72,2024-12-18,completed,4700000
7013,119,2024-10-18,shipping,7000000
7014,92,2023-04-18,completed,5000000
7015,1050,2024-12-22,completed,3500000
7016,281,2024-09-20,cancelled,14500000
7017,1110,2025-01-30,shipping,8800000
7018,888,2024-10-21,completed,6000000
7019,890,2025-03-09,completed,8200000
7020,375,2023-07-18,completed,9500000
7021,475,2024-02-16,completed,21000000
7022,50,2023-05-20,completed,7300000
7023,166,2023-10-03,returned,2100000
7024,180,2023-02-09,completed,3000000
7025,407,2025-04-08,cancelled,3000000
7026,748,2025-05-11,cancelled,2800000
7027,310,2024-01-13,completed,6500000
7028,291,2025-10-16,cancelled,4000000
7029,1043,2024-02-21,shipping,3000000
7030,615,2025-10-23,completed,6500000
7031,911,2023-12-25,completed,7500000
7032,115,2025-02-10,completed,2500000
7033,180,2025-12-28,completed,12400000
7034,847,2023-11-26,completed,800000
7035,635,2025-01-16,completed,2300000
7036,531,2024-08-02,pending,8200000
7037,659,2023-06-01,completed,4800000
7038,170,2025-01-27,completed,5000000
7039,461,2024-11-30,completed,4400000
7040,558,2023-02-02,shipping,7500000
7041,881,2023-09-14,completed,12500000
7042,420,2025-12-22,shipping,16600000
7043,37,2025-02-05,cancelled,27500000
7044,574,2025-03-22,completed,15000000
7045,911,2025-05-31,completed,15000000
7046,1119,2025-02-08,completed,10600000
7047,548,2025-12-22,completed,8000000
7048,78,2023-11-24,completed,3000000
7049,794,2025-10-02,completed,1000000
7050,408,2023-11-05,completed,15000000
7051,515,2024-12-28,completed,14000000
7052,24,2023-10-20,completed,500000
7053,238,2024-09-05,completed,25600000
7054,470,2023-10-25,completed,10000000
7055,670,2025-11-21,pending,21000000
7056,603,2023-10-19,completed,4500000
7057,640,2024-06-19,shipping,11000000
7058,752,2023-04-14,cancelled,800000
7059,573,2023-02-18,cancelled,10000000
7060,1094,2023-10-23,completed,2000000
7061,534,2025-06-15,cancelled,5500000
7062,1126,2024-12-24,completed,1500000
7063,387,2025-05-28,completed,5500000
7064,564,2025-02-03,shipping,6000000
7065,973,2024-04-17,pending,800000
7066,371,2023-07-20,completed,10500000
7067,1105,2025-03-14,completed,1500000
7068,597,2024-02-14,completed,2800000
7069,1199,2024-02-21,shipping,20500000
7070,336,2024-08-19,pending,6000000
7071,324,2023-05-06,completed,4000000
7072,918,2024-12-15,pending,800000
7073,700,2025-03-04,shipping,2200000
7074,839,2024-03-28,returned,2100000
7075,157,2025-08-28,cancelled,9100000
7076,1175,2025-12-13,completed,7000000
7077,535,2023-12-02,shipping,7500000
7078,84,2023-09-29,completed,31500000
7079,401,2025-11-11,completed,3000000
7080,10,2025-08-18,returned,15000000
7081,357,2025-02-04,completed,5000000
7082,368,2024-09-08,completed,1200000
7083,1151,2025-06-05,returned,3800000
7084,243,2024-01-19,shipping,4000000
7085,918,2024-08-30,completed,3500000
7086,615,2025-08-17,cancelled,6000000
7087,846,2023-08-15,pending,3000000
7088,235,2023-04-05,completed,10500000
7089,881,2024-03-20,completed,7500000
7090,303,2023-02-17,completed,7500000
7091,1148,2024-03-27,pending,7800000
7092,204,2023-01-21,completed,4200000
7093,123,2024-06-12,completed,1500000
7094,111,2025-02-27,shipping,9000000
7095,77,2024-11-19,cancelled,12000000
7096,948,2025-10-07,shipping,6000000
7097,397,2023-12-04,shipping,3300000
7098,421,2025-03-03,completed,18400000
7099,997,2024-03-25,completed,9200000
7100,971,2025-08-05,completed,6000000
7101,431,2024-07-09,completed,17000000
7102,311,2023-10-24,completed,6500000
7103,905,2023-10-26,completed,6000000
7104,607,2025-12-31,pending,13500000
7105,324,2023-09-13,cancelled,10500000
7106,692,2024-03-08,completed,14500000
7107,1027,2024-10-24,completed,12500000
7108,300,2025-03-05,shipping,1800000
7109,38,2024-01-19,pending,6800000
7110,334,2024-03-27,returned,4000000
7111,213,2024-04-04,completed,2000000
7112,533,2023-02-05,completed,500000
7113,181,2024-10-29,completed,2100000
7114,1094,2025-10-10,shipping,3100000
7115,196,2024-09-13,pending,3000000
7116,82,2024-09-03,completed,1500000
7117,421,2024-09-27,completed,8200000
7118,871,2025-05-26,completed,1000000
7119,496,2024-02-27,completed,4000000
7120,69,2025-02-18,completed,8700000
7121,1060,2023-12-26,pending,26000000
7122,511,2025-10-04,shipping,1000000
7123,11,2025-03-16,completed,6000000
7124,751,2025-12-08,completed,13800000
7125,609,2023-04-30,completed,2000000
7126,810,2023-04-23,completed,1500000
7127,806,2025-01-01,completed,6000000
7128,527,2023-12-12,completed,8800000
7129,946,2024-08-09,pending,9000000
7130,185,2023-01-22,completed,10000000
7131,62,2025-02-14,completed,20000000
7132,1097,2023-02-22,completed,2800000
7133,491,2024-01-31,completed,2000000
7134,1107,2024-11-02,completed,4500000
7135,746,2023-10-10,shipping,6000000
7136,781,2025-04-14,completed,800000
7137,1032,2023-06-24,completed,7000000
7138,330,2024-01-08,shipping,2000000
7139,194,2025-09-14,returned,6200000
7140,626,2024-08-06,completed,8000000
7141,224,2025-03-28,completed,3000000
7142,156,2023-11-19,completed,8500000
7143,810,2025-02-02,pending,3000000
7144,1192,2024-06-29,completed,8100000
7145,1179,2024-12-25,shipping,4000000
7146,961,2023-09-26,completed,3000000
7147,185,2025-10-19,pending,6200000
7148,1024,2023-08-12,pending,9000000
7149,995,2024-10-09,completed,10500000
7150,333,2025-10-29,pending,1600000
7151,1008,2024-02-13,completed,3000000
7152,920,2023-11-20,completed,2600000
7153,1113,2024-08-22,pending,500000
7154,3,2025-03-16,completed,10500000
7155,374,2023-11-04,completed,8500000
7156,432,2023-01-03,returned,8900000
7157,889,2025-09-17,completed,4000000
7158,1105,2023-01-05,cancelled,17000000
7159,314,2023-03-20,shipping,13100000
7160,148,2024-06-28,cancelled,27100000
7161,816,2024-01-16,completed,11800000
7162,680,2024-07-08,completed,1500000
7163,68,2025-01-18,pending,1500000
7164,807,2024-12-20,completed,2000000
7165,49,2025-11-23,completed,25000000
7166,275,2025-03-02,completed,13000000
7167,926,2025-11-17,completed,1500000
7168,544,2025-01-03,cancelled,4600000
7169,982,2023-11-18,cancelled,7900000
7170,294,2024-04-11,completed,15000000
7171,163,2025-05-05,completed,2400000
7172,1186,2023-06-27,completed,2400000
7173,508,2025-11-23,completed,6000000
7174,431,2023-03-25,shipping,6000000
7175,940,2025-05-24,cancelled,6100000
7176,463,2025-08-01,completed,11000000
7177,359,2025-02-02,cancelled,23400000
7178,813,2023-01-23,completed,1000000
7179,1021,2024-11-08,completed,10000000
7180,185,2024-12-07,completed,800000
7181,570,2024-11-29,cancelled,800000
7182,780,2025-05-21,pending,5200000
7183,656,2023-11-27,completed,16400000
7184,675,2025-01-09,returned,1000000
7185,764,2024-07-03,completed,1000000
7186,1130,2025-11-23,cancelled,3000000
7187,1153,2025-10-25,cancelled,10000000
7188,872,2024-10-09,shipping,4000000
7189,823,2024-09-19,completed,7500000
7190,877,2024-11-30,pending,8700000
7191,122,2025-04-26,shipping,6000000
7192,636,2023-04-06,completed,3800000
7193,1079,2024-10-02,shipping,6800000
7194,1176,2023-08-05,completed,18100000
7195,923,2025-12-14,completed,2000000
7196,530,2025-09-03,completed,500000
7197,830,2023-11-07,returned,3600000
7198,1078,2023-07-02,completed,500000
7199,1030,2023-07-29,cancelled,3000000
7200,485,2025-07-11,completed,6000000
7201,753,2023-06-16,completed,3000000
7202,313,2024-09-07,shipping,2500000
7203,187,2023-11-12,completed,2000000
7204,823,2024-11-17,completed,5400000
7205,739,2025-01-24,shipping,4000000
7206,672,2023-10-01,completed,6000000
7207,554,2023-12-16,completed,500000
7208,357,2024-01-19,shipping,10000000
7209,1122,2025-01-06,cancelled,2500000
7210,1010,2025-10-23,completed,14000000
7211,1093,2024-10-14,cancelled,6500000
7212,1010,2024-04-26,completed,6000000
7213,244,2024-09-03,completed,10400000
7214,1084,2023-01-03,completed,1300000
7215,797,2024-12-05,completed,7000000
7216,255,2024-07-19,shipping,7000000
7217,211,2023-09-10,completed,3100000
7218,770,2023-04-21,completed,2300000
7219,434,2023-09-12,returned,2400000
7220,1123,2025-11-23,completed,12000000
7221,410,2025-06-06,completed,2000000
7222,601,2023-04-02,shipping,500000
7223,1059,2025-12-03,cancelled,7000000
7224,689,2025-01-25,completed,15000000
7225,23,2023-10-05,completed,8500000
7226,1013,2023-01-07,completed,11000000
7227,736,2025-04-08,completed,2000000
7228,359,2025-01-03,completed,17300000
7229,58,2023-09-30,completed,9600000
7230,177,2024-02-19,completed,2400000
7231,1161,2025-12-23,completed,33600000
7232,1120,2025-01-07,completed,2000000
7233,799,2024-08-26,completed,3000000
7234,1088,2023-07-11,cancelled,4800000
7235,787,2023-03-09,completed,500000
7236,674,2023-12-05,cancelled,3000000
7237,211,2024-07-23,pending,1200000
7238,457,2025-06-17,shipping,13500000
7239,756,2025-07-07,returned,4500000
7240,191,2025-06-17,completed,1000000
7241,191,2023-12-22,completed,26500000
7242,955,2025-08-06,pending,6500000
7243,1072,2025-07-29,completed,6800000
7244,1078,2025-05-30,pending,6600000
7245,750,2025-08-16,pending,3200000
7246,171,2025-03-28,completed,4400000
7247,114,2024-10-18,completed,7400000
7248,451,2024-12-24,completed,9500000
7249,1064,2024-01-23,completed,13300000
7250,244,2023-01-12,completed,3200000
7251,562,2023-01-31,completed,6000000
7252,524,2025-11-23,cancelled,4800000
7253,860,2025-09-26,completed,3800000
7254,60,2023-03-15,shipping,1000000
7255,1153,2025-09-26,completed,29500000
7256,541,2023-03-14,completed,7300000
7257,386,2023-08-03,completed,21000000
7258,1116,2025-03-23,returned,3000000
7259,613,2023-11-16,completed,2500000
7260,995,2024-08-22,completed,7500000
7261,235,2023-08-04,completed,5500000
7262,772,2024-07-09,cancelled,1500000
7263,72,2023-09-25,completed,2500000
7264,807,2023-09-10,completed,8600000
7265,36,2024-03-07,shipping,4000000
7266,188,2023-07-23,completed,3500000
7267,455,2024-08-20,completed,7500000
7268,102,2023-02-27,completed,18100000
7269,978,2024-07-13,completed,10000000
7270,451,2024-09-11,completed,5300000
7271,28,2023-02-03,completed,11000000
7272,820,2023-04-28,cancelled,2400000
7273,1104,2023-07-06,completed,3800000
7274,230,2024-07-17,cancelled,7000000
7275,659,2023-07-24,cancelled,10600000
7276,900,2023-08-16,completed,6000000
7277,249,2025-08-20,pending,20000000
7278,1011,2024-04-25,completed,8000000
7279,220,2023-11-07,pending,9400000
7280,773,2024-01-01,completed,4500000
7281,597,2023-09-26,cancelled,7000000
7282,58,2025-09-09,completed,500000
7283,878,2024-07-17,completed,500000
7284,1097,2023-10-18,completed,7000000
7285,698,2025-12-03,completed,3500000
7286,1084,2024-10-04,pending,6000000
7287,813,2024-05-20,completed,3400000
7288,466,2024-06-15,completed,4500000
7289,1047,2025-05-03,completed,11000000
7290,318,2023-04-01,completed,800000
7291,297,2025-05-14,cancelled,2000000
7292,1029,2025-08-22,pending,19500000
7293,375,2025-08-30,completed,2800000
7294,944,2025-10-11,cancelled,7000000
7295,610,2024-09-27,completed,7000000
7296,363,2024-02-12,completed,12000000
7297,906,2023-08-29,completed,15000000
7298,1158,2025-02-02,completed,19200000
7299,446,2025-08-19,completed,3500000
7300,911,2024-11-08,pending,15000000
7301,1051,2025-01-03,completed,800000
7302,1130,2024-08-03,pending,12000000
7303,750,2024-04-27,pending,11000000
7304,725,2024-12-30,completed,15000000
7305,969,2025-02-09,completed,4000000
7306,791,2025-11-13,completed,8000000
7307,1119,2024-10-29,completed,3100000
7308,766,2023-12-20,completed,7000000
7309,548,2024-06-12,returned,1000000
7310,666,2024-11-03,completed,6500000
7311,663,2023-09-10,completed,8200000
7312,127,2025-02-25,completed,21400000
7313,393,2024-10-19,completed,4400000
7314,213,2023-10-11,completed,5000000
7315,358,2025-08-24,completed,25400000
7316,500,2023-01-11,cancelled,5100000
7317,479,2023-04-30,shipping,500000
7318,676,2023-03-06,cancelled,800000
7319,911,2023-05-18,completed,7300000
7320,184,2024-11-10,shipping,500000
7321,1076,2023-09-29,completed,1500000
7322,1,2023-01-15,completed,6700000
7323,161,2024-07-25,completed,6000000
7324,84,2024-04-30,completed,15000000
7325,932,2024-03-25,shipping,1100000
7326,884,2025-08-26,completed,7500000
7327,66,2024-10-25,cancelled,20500000
7328,512,2024-07-09,completed,5800000
7329,791,2025-12-05,cancelled,3500000
7330,7,2025-12-15,shipping,7200000
7331,717,2023-01-29,completed,500000
7332,597,2023-07-17,completed,1500000
7333,33,2025-06-21,completed,6000000
7334,44,2025-10-22,pending,8000000
7335,289,2024-07-18,completed,4500000
7336,1070,2023-03-15,completed,5000000
7337,1198,2023-12-12,completed,1500000
7338,1052,2025-05-08,cancelled,2000000
7339,646,2024-06-15,completed,800000
7340,520,2023-07-04,pending,21000000
7341,801,2024-05-05,completed,9800000
7342,396,2023-08-20,completed,3000000
7343,466,2025-08-08,cancelled,3600000
7344,793,2025-12-12,cancelled,800000
7345,166,2024-03-10,completed,10000000
7346,910,2024-04-10,returned,6100000
7347,631,2025-01-27,completed,17600000
7348,524,2023-09-14,completed,13400000
7349,500,2025-10-05,completed,18400000
7350,1040,2025-09-14,completed,800000
7351,169,2023-02-13,shipping,16200000
7352,509,2025-01-26,completed,3500000
7353,106,2024-01-01,completed,800000
7354,782,2024-07-10,completed,11000000
7355,1136,2023-03-17,completed,6000000
7356,1044,2025-02-07,completed,8300000
7357,1038,2023-05-25,completed,12500000
7358,361,2023-12-08,pending,5000000
7359,721,2023-12-22,cancelled,3500000
7360,590,2025-12-29,cancelled,2500000
7361,1072,2023-09-24,completed,2400000
7362,72,2025-08-10,completed,8000000
7363,596,2025-09-24,completed,14000000
7364,100,2023-09-08,completed,2800000
7365,1066,2024-11-20,completed,6000000
7366,1046,2023-12-21,completed,7500000
7367,163,2024-12-29,pending,6500000
7368,1083,2024-02-08,completed,14500000
7369,554,2023-11-24,completed,15000000
7370,848,2023-06-21,completed,1500000
7371,938,2025-07-14,completed,1500000
7372,308,2025-09-22,completed,11400000
7373,1191,2024-01-19,completed,6600000
7374,27,2024-01-23,completed,3000000
7375,307,2025-02-14,completed,500000
7376,365,2024-11-04,completed,7500000
7377,1184,2024-11-09,completed,800000
7378,928,2023-12-26,completed,17000000
7379,826,2025-05-08,completed,5100000
7380,98,2024-11-06,completed,500000
7381,173,2024-01-26,shipping,1000000
7382,838,2023-10-31,completed,15500000
7383,573,2023-09-06,completed,2000000
7384,224,2023-09-11,completed,5000000
7385,261,2024-05-16,shipping,5000000
7386,1184,2025-10-10,completed,2000000
7387,108,2024-11-26,completed,10000000
7388,367,2023-09-04,completed,3000000
7389,218,2023-07-30,completed,24000000
7390,780,2023-10-26,completed,1000000
7391,754,2023-10-25,cancelled,13500000
7392,147,2023-10-19,pending,8000000
7393,34,2025-03-22,shipping,2600000
7394,289,2024-12-06,completed,9000000
7395,1065,2024-06-07,completed,5300000
7396,595,2024-11-11,cancelled,7000000
7397,890,2024-09-08,completed,1500000
7398,196,2024-04-01,returned,1000000
7399,284,2025-10-31,completed,4800000
7400,1031,2024-11-29,completed,2400000
7401,747,2024-12-08,completed,20000000
7402,149,2023-09-27,completed,4500000
7403,607,2023-11-15,returned,11800000
7404,890,2024-02-08,pending,7000000
7405,713,2023-07-29,completed,11300000
7406,396,2024-02-19,shipping,1000000
7407,748,2024-11-05,completed,9500000
7408,537,2025-01-15,completed,10000000
7409,866,2025-04-17,completed,500000
7410,833,2023-11-13,completed,6000000
7411,917,2024-08-16,cancelled,2000000
7412,963,2025-05-20,pending,5000000
7413,673,2023-07-24,cancelled,8000000
7414,1012,2025-02-09,completed,15300000
7415,115,2023-11-22,completed,1200000
7416,845,2025-04-22,pending,9900000
7417,357,2023-06-28,completed,15000000
7418,35,2024-03-28,cancelled,11500000
7419,673,2024-02-13,completed,20500000
7420,398,2025-12-17,completed,26000000
7421,412,2024-11-02,completed,19500000
7422,537,2025-12-06,completed,6500000
7423,292,2025-07-27,completed,37000000
7424,661,2023-09-28,cancelled,14500000
7425,735,2023-08-15,shipping,5500000
7426,407,2024-12-22,completed,4500000
7427,497,2024-07-07,returned,14500000
7428,491,2023-12-21,returned,11000000
7429,924,2025-11-12,completed,6000000
7430,245,2023-04-13,completed,11000000
7431,1010,2023-05-26,cancelled,32000000
7432,1018,2023-11-23,completed,800000
7433,87,2024-02-09,completed,5300000
7434,1144,2024-04-01,completed,5000000
7435,925,2024-04-23,pending,7000000
7436,30,2024-07-04,cancelled,15000000
7437,63,2024-08-01,cancelled,3000000
7438,97,2024-06-29,completed,16600000
7439,872,2023-02-28,completed,3400000
7440,372,2025-09-08,completed,14500000
7441,404,2025-11-18,completed,16800000
7442,1135,2023-05-07,cancelled,7500000
7443,355,2024-02-19,cancelled,13000000
7444,135,2025-02-25,completed,2000000
7445,243,2023-03-03,completed,18100000
7446,298,2023-07-17,cancelled,500000
7447,563,2025-09-15,returned,20000000
7448,120,2025-11-12,completed,1500000
7449,1044,2023-02-11,cancelled,1200000
7450,390,2023-07-20,completed,2500000
7451,905,2025-06-23,completed,1000000
7452,292,2025-08-09,completed,19500000
7453,1138,2025-08-09,completed,9000000
7454,1015,2024-11-25,completed,5300000
7455,418,2024-01-21,returned,8000000
7456,608,2023-10-15,completed,4200000
7457,335,2025-06-06,completed,21000000
7458,311,2024-12-23,completed,2400000
7459,78,2025-05-18,completed,2500000
7460,1160,2025-01-17,returned,2000000
7461,928,2025-07-28,completed,12000000
7462,1027,2025-10-31,completed,2800000
7463,746,2025-09-03,shipping,9200000
7464,79,2023-04-23,completed,6000000
7465,421,2023-06-18,pending,9000000
7466,486,2024-07-17,returned,10400000
7467,209,2025-10-19,completed,5300000
7468,878,2024-05-26,shipping,300000
7469,256,2025-12-02,completed,1200000
7470,1063,2023-11-20,completed,500000
7471,1086,2025-08-25,shipping,5000000
7472,721,2024-01-29,returned,6000000
7473,1129,2025-07-29,completed,19000000
7474,955,2024-03-15,completed,11000000
7475,247,2023-12-01,completed,25000000
7476,1188,2024-12-09,completed,3000000
7477,1041,2024-12-27,returned,8000000
7478,878,2025-02-17,completed,1500000
7479,615,2025-09-19,returned,4000000
7480,125,2023-11-27,completed,8000000
7481,306,2023-07-16,returned,2000000
7482,745,2024-03-10,cancelled,10000000
7483,132,2025-05-12,cancelled,7600000
7484,1130,2023-10-09,cancelled,13500000
7485,711,2023-07-12,shipping,1000000
7486,76,2023-12-03,completed,2000000
7487,493,2024-09-17,cancelled,1600000
7488,364,2025-04-05,cancelled,3300000
7489,883,2024-10-07,completed,5300000
7490,671,2023-10-11,completed,9200000
7491,1150,2023-12-07,completed,1000000
7492,262,2023-07-14,completed,12700000
7493,253,2024-10-23,cancelled,1500000
7494,156,2025-10-28,cancelled,2400000
7495,994,2023-07-13,returned,10000000
7496,524,2025-02-20,completed,23000000
7497,725,2024-01-11,cancelled,10200000
7498,773,2025-01-25,completed,8400000
7499,873,2025-08-03,shipping,16500000
7500,1084,2023-05-15,pending,6500000
7501,1067,2024-10-12,cancelled,4500000
7502,537,2024-07-28,completed,9000000
7503,1095,2024-04-22,shipping,10500000
7504,1093,2025-04-22,pending,500000
7505,1009,2025-10-24,pending,2400000
7506,118,2024-09-03,pending,9000000
7507,809,2023-01-08,shipping,1000000
7508,758,2023-11-17,completed,11500000
7509,214,2025-10-12,completed,9800000
7510,651,2023-04-04,completed,5000000
7511,1055,2023-11-02,completed,15000000
7512,829,2023-12-22,cancelled,13000000
7513,919,2023-10-16,pending,4500000
7514,1194,2024-03-07,completed,800000
7515,1050,2024-02-10,completed,16000000
7516,492,2023-02-14,cancelled,8000000
7517,1175,2024-02-05,pending,2900000
7518,560,2024-09-20,completed,16500000
7519,331,2023-05-05,returned,10000000
7520,594,2024-04-22,completed,1600000
7521,274,2025-06-30,returned,9000000
7522,270,2024-06-18,completed,3000000
7523,800,2024-11-18,shipping,1500000
7524,894,2025-01-01,completed,800000
7525,1195,2025-07-13,completed,1800000
7526,659,2024-12-21,shipping,24700000
7527,98,2023-12-12,completed,8000000
7528,442,2025-01-19,completed,2000000
7529,289,2025-10-09,completed,2800000
7530,892,2024-06-02,returned,8500000
7531,1149,2024-01-21,completed,16000000
7532,476,2023-06-30,completed,1500000
7533,971,2025-06-15,completed,2000000
7534,1085,2024-09-26,completed,17000000
7535,544,2025-10-01,completed,8100000
7536,586,2023-02-11,completed,19200000
7537,1104,2023-12-11,shipping,5000000
7538,517,2025-03-02,shipping,7000000
7539,655,2025-02-11,completed,3000000
7540,284,2023-11-02,completed,1600000
7541,445,2024-01-05,cancelled,6000000
7542,1039,2025-11-21,cancelled,5300000
7543,225,2023-12-16,returned,4200000
7544,452,2023-12-27,completed,3500000
7545,627,2023-10-16,completed,3600000
7546,437,2024-02-20,completed,20500000
7547,72,2024-12-26,pending,5000000
7548,342,2025-01-31,completed,8400000
7549,285,2023-09-20,completed,11800000
7550,582,2025-11-09,completed,6600000
7551,1077,2024-09-17,completed,11000000
7552,812,2024-10-23,completed,2000000
7553,1143,2025-02-11,shipping,11800000
7554,683,2023-10-29,completed,3200000
7555,384,2023-11-25,cancelled,7500000
7556,1061,2025-12-19,completed,3000000
7557,331,2023-10-24,completed,17000000
7558,194,2023-03-22,completed,9000000
7559,1055,2024-09-11,cancelled,1600000
7560,938,2024-05-08,completed,7000000
7561,440,2025-02-24,pending,1500000
7562,709,2023-01-27,completed,15000000
7563,1192,2024-06-15,completed,13100000
7564,410,2025-08-10,pending,13500000
7565,1117,2023-07-28,completed,8600000
7566,561,2023-10-18,completed,5000000
7567,250,2023-10-17,completed,5000000
7568,255,2025-09-22,completed,2000000
7569,1153,2024-02-14,completed,3000000
7570,22,2023-11-04,completed,23500000
7571,1155,2025-01-22,shipping,15000000
7572,351,2023-03-25,completed,12200000
7573,751,2024-10-03,cancelled,1500000
7574,396,2023-04-08,cancelled,20000000
7575,995,2025-08-07,completed,2400000
7576,1030,2024-09-24,completed,7600000
7577,565,2023-04-21,completed,13900000
7578,822,2024-02-08,completed,3500000
7579,421,2024-11-28,completed,15400000
7580,80,2025-10-17,completed,1200000
7581,906,2025-06-10,cancelled,1000000
7582,91,2024-11-20,cancelled,14000000
7583,90,2024-01-18,completed,18000000
7584,90,2025-12-03,completed,15500000
7585,253,2024-02-09,completed,4000000
7586,1046,2023-07-15,completed,4000000
7587,840,2023-08-21,shipping,6000000
7588,997,2023-03-01,cancelled,25900000
7589,840,2025-09-26,completed,5400000
7590,864,2025-06-30,completed,8000000
7591,711,2023-05-12,completed,6500000
7592,1077,2024-08-21,completed,3000000
7593,771,2023-10-08,completed,5000000
7594,710,2025-12-05,cancelled,3000000
7595,345,2025-02-07,cancelled,6000000
7596,869,2023-02-26,completed,3000000
7597,447,2024-04-05,completed,33000000
7598,1155,2024-03-04,cancelled,7500000
7599,208,2025-12-27,completed,16500000
7600,215,2023-03-07,completed,10000000
7601,872,2025-01-10,completed,10900000
7602,1060,2023-12-19,completed,9000000
7603,546,2025-08-16,completed,2300000
7604,895,2025-04-02,cancelled,3100000
7605,1120,2023-05-28,returned,12700000
7606,241,2025-01-06,shipping,5000000
7607,1080,2024-07-13,returned,800000
7608,669,2025-11-30,completed,10000000
7609,512,2024-10-29,shipping,2300000
7610,909,2024-04-22,completed,16300000
7611,841,2023-05-11,pending,6500000
7612,90,2025-06-27,shipping,9600000
7613,717,2023-09-27,cancelled,1100000
7614,684,2025-05-04,shipping,13500000
7615,1068,2023-05-30,shipping,12000000
7616,633,2023-09-25,completed,1500000
7617,533,2023-07-19,shipping,500000
7618,874,2025-07-13,pending,10500000
7619,798,2023-01-05,completed,2000000
7620,1200,2023-10-07,pending,13400000
7621,749,2025-11-16,completed,2000000
7622,643,2025-02-22,completed,7000000
7623,483,2023-10-25,completed,5000000
7624,906,2024-09-01,completed,12000000
7625,328,2025-09-30,completed,4500000
7626,490,2024-01-19,completed,21600000
7627,830,2025-06-16,completed,3000000
7628,441,2023-10-10,cancelled,11200000
7629,518,2023-11-03,completed,9000000
7630,232,2023-09-20,completed,7200000
7631,298,2025-01-02,completed,3300000
7632,801,2025-12-16,completed,2800000
7633,957,2023-11-18,pending,1300000
7634,179,2024-02-18,completed,4800000
7635,630,2025-12-04,completed,4500000
7636,1016,2023-10-21,completed,2000000
7637,156,2023-01-30,completed,4400000
7638,379,2025-05-08,completed,2200000
7639,688,2025-12-11,cancelled,6500000
7640,626,2023-08-06,completed,2000000
7641,758,2023-02-04,completed,4600000
7642,565,2024-02-05,completed,1500000
7643,678,2025-05-14,completed,600000
7644,200,2025-12-06,completed,5700000
7645,239,2025-02-20,cancelled,5000000
7646,25,2024-05-28,shipping,9000000
7647,1067,2024-04-19,cancelled,4500000
7648,375,2023-05-11,pending,2800000
7649,869,2025-04-28,completed,6500000
7650,244,2023-09-27,completed,2000000
7651,310,2025-08-24,cancelled,4500000
7652,224,2025-02-26,completed,5000000
7653,621,2025-04-30,completed,2800000
7654,378,2025-04-23,pending,6600000
7655,395,2023-10-27,completed,13500000
7656,1016,2023-10-31,completed,800000
7657,956,2024-11-02,completed,4000000
7658,129,2025-07-24,completed,4100000
7659,263,2023-10-02,completed,3000000
7660,69,2024-05-04,pending,1600000
7661,861,2023-07-03,completed,12500000
7662,103,2023-04-19,completed,20000000
7663,999,2024-08-05,completed,5000000
7664,377,2025-11-04,completed,22600000
7665,53,2024-12-08,cancelled,3000000
7666,833,2024-05-22,completed,3000000
7667,879,2025-10-01,cancelled,11500000
7668,1015,2023-03-22,shipping,8000000
7669,880,2024-02-03,completed,3000000
7670,641,2024-05-25,cancelled,1000000
7671,427,2025-11-06,completed,2400000
7672,615,2024-06-26,completed,13000000
7673,217,2025-02-27,pending,6100000
7674,889,2023-02-26,completed,10600000
7675,185,2023-11-28,cancelled,11000000
7676,455,2025-10-28,completed,3900000
7677,607,2024-01-05,completed,10500000
7678,703,2024-04-13,completed,5000000
7679,451,2024-07-02,cancelled,1000000
7680,1137,2024-11-15,completed,23400000
7681,208,2025-07-15,completed,800000
7682,62,2023-10-31,cancelled,21500000
7683,196,2025-06-29,shipping,8500000
7684,159,2025-02-13,shipping,1500000
7685,880,2024-12-16,cancelled,10000000
7686,435,2023-11-04,completed,6500000
7687,265,2023-03-23,cancelled,16000000
7688,26,2024-08-05,completed,15500000
7689,934,2023-01-25,shipping,8300000
7690,1181,2025-01-26,completed,1500000
7691,945,2024-03-26,completed,4500000
7692,694,2024-07-18,completed,10500000
7693,396,2023-12-07,completed,4000000
7694,727,2024-12-20,shipping,1600000
7695,955,2025-08-28,completed,15900000
7696,598,2025-10-28,completed,15000000
7697,888,2025-11-12,cancelled,2400000
7698,833,2023-02-01,completed,12300000
7699,527,2023-09-08,completed,8000000
7700,486,2024-02-27,shipping,2000000
7701,481,2025-07-15,pending,9000000
7702,401,2023-04-18,completed,1200000
7703,347,2025-09-06,shipping,10100000
7704,839,2024-06-16,completed,6500000
7705,408,2023-04-16,completed,6000000
7706,164,2023-06-28,completed,15000000
7707,580,2023-04-24,pending,3200000
7708,346,2025-11-16,completed,1500000
7709,421,2025-10-19,shipping,1600000
7710,744,2025-06-03,pending,5500000
7711,132,2024-08-04,shipping,23200000
7712,659,2024-01-17,cancelled,800000
7713,255,2025-02-07,completed,18400000
7714,500,2025-01-29,completed,2000000
7715,649,2025-10-22,completed,800000
7716,512,2023-01-03,completed,5000000
7717,55,2023-05-21,returned,21500000
7718,962,2025-06-17,completed,6600000
7719,639,2023-03-02,completed,14800000
7720,327,2025-03-05,completed,5200000
7721,1106,2023-08-14,cancelled,6600000
7722,1199,2024-01-24,completed,6500000
7723,593,2024-04-13,completed,3600000
7724,1010,2023-03-23,shipping,20300000
7725,1181,2025-06-04,completed,23000000
7726,158,2023-05-23,completed,8000000
7727,133,2025-06-03,completed,13500000
7728,709,2024-05-14,cancelled,800000
7729,418,2025-12-23,shipping,6800000
7730,1144,2024-09-05,shipping,1000000
7731,129,2023-03-17,completed,10000000
7732,114,2025-01-23,completed,5500000
7733,388,2024-05-19,completed,5000000
7734,403,2024-03-06,completed,3000000
7735,1126,2023-11-27,pending,4500000
7736,685,2023-05-17,completed,1500000
7737,491,2025-03-12,completed,12000000
7738,908,2025-05-14,completed,9000000
7739,19,2024-07-07,completed,800000
7740,918,2024-03-19,completed,10000000
7741,240,2025-11-04,completed,36800000
7742,525,2024-12-18,completed,2500000
7743,745,2024-03-30,pending,10500000
7744,136,2023-04-13,completed,11500000
7745,769,2023-09-27,completed,5000000
7746,331,2025-12-17,completed,13300000
7747,693,2025-08-27,completed,2100000
7748,352,2023-11-30,returned,1200000
7749,699,2023-03-24,cancelled,500000
7750,830,2024-12-11,completed,800000
7751,953,2023-01-20,completed,9500000
7752,628,2024-03-25,completed,3000000
7753,700,2025-11-30,completed,3000000
7754,279,2023-01-27,completed,1300000
7755,1030,2023-01-19,completed,6000000
7756,156,2025-11-20,completed,8000000
7757,1086,2023-09-07,completed,15000000
7758,592,2023-03-19,completed,5000000
7759,612,2023-09-29,completed,8900000
7760,408,2025-09-22,completed,4100000
7761,730,2024-12-25,pending,3300000
7762,966,2024-05-23,completed,1500000
7763,381,2023-01-17,completed,7600000
7764,224,2023-02-19,completed,2800000
7765,992,2025-08-21,completed,1500000
7766,40,2024-04-02,completed,9600000
7767,20,2023-02-19,completed,1600000
7768,1150,2025-02-13,completed,6000000
7769,876,2024-05-14,completed,3000000
7770,62,2023-06-04,completed,9000000
7771,176,2025-10-14,pending,7500000
7772,991,2024-05-23,completed,9000000
7773,749,2025-10-22,completed,7200000
7774,599,2023-04-28,shipping,800000
7775,839,2024-09-20,completed,2000000
7776,1086,2025-03-09,completed,7500000
7777,1007,2024-02-03,cancelled,12500000
7778,976,2023-10-02,completed,9000000
7779,779,2023-12-11,cancelled,7000000
7780,11,2025-10-07,completed,10000000
7781,255,2023-06-27,completed,5400000
7782,1125,2023-01-23,completed,5400000
7783,792,2023-11-18,completed,8200000
7784,33,2023-05-17,completed,21000000
7785,636,2025-08-08,completed,7500000
7786,1064,2023-08-16,completed,2300000
7787,724,2024-02-17,completed,5000000
7788,396,2023-06-26,completed,3000000
7789,633,2023-07-05,pending,5000000
7790,404,2024-11-09,completed,4000000
7791,698,2025-03-30,cancelled,1600000
7792,204,2025-11-28,completed,1000000
7793,73,2023-07-06,completed,1000000
7794,1140,2023-02-14,cancelled,3800000
7795,788,2024-06-19,completed,2400000
7796,851,2024-12-06,completed,1500000
7797,1137,2025-04-02,completed,12000000
7798,931,2024-02-19,completed,20400000
7799,623,2025-12-12,returned,2800000
7800,583,2023-10-12,pending,18500000
7801,355,2025-07-05,shipping,6000000
7802,827,2023-07-21,returned,3200000
7803,1174,2024-05-16,completed,8000000
7804,977,2024-03-14,completed,4500000
7805,233,2025-03-18,completed,1600000
7806,1122,2023-09-20,completed,29000000
7807,919,2024-07-21,completed,1000000
7808,56,2023-01-20,completed,2100000
7809,503,2024-05-24,completed,7500000
7810,690,2023-11-20,completed,3600000
7811,273,2024-03-26,shipping,3200000
7812,465,2024-03-29,completed,2000000
7813,868,2025-01-08,completed,1500000
7814,1093,2024-03-30,completed,7500000
7815,1179,2024-02-20,completed,1000000
7816,230,2025-08-24,completed,6000000
7817,901,2025-10-13,pending,10500000
7818,427,2024-09-05,completed,4400000
7819,762,2024-09-09,completed,1000000
7820,352,2025-03-22,returned,4500000
7821,814,2023-08-31,completed,1000000
7822,5,2023-02-17,completed,4000000
7823,934,2024-12-19,pending,2800000
7824,1016,2024-06-16,pending,11100000
7825,61,2024-02-22,completed,10000000
7826,1012,2023-09-16,completed,2500000
7827,306,2023-03-23,completed,6000000
7828,310,2023-09-06,completed,4300000
7829,467,2025-12-21,returned,12000000
7830,754,2023-06-20,completed,2300000
7831,1110,2024-03-23,pending,3000000
7832,773,2025-09-23,completed,11800000
7833,276,2023-10-14,pending,7800000
7834,647,2024-10-20,cancelled,3500000
7835,752,2024-01-19,completed,5000000
7836,279,2024-01-08,pending,1800000
7837,664,2024-07-24,completed,7600000
7838,1022,2023-10-04,completed,9000000
7839,415,2024-03-31,shipping,1000000
7840,639,2024-07-10,completed,10000000
7841,931,2024-07-30,shipping,13200000
7842,121,2024-10-28,completed,7000000
7843,528,2024-03-30,completed,13500000
7844,852,2025-12-19,completed,7600000
7845,301,2023-11-26,shipping,2000000
7846,841,2024-05-16,cancelled,6500000
7847,517,2025-12-21,pending,24400000
7848,345,2025-09-12,returned,17000000
7849,1171,2025-01-27,completed,3000000
7850,955,2024-11-23,completed,16600000
7851,284,2025-12-10,shipping,10000000
7852,293,2023-09-03,completed,2000000
7853,508,2024-03-08,pending,1000000
7854,67,2025-04-19,shipping,500000
7855,215,2025-10-20,completed,2400000
7856,777,2024-05-19,cancelled,19400000
7857,1036,2023-03-21,completed,10500000
7858,613,2025-02-08,completed,15500000
7859,1176,2023-11-02,shipping,5000000
7860,341,2023-01-27,completed,1500000
7861,610,2024-04-18,cancelled,1300000
7862,853,2024-11-23,shipping,2500000
7863,819,2024-11-01,completed,6800000
7864,465,2025-04-24,completed,1500000
7865,52,2025-06-28,cancelled,18500000
7866,1200,2025-01-18,completed,3000000
7867,110,2025-02-22,completed,3000000
7868,930,2023-09-13,completed,6000000
7869,124,2024-10-11,completed,5000000
7870,942,2025-07-18,shipping,800000
7871,846,2025-04-18,pending,17500000
7872,896,2024-10-10,completed,2500000
7873,951,2025-02-17,pending,3000000
7874,593,2025-04-13,completed,8000000
7875,880,2024-02-14,completed,10000000
7876,1046,2023-01-10,pending,1600000
7877,889,2025-05-14,completed,7500000
7878,176,2024-08-31,completed,5200000
7879,76,2023-07-30,returned,7000000
7880,327,2023-12-14,completed,3000000
7881,920,2025-03-20,returned,4100000
7882,322,2025-09-27,completed,13500000
7883,950,2025-05-02,completed,23000000
7884,897,2024-12-09,pending,3300000
7885,369,2025-01-21,cancelled,16000000
7886,710,2023-03-01,completed,6000000
7887,868,2025-09-17,pending,2300000
7888,50,2024-04-24,completed,19500000
7889,188,2023-03-05,completed,500000
7890,1042,2024-01-17,cancelled,3500000
7891,1084,2023-01-25,completed,2500000
7892,432,2023-12-23,completed,2400000
7893,416,2024-03-22,completed,4000000
7894,523,2024-06-23,shipping,15500000
7895,780,2025-09-11,completed,7900000
7896,452,2025-02-05,shipping,19000000
7897,345,2024-12-20,completed,3000000
7898,903,2024-04-28,completed,4900000
7899,542,2023-01-24,pending,6500000
7900,1074,2025-06-23,shipping,1500000
7901,356,2023-12-08,completed,16300000
7902,408,2023-01-04,shipping,3000000
7903,353,2024-10-28,completed,1500000
7904,240,2024-06-28,completed,7600000
7905,1004,2025-02-21,shipping,2800000
7906,530,2023-07-01,completed,1600000
7907,805,2024-09-27,completed,300000
7908,1149,2024-09-24,completed,1000000
7909,524,2024-01-19,completed,5800000
7910,1136,2025-01-06,shipping,8500000
7911,278,2023-09-05,completed,4000000
7912,743,2024-06-26,cancelled,1000000
7913,466,2024-12-02,completed,7500000
7914,470,2024-11-23,shipping,10100000
7915,859,2025-10-21,completed,5500000
7916,917,2023-05-14,completed,2000000
7917,1042,2025-03-23,pending,10100000
7918,140,2024-01-05,cancelled,8600000
7919,1189,2025-04-12,completed,3500000
7920,1085,2024-12-16,cancelled,8300000
7921,1101,2025-07-22,completed,2800000
7922,990,2025-03-13,cancelled,20000000
7923,571,2023-10-20,completed,14000000
7924,241,2024-05-29,completed,4600000
7925,312,2025-11-25,pending,16400000
7926,374,2024-04-09,returned,16700000
7927,986,2023-12-15,completed,2800000
7928,349,2023-08-28,pending,4700000
7929,494,2025-03-27,cancelled,2000000
7930,850,2023-11-24,completed,16300000
7931,290,2024-08-08,completed,9200000
7932,1052,2024-11-16,completed,3000000
7933,178,2025-02-23,completed,4000000
7934,1001,2024-07-29,completed,8300000
7935,1050,2023-04-02,cancelled,2000000
7936,721,2023-02-27,completed,800000
7937,889,2023-05-02,pending,7300000
7938,573,2025-08-05,completed,11800000
7939,303,2024-03-05,cancelled,5000000
7940,1018,2023-10-06,completed,2500000
7941,738,2025-06-22,completed,10400000
7942,871,2024-03-11,completed,5000000
7943,38,2023-01-17,completed,13200000
7944,431,2025-01-29,completed,11000000
7945,925,2025-03-09,pending,19000000
7946,834,2024-01-25,completed,2000000
7947,529,2023-01-15,shipping,19000000
7948,480,2024-09-30,completed,6500000
7949,892,2023-11-12,completed,2000000
7950,722,2025-08-03,cancelled,3000000
7951,305,2023-02-07,completed,6500000
7952,817,2023-01-16,completed,4000000
7953,225,2024-10-10,completed,3100000
7954,996,2025-10-28,completed,4000000
7955,967,2025-08-16,completed,28000000
7956,1057,2025-07-24,completed,2400000
7957,709,2024-09-09,pending,11000000
7958,740,2024-04-13,completed,1300000
7959,1102,2023-08-04,cancelled,15000000
7960,46,2023-05-18,cancelled,15400000
7961,91,2025-10-07,completed,4000000
7962,951,2023-02-08,completed,6000000
7963,196,2023-11-23,completed,4500000
7964,597,2024-06-05,completed,3000000
7965,662,2024-04-05,cancelled,5000000
7966,576,2023-02-18,completed,4400000
7967,450,2023-02-14,pending,3300000
7968,513,2025-08-17,pending,2100000
7969,232,2023-09-01,completed,9600000
7970,609,2024-01-04,cancelled,2800000
7971,358,2023-05-28,completed,3000000
7972,624,2023-08-23,cancelled,1500000
7973,1018,2025-12-13,completed,1000000
7974,222,2025-12-17,completed,15000000
7975,26,2023-01-28,completed,500000
7976,952,2024-10-11,returned,3300000
7977,662,2024-09-19,returned,15000000
7978,241,2024-09-21,shipping,5000000
7979,847,2023-01-25,completed,1500000
7980,591,2023-10-01,completed,5300000
7981,552,2023-07-18,completed,1300000
7982,846,2024-05-02,completed,2100000
7983,1073,2024-07-16,completed,10900000
7984,15,2023-06-23,cancelled,3000000
7985,999,2025-08-06,pending,1800000
7986,317,2025-09-29,cancelled,22300000
7987,1104,2023-08-27,completed,500000
7988,563,2024-10-10,completed,10000000
7989,1170,2023-06-21,completed,8000000
7990,433,2023-04-26,pending,2300000
7991,67,2023-03-10,completed,6000000
7992,888,2023-07-22,completed,6000000
7993,607,2024-01-07,completed,8800000
7994,907,2023-07-11,completed,6500000
7995,238,2025-09-07,shipping,5100000
7996,800,2024-10-11,completed,6000000
7997,817,2023-11-01,cancelled,2000000
7998,245,2025-03-14,completed,800000
7999,594,2025-10-13,cancelled,4000000
8000,116,2023-06-13,completed,3000000
8001,925,2025-09-07,completed,10100000
8002,597,2024-12-26,completed,21200000
8003,1104,2023-08-12,completed,1500000
8004,1080,2024-11-29,cancelled,2900000
8005,1136,2024-01-11,cancelled,3600000
8006,680,2023-10-05,pending,11000000
8007,202,2023-01-22,completed,18700000
8008,68,2023-02-20,completed,10800000
8009,21,2023-12-12,completed,24000000
8010,1057,2024-09-22,completed,5600000
8011,663,2023-01-14,completed,500000
8012,1191,2024-03-04,pending,8500000
8013,554,2023-02-15,shipping,6100000
8014,50,2024-06-09,completed,20000000
8015,555,2025-01-14,completed,1200000
8016,1076,2023-12-12,pending,5300000
8017,231,2025-01-16,completed,12000000
8018,208,2025-08-14,shipping,9000000
8019,777,2025-12-06,cancelled,4000000
8020,640,2024-11-28,completed,6200000
8021,56,2025-06-15,shipping,5600000
8022,783,2024-07-06,cancelled,900000
8023,31,2025-06-26,completed,6000000
8024,693,2025-05-07,cancelled,3000000
8025,589,2025-08-21,completed,3000000
8026,468,2023-05-13,completed,800000
8027,181,2025-10-24,completed,3000000
8028,985,2024-09-16,shipping,2100000
8029,557,2023-12-19,completed,3800000
8030,440,2024-11-24,completed,4000000
8031,934,2024-12-20,completed,1500000
8032,7,2023-07-22,cancelled,3000000
8033,20,2023-01-09,completed,33500000
8034,927,2023-08-22,completed,7200000
8035,505,2024-03-25,shipping,1500000
8036,345,2025-10-12,completed,22000000
8037,594,2023-07-25,returned,12100000
8038,620,2023-07-17,pending,20400000
8039,663,2023-10-03,completed,6900000
8040,14,2023-05-25,pending,13000000
8041,76,2024-07-20,shipping,4800000
8042,301,2023-05-11,cancelled,5000000
8043,162,2024-11-27,completed,3000000
8044,377,2025-11-25,pending,5000000
8045,980,2023-12-09,completed,4400000
8046,277,2024-04-23,completed,23500000
8047,232,2023-09-27,completed,3700000
8048,1039,2024-02-17,returned,2800000
8049,1170,2024-10-02,shipping,9000000
8050,618,2024-09-29,completed,4200000
8051,1099,2024-11-10,returned,1000000
8052,291,2023-02-11,completed,6600000
8053,991,2025-08-28,completed,18200000
8054,886,2024-01-20,completed,1000000
8055,825,2023-03-10,returned,5000000
8056,756,2024-09-20,completed,2000000
8057,1108,2024-07-03,completed,500000
8058,1062,2023-04-16,completed,5000000
8059,214,2025-01-24,completed,1500000
8060,76,2023-07-04,completed,800000
8061,1177,2023-06-13,completed,11000000
8062,898,2025-11-12,completed,1200000
8063,596,2024-08-19,completed,1600000
8064,316,2023-09-08,completed,2000000
8065,397,2023-08-28,completed,15300000
8066,698,2023-10-12,completed,5600000
8067,457,2023-05-07,returned,3000000
8068,371,2023-01-23,returned,11000000
8069,506,2025-04-29,completed,3000000
8070,327,2024-05-26,completed,3000000
8071,687,2025-03-28,completed,3800000
8072,784,2024-01-18,returned,6200000
8073,1189,2023-06-12,returned,6000000
8074,759,2024-02-14,completed,11300000
8075,679,2023-01-19,completed,15000000
8076,888,2024-02-16,completed,4500000
8077,825,2023-12-12,completed,7500000
8078,325,2025-02-07,returned,9300000
8079,370,2023-01-21,completed,21000000
8080,387,2025-01-15,cancelled,6000000
8081,266,2025-03-04,completed,3000000
8082,27,2024-12-11,completed,16000000
8083,34,2025-10-16,completed,2000000
8084,299,2024-10-18,completed,2800000
8085,424,2024-01-05,completed,5000000
8086,607,2025-02-08,completed,16000000
8087,528,2023-04-02,shipping,4700000
8088,545,2024-02-08,completed,2000000
8089,447,2025-11-25,completed,28000000
8090,648,2023-08-14,cancelled,1600000
8091,810,2025-10-14,cancelled,14400000
8092,646,2023-02-13,completed,6500000
8093,249,2023-02-20,cancelled,14600000
8094,224,2023-03-12,completed,5000000
8095,390,2025-01-01,completed,3500000
8096,99,2025-01-28,cancelled,9000000
8097,1013,2023-12-29,completed,4000000
8098,213,2024-01-23,returned,20000000
8099,466,2025-03-25,shipping,5000000
8100,269,2025-09-06,completed,2000000
8101,48,2025-08-24,completed,6000000
8102,708,2024-07-14,completed,3000000
8103,101,2025-02-07,completed,15000000
8104,944,2024-09-21,completed,10000000
8105,272,2024-04-20,cancelled,4500000
8106,519,2023-11-07,completed,3800000
8107,1077,2025-03-18,shipping,3200000
8108,745,2023-08-06,completed,10000000
8109,566,2023-11-12,returned,10500000
8110,113,2024-12-21,completed,9000000
8111,331,2025-06-18,cancelled,4500000
8112,1029,2023-10-21,completed,6500000
8113,802,2024-09-01,completed,3900000
8114,425,2024-12-07,completed,15000000
8115,838,2023-12-31,returned,12000000
8116,978,2024-02-15,completed,2600000
8117,115,2023-12-16,shipping,1800000
8118,1149,2024-05-21,shipping,10000000
8119,946,2023-12-27,completed,3000000
8120,1032,2023-12-13,completed,9000000
8121,965,2024-08-17,completed,3000000
8122,404,2024-05-06,completed,15000000
8123,671,2025-03-05,completed,4700000
8124,631,2025-03-10,completed,3500000
8125,177,2025-03-14,completed,4500000
8126,226,2023-02-16,completed,3400000
8127,1120,2023-03-28,completed,6500000
8128,242,2025-08-04,pending,15500000
8129,1076,2025-05-31,completed,7500000
8130,1095,2025-04-11,pending,4500000
8131,810,2024-01-27,completed,3800000
8132,1122,2024-10-15,completed,3000000
8133,938,2023-06-08,shipping,3000000
8134,654,2025-04-08,shipping,1500000
8135,790,2023-01-05,completed,2500000
8136,470,2024-02-18,completed,1600000
8137,975,2024-09-26,completed,2100000
8138,185,2024-02-11,cancelled,15500000
8139,783,2023-10-01,completed,4000000
8140,241,2023-11-24,completed,8200000
8141,599,2024-01-11,returned,3000000
8142,553,2023-06-19,returned,1500000
8143,501,2025-02-01,shipping,1400000
8144,585,2023-05-27,shipping,5000000
8145,753,2024-10-15,pending,6600000
8146,18,2023-01-11,completed,2100000
8147,467,2025-03-04,cancelled,10400000
8148,1028,2024-10-09,shipping,2400000
8149,467,2023-12-09,pending,13500000
8150,342,2025-01-29,completed,4000000
8151,464,2024-12-01,completed,5000000
8152,1130,2025-03-14,completed,3000000
8153,985,2024-11-11,completed,10300000
8154,856,2024-11-19,completed,16900000
8155,429,2024-02-12,returned,29300000
8156,51,2024-11-26,completed,2500000
8157,1088,2023-10-31,completed,2000000
8158,900,2023-07-11,completed,14500000
8159,648,2025-07-24,shipping,3000000
8160,773,2024-12-29,completed,6500000
8161,184,2025-06-15,completed,6000000
8162,975,2023-01-02,completed,2300000
8163,630,2025-08-02,pending,9000000
8164,1076,2023-11-13,completed,6100000
8165,1160,2023-10-08,completed,2400000
8166,486,2024-05-24,cancelled,7500000
8167,1010,2024-08-05,shipping,12000000
8168,926,2025-01-16,completed,6000000
8169,734,2023-04-25,cancelled,3000000
8170,489,2025-02-09,completed,3600000
8171,526,2025-03-16,cancelled,2400000
8172,390,2023-06-29,completed,3000000
8173,1081,2023-12-09,cancelled,16000000
8174,703,2025-10-15,shipping,1500000
8175,19,2023-03-16,cancelled,11500000
8176,1143,2023-03-24,pending,500000
8177,575,2024-12-16,completed,2000000
8178,129,2024-10-31,completed,17900000
8179,930,2025-09-10,completed,1300000
8180,552,2025-09-09,completed,9500000
8181,750,2024-11-03,shipping,12800000
8182,466,2025-07-26,shipping,1000000
8183,469,2025-12-04,completed,7000000
8184,512,2024-10-27,shipping,500000
8185,795,2025-01-02,completed,5800000
8186,873,2025-10-30,cancelled,25000000
8187,688,2024-05-14,completed,4000000
8188,590,2024-03-24,completed,6500000
8189,62,2023-09-05,pending,23000000
8190,141,2023-09-07,completed,2100000
8191,543,2025-01-03,completed,2500000
8192,763,2025-09-24,cancelled,4000000
8193,752,2024-09-09,completed,800000
8194,39,2023-03-21,completed,20800000
8195,86,2023-10-30,completed,5500000
8196,344,2025-08-19,completed,500000
8197,1109,2024-05-17,completed,3600000
8198,926,2024-02-01,completed,2400000
8199,950,2024-08-05,pending,5800000
8200,107,2024-11-08,completed,11500000
8201,787,2023-12-20,shipping,15000000
8202,1039,2025-07-13,completed,11500000
8203,329,2023-10-27,cancelled,4800000
8204,930,2023-03-18,completed,17900000
8205,288,2024-12-24,completed,8000000
8206,130,2024-06-30,completed,1000000
8207,129,2023-06-12,pending,17000000
8208,468,2023-11-10,completed,8000000
8209,425,2024-12-06,completed,5000000
8210,1062,2025-05-15,returned,4300000
8211,726,2025-08-09,completed,4000000
8212,209,2025-04-07,completed,8400000
8213,882,2023-01-29,cancelled,900000
8214,247,2023-05-14,shipping,7000000
8215,460,2025-11-26,completed,2000000
8216,816,2024-07-19,completed,5500000
8217,143,2024-01-24,completed,1000000
8218,1003,2025-09-04,shipping,2400000
8219,701,2025-01-06,completed,2200000
8220,713,2025-05-28,cancelled,1500000
8221,256,2023-12-13,cancelled,3000000
8222,976,2025-03-26,completed,1500000
8223,1022,2024-12-07,completed,1300000
8224,1160,2024-03-18,shipping,2000000
8225,827,2023-06-15,completed,6000000
8226,539,2023-11-22,completed,10500000
8227,411,2024-06-30,completed,39000000
8228,108,2024-01-10,completed,13000000
8229,1110,2023-12-10,shipping,500000
8230,984,2024-11-04,completed,10000000
8231,340,2023-11-24,completed,1600000
8232,975,2024-03-01,cancelled,2000000
8233,1134,2025-04-07,shipping,3000000
8234,394,2023-02-07,completed,16500000
8235,961,2024-08-14,returned,24500000
8236,128,2023-07-31,cancelled,2000000
8237,20,2023-12-06,completed,15400000
8238,906,2024-12-07,completed,1600000
8239,21,2024-07-15,cancelled,9200000
8240,1121,2024-03-12,completed,5600000
8241,287,2025-08-15,shipping,3000000
8242,53,2023-08-04,shipping,5000000
8243,985,2024-05-15,completed,4500000
8244,1171,2023-03-27,completed,3100000
8245,597,2023-01-16,completed,1000000
8246,276,2025-04-11,completed,3200000
8247,849,2023-12-21,returned,2800000
8248,523,2025-10-16,completed,1500000
8249,957,2023-05-07,completed,7500000
8250,676,2024-11-28,cancelled,5000000
8251,907,2024-01-01,completed,6400000
8252,231,2025-04-25,completed,12000000
8253,93,2023-12-09,shipping,1200000
8254,69,2023-05-31,completed,2800000
8255,998,2023-12-23,completed,2400000
8256,418,2023-12-15,completed,3000000
8257,193,2025-12-17,completed,3000000
8258,929,2023-12-14,shipping,1500000
8259,96,2024-01-17,completed,1600000
8260,272,2025-07-25,pending,2800000
8261,463,2025-06-28,completed,2000000
8262,1099,2024-12-05,completed,2600000
8263,363,2025-03-10,completed,16500000
8264,376,2025-01-23,completed,13000000
8265,303,2024-07-27,returned,2500000
8266,925,2025-02-14,completed,1800000
8267,351,2023-10-09,completed,15600000
8268,391,2023-02-12,returned,10000000
8269,1146,2023-04-11,returned,3500000
8270,685,2023-08-04,completed,3600000
8271,361,2024-12-28,shipping,20000000
8272,620,2023-12-25,cancelled,2400000
8273,465,2025-08-19,completed,5500000
8274,119,2024-10-01,completed,15800000
8275,125,2025-06-01,completed,11000000
8276,581,2023-06-03,returned,4600000
8277,573,2023-01-20,completed,7800000
8278,807,2023-10-19,completed,5900000
8279,791,2025-06-27,shipping,16000000
8280,1042,2025-12-15,cancelled,500000
8281,1132,2025-12-02,pending,16400000
8282,61,2024-11-01,cancelled,11600000
8283,548,2024-01-15,completed,6000000
8284,215,2024-09-03,completed,21000000
8285,868,2023-01-02,pending,7000000
8286,676,2025-01-09,completed,10200000
8287,1200,2024-09-24,shipping,12200000
8288,134,2024-12-20,cancelled,18000000
8289,677,2023-12-30,completed,6500000
8290,802,2024-06-08,completed,10000000
8291,631,2024-12-19,completed,14200000
8292,296,2023-08-16,returned,3500000
8293,434,2023-02-14,shipping,6000000
8294,292,2023-08-24,completed,10900000
8295,383,2024-09-19,completed,2000000
8296,441,2023-02-26,completed,3500000
8297,554,2024-05-29,completed,2500000
8298,228,2023-07-02,completed,4000000
8299,809,2023-12-21,cancelled,5500000
8300,971,2023-01-09,completed,500000
8301,635,2025-04-19,completed,5800000
8302,860,2023-12-14,completed,1500000
8303,997,2025-10-18,completed,5800000
8304,1140,2023-03-04,completed,2700000
8305,986,2023-11-16,shipping,8100000
8306,178,2025-08-16,completed,900000
8307,103,2023-03-27,shipping,5000000
8308,999,2024-03-21,completed,2400000
8309,1052,2025-12-08,completed,3500000
8310,1003,2024-02-24,pending,1300000
8311,38,2025-09-19,shipping,25000000
8312,390,2025-12-27,completed,3800000
8313,667,2024-08-24,completed,500000
8314,1159,2023-10-11,completed,1500000
8315,728,2023-03-02,completed,6000000
8316,175,2024-12-15,shipping,11500000
8317,435,2024-01-18,completed,1600000
8318,266,2025-01-29,cancelled,15000000
8319,438,2023-02-26,cancelled,10500000
8320,103,2024-09-24,completed,8000000
8321,114,2023-09-04,completed,6000000
8322,781,2025-07-10,completed,5400000
8323,51,2024-04-02,shipping,800000
8324,973,2025-03-07,completed,4300000
8325,502,2024-08-05,completed,6000000
8326,447,2024-09-11,shipping,3000000
8327,366,2023-05-16,pending,1500000
8328,530,2025-10-23,completed,5500000
8329,1125,2023-02-07,returned,6100000
8330,1153,2024-02-11,returned,5000000
8331,1144,2023-08-06,shipping,5000000
8332,51,2023-02-18,pending,4500000
8333,760,2023-05-10,completed,17500000
8334,1128,2023-11-15,completed,6200000
8335,414,2023-04-23,shipping,2000000
8336,276,2025-10-03,completed,5800000
8337,299,2025-09-09,completed,3000000
8338,39,2024-09-20,completed,8000000
8339,369,2024-11-02,completed,29300000
8340,724,2025-08-09,completed,5000000
8341,770,2025-10-22,completed,20000000
8342,171,2024-10-13,completed,2000000
8343,734,2023-10-28,completed,6000000
8344,1093,2024-12-04,shipping,3300000
8345,983,2023-10-19,completed,3500000
8346,198,2023-12-29,completed,2000000
8347,1124,2023-05-01,completed,10000000
8348,338,2023-05-10,shipping,4500000
8349,466,2025-04-17,completed,5600000
8350,624,2023-06-10,completed,3400000
8351,611,2024-08-08,completed,1600000
8352,851,2025-10-21,completed,9500000
8353,575,2023-05-21,completed,2300000
8354,923,2023-11-23,shipping,1800000
8355,1064,2025-02-06,pending,12200000
8356,776,2024-11-01,completed,11000000
8357,36,2024-02-06,completed,2400000
8358,1055,2024-09-03,completed,8000000
8359,30,2024-06-04,shipping,26500000
8360,780,2024-06-17,completed,5100000
8361,945,2023-07-30,completed,19000000
8362,526,2025-09-20,cancelled,12500000
8363,1159,2023-11-21,completed,14400000
8364,913,2023-04-23,completed,7500000
8365,144,2023-05-14,completed,6000000
8366,1113,2024-11-12,returned,15000000
8367,774,2024-01-15,completed,1000000
8368,324,2025-03-25,completed,27600000
8369,6,2025-02-18,completed,15800000
8370,1031,2023-09-01,returned,1600000
8371,869,2025-09-12,completed,1000000
8372,26,2025-08-25,completed,3000000
8373,594,2023-02-20,completed,5000000
8374,512,2024-12-12,completed,11500000
8375,228,2025-09-10,completed,4000000
8376,888,2023-05-07,returned,6800000
8377,1151,2024-03-27,completed,5500000
8378,488,2025-04-09,returned,800000
8379,1065,2023-11-14,completed,2000000
8380,478,2024-01-03,completed,23500000
8381,351,2023-12-04,completed,2000000
8382,792,2023-04-08,returned,15500000
8383,187,2024-12-27,completed,28000000
8384,876,2025-06-22,returned,11000000
8385,352,2023-09-23,returned,5000000
8386,1180,2024-05-27,shipping,2300000
8387,187,2023-02-17,completed,1200000
8388,919,2025-01-31,pending,3300000
8389,846,2023-07-31,completed,1700000
8390,997,2024-02-16,completed,3000000
8391,814,2023-05-23,completed,7300000
8392,702,2023-05-20,cancelled,1500000
8393,236,2023-07-08,completed,16500000
8394,700,2025-03-22,completed,2000000
8395,21,2023-05-22,cancelled,24000000
8396,362,2023-11-28,completed,2900000
8397,192,2025-12-08,completed,6800000
8398,383,2025-07-06,completed,1200000
8399,1045,2023-11-24,completed,9400000
8400,933,2025-06-17,completed,13100000
8401,186,2023-07-14,completed,7500000
8402,769,2024-09-14,cancelled,7800000
8403,562,2024-01-14,completed,20000000
8404,540,2024-08-10,pending,11300000
8405,1184,2023-01-07,cancelled,3300000
8406,541,2025-02-24,returned,8000000
8407,487,2023-10-16,completed,9000000
8408,655,2024-04-01,completed,4000000
8409,25,2023-12-21,cancelled,8000000
8410,154,2025-02-17,completed,7800000
8411,873,2023-03-31,completed,3500000
8412,337,2025-10-29,completed,2400000
8413,1003,2023-10-14,completed,6500000
8414,627,2025-03-10,shipping,3500000
8415,660,2025-08-20,cancelled,3800000
8416,220,2024-06-04,completed,10500000
8417,991,2025-10-27,completed,9400000
8418,650,2023-02-18,returned,6200000
8419,233,2024-06-09,returned,4500000
8420,331,2024-10-03,completed,4000000
8421,902,2023-01-10,completed,800000
8422,23,2023-04-12,returned,14000000
8423,648,2025-10-06,pending,12600000
8424,171,2023-06-12,cancelled,5000000
8425,902,2025-07-30,cancelled,500000
8426,653,2023-06-26,shipping,15800000
8427,544,2023-12-31,cancelled,3200000
8428,681,2024-09-04,completed,20500000
8429,894,2024-05-16,completed,27400000
8430,180,2023-02-04,completed,14600000
8431,3,2023-07-25,completed,15000000
8432,694,2024-03-20,completed,10000000
8433,186,2024-05-14,completed,1700000
8434,397,2025-08-10,pending,500000
8435,780,2024-12-16,shipping,6000000
8436,545,2023-02-28,cancelled,5000000
8437,572,2025-05-27,cancelled,5000000
8438,654,2025-09-02,returned,1000000
8439,1054,2025-10-04,completed,2500000
8440,581,2024-04-17,completed,4500000
8441,442,2024-11-03,completed,4500000
8442,163,2023-03-13,completed,9000000
8443,683,2023-04-10,completed,12000000
8444,60,2024-01-27,completed,17100000
8445,1034,2023-05-08,shipping,15000000
8446,518,2023-12-16,completed,7500000
8447,662,2023-04-06,shipping,4000000
8448,880,2025-09-23,completed,2000000
8449,405,2024-12-26,returned,3500000
8450,368,2025-02-25,completed,6000000
8451,693,2023-10-19,completed,19000000
8452,649,2025-09-23,completed,5300000
8453,563,2023-01-17,shipping,6400000
8454,959,2025-04-12,completed,9600000
8455,563,2024-09-28,completed,10000000
8456,311,2023-05-21,cancelled,13000000
8457,1022,2024-11-24,completed,7500000
8458,652,2024-01-30,completed,1600000
8459,837,2025-07-27,completed,7500000
8460,694,2025-02-09,returned,9300000
8461,897,2025-12-14,returned,20500000
8462,1150,2025-03-05,completed,2600000
8463,525,2023-01-29,completed,3500000
8464,655,2023-04-21,cancelled,19500000
8465,39,2025-02-20,cancelled,11500000
8466,992,2023-10-27,completed,1000000
8467,10,2023-01-02,completed,1500000
8468,841,2025-09-20,shipping,2000000
8469,1154,2023-01-29,completed,6800000
8470,59,2023-06-26,pending,1000000
8471,1199,2025-07-22,returned,17000000
8472,831,2024-03-27,completed,13500000
8473,1008,2024-11-21,completed,3000000
8474,682,2023-12-17,completed,13500000
8475,22,2023-06-11,completed,12000000
8476,395,2025-02-22,completed,8000000
8477,573,2025-10-11,completed,500000
8478,314,2025-12-27,completed,500000
8479,1072,2025-01-06,completed,11000000
8480,95,2025-12-26,completed,6300000
8481,4,2025-09-28,pending,4600000
8482,610,2025-06-27,cancelled,13000000
8483,162,2025-11-07,pending,2000000
8484,514,2025-01-29,completed,1000000
8485,585,2023-01-09,cancelled,800000
8486,893,2025-04-21,completed,4500000
8487,317,2025-11-07,completed,23200000
8488,165,2025-08-10,completed,1300000
8489,1116,2023-03-19,cancelled,5000000
8490,63,2024-03-22,completed,1500000
8491,580,2024-01-11,completed,9500000
8492,1028,2024-08-21,completed,3000000
8493,175,2025-09-13,completed,33000000
8494,365,2024-07-18,cancelled,3500000
8495,839,2023-01-13,shipping,1500000
8496,1196,2024-11-23,completed,8000000
8497,481,2023-02-14,shipping,6200000
8498,718,2023-11-04,cancelled,4500000
8499,334,2024-11-09,completed,2800000
8500,810,2023-01-26,shipping,10000000
8501,927,2025-12-20,pending,8500000
8502,247,2023-12-19,pending,1500000
8503,1009,2025-12-29,pending,1000000
8504,770,2025-04-08,completed,2500000
8505,1095,2024-01-16,returned,2300000
8506,121,2025-01-04,cancelled,2300000
8507,690,2024-03-08,cancelled,3600000
8508,801,2023-10-09,completed,11500000
8509,288,2025-01-29,cancelled,16000000
8510,896,2024-08-31,completed,6500000
8511,1075,2025-01-18,completed,13600000
8512,435,2025-02-08,completed,7500000
8513,396,2025-02-09,completed,13000000
8514,544,2023-07-17,completed,1500000
8515,64,2023-12-28,cancelled,12900000
8516,441,2024-02-25,completed,500000
8517,725,2023-06-30,returned,10000000
8518,391,2025-05-10,completed,500000
8519,99,2023-03-18,completed,13600000
8520,1105,2024-09-09,completed,1000000
8521,952,2025-12-06,completed,11300000
8522,755,2024-10-05,pending,6100000
8523,374,2024-12-02,completed,500000
8524,801,2025-08-10,completed,5000000
8525,80,2023-01-31,shipping,2200000
8526,366,2025-08-01,cancelled,2000000
8527,752,2025-12-07,cancelled,3100000
8528,371,2024-10-12,shipping,6000000
8529,91,2024-04-30,completed,10800000
8530,1057,2024-09-26,shipping,21000000
8531,189,2023-03-22,cancelled,8400000
8532,1020,2025-02-20,completed,800000
8533,1024,2024-09-25,completed,1800000
8534,835,2023-10-11,cancelled,2000000
8535,888,2024-05-17,completed,2800000
8536,222,2025-01-25,completed,1600000
8537,231,2024-03-27,pending,8300000
8538,1153,2023-02-03,pending,7000000
8539,353,2024-08-26,cancelled,1500000
8540,282,2024-09-18,completed,7800000
8541,951,2024-02-07,completed,26500000
8542,132,2024-11-02,shipping,2000000
8543,628,2023-12-02,completed,11000000
8544,527,2023-10-19,completed,10800000
8545,313,2024-07-14,completed,10000000
8546,1104,2025-07-06,completed,8800000
8547,332,2024-02-12,returned,17000000
8548,221,2025-02-07,completed,1300000
8549,1135,2024-09-11,pending,13000000
8550,470,2025-11-17,pending,9500000
8551,948,2024-04-27,completed,1000000
8552,853,2023-01-08,completed,12000000
8553,937,2024-11-08,completed,500000
8554,364,2025-04-15,returned,2400000
8555,640,2024-07-09,completed,10000000
8556,771,2025-02-13,pending,6700000
8557,407,2023-11-28,shipping,6000000
8558,309,2024-10-20,cancelled,33600000
8559,84,2024-01-06,completed,15000000
8560,832,2024-10-26,completed,6500000
8561,456,2024-01-24,completed,1200000
8562,1028,2025-05-06,completed,5800000
8563,747,2024-08-14,completed,3600000
8564,205,2024-01-03,pending,1000000
8565,409,2023-05-01,completed,5700000
8566,1080,2023-03-28,cancelled,4300000
8567,138,2024-01-24,completed,500000
8568,1178,2024-11-16,completed,6000000
8569,738,2025-01-08,completed,15000000
8570,503,2023-09-13,completed,3000000
8571,317,2025-08-30,completed,2300000
8572,932,2023-01-19,completed,5500000
8573,925,2024-09-21,completed,19000000
8574,1044,2023-09-29,completed,8000000
8575,533,2025-07-18,completed,6000000
8576,778,2025-01-27,completed,3000000
8577,307,2024-08-19,completed,6500000
8578,751,2024-10-11,shipping,8600000
8579,283,2024-12-27,completed,5000000
8580,452,2024-04-07,returned,12000000
8581,1190,2025-09-21,completed,23000000
8582,862,2023-10-17,pending,19000000
8583,783,2025-05-05,completed,300000
8584,484,2023-04-03,completed,1600000
8585,887,2023-10-05,completed,6300000
8586,1150,2023-04-30,completed,3000000
8587,297,2025-03-12,shipping,9000000
8588,240,2023-01-09,pending,10000000
8589,764,2025-11-03,cancelled,12500000
8590,1160,2024-11-27,returned,2500000
8591,1156,2025-08-11,completed,7600000
8592,915,2025-12-22,completed,27000000
8593,722,2023-03-11,completed,6500000
8594,95,2023-01-12,completed,3000000
8595,149,2024-06-10,pending,12000000
8596,655,2025-12-03,completed,15000000
8597,685,2023-06-28,completed,2400000
8598,672,2024-12-18,completed,4400000
8599,821,2024-09-26,completed,6500000
8600,888,2024-06-22,shipping,6000000
8601,735,2023-11-12,completed,2500000
8602,678,2024-11-04,returned,3000000
8603,559,2023-04-18,cancelled,5200000
8604,309,2023-08-10,completed,15000000
8605,238,2023-01-11,cancelled,4000000
8606,78,2024-09-04,completed,2000000
8607,206,2025-09-11,shipping,6000000
8608,763,2023-02-11,completed,8000000
8609,569,2024-06-13,completed,800000
8610,68,2024-02-19,returned,1000000
8611,211,2025-10-02,completed,12300000
8612,138,2025-05-30,completed,800000
8613,726,2023-01-14,cancelled,10000000
8614,96,2024-09-26,completed,1000000
8615,54,2024-01-30,completed,6000000
8616,709,2025-05-09,pending,3900000
8617,577,2025-06-05,completed,7000000
8618,270,2024-04-17,completed,10500000
8619,382,2024-01-27,cancelled,11000000
8620,405,2024-12-23,shipping,800000
8621,881,2025-10-02,completed,7000000
8622,546,2023-01-10,completed,8000000
8623,594,2024-10-12,completed,6000000
8624,792,2023-12-09,completed,4000000
8625,648,2025-01-15,cancelled,2400000
8626,681,2025-10-16,completed,20000000
8627,870,2023-09-28,completed,2000000
8628,232,2025-10-03,completed,2700000
8629,264,2025-11-26,completed,11000000
8630,238,2025-03-15,completed,12000000
8631,311,2023-01-09,pending,9000000
8632,865,2023-06-15,cancelled,2000000
8633,56,2024-02-17,completed,13400000
8634,670,2023-11-11,cancelled,5500000
8635,229,2025-10-27,cancelled,14000000
8636,575,2024-08-17,completed,8300000
8637,652,2024-06-08,completed,6000000
8638,720,2024-01-20,cancelled,5800000
8639,763,2025-10-06,cancelled,16500000
8640,512,2023-10-03,completed,10400000
8641,1025,2024-11-10,completed,3500000
8642,581,2025-07-09,completed,24500000
8643,557,2023-08-13,completed,7000000
8644,1014,2025-12-24,completed,22000000
8645,633,2025-05-22,completed,2300000
8646,95,2025-10-18,completed,12800000
8647,283,2024-11-30,shipping,20000000
8648,426,2023-07-14,completed,4000000
8649,98,2024-01-07,completed,1300000
8650,1184,2024-08-06,completed,10500000
8651,813,2024-07-21,completed,12000000
8652,1191,2024-12-28,completed,3800000
8653,905,2025-07-28,completed,2900000
8654,720,2024-12-13,pending,3800000
8655,448,2025-10-22,completed,19000000
8656,610,2025-08-11,completed,6800000
8657,322,2023-05-04,completed,1600000
8658,554,2025-08-22,completed,1500000
8659,508,2023-11-27,completed,9000000
8660,961,2024-03-13,pending,1500000
8661,2,2023-10-15,returned,3800000
8662,1155,2023-06-02,completed,13000000
8663,839,2023-05-14,completed,1500000
8664,1022,2025-03-10,completed,3500000
8665,690,2023-09-17,cancelled,4100000
8666,19,2025-12-26,completed,6000000
8667,933,2023-09-02,completed,5300000
8668,344,2024-04-07,completed,8000000
8669,189,2025-11-09,pending,4000000
8670,520,2024-06-06,completed,18600000
8671,460,2024-02-16,cancelled,15000000
8672,502,2025-01-10,pending,5500000
8673,888,2023-10-31,completed,15400000
8674,436,2025-10-23,completed,26000000
8675,1133,2023-01-08,completed,7300000
8676,724,2025-12-19,completed,10500000
8677,56,2023-04-09,cancelled,27000000
8678,54,2025-10-21,completed,10000000
8679,814,2023-01-04,completed,800000
8680,623,2023-04-23,completed,4600000
8681,202,2024-12-18,returned,500000
8682,235,2025-05-05,completed,7100000
8683,482,2023-10-13,completed,1000000
8684,979,2023-01-02,completed,11000000
8685,549,2023-09-09,pending,3000000
8686,1081,2025-11-21,pending,6800000
8687,1155,2023-12-25,completed,12500000
8688,175,2023-03-28,completed,6000000
8689,351,2024-03-21,completed,20000000
8690,213,2025-06-11,completed,3500000
8691,770,2025-04-23,completed,6500000
8692,984,2025-08-25,completed,6100000
8693,655,2025-10-18,completed,12000000
8694,760,2025-05-08,completed,800000
8695,93,2024-12-13,completed,13000000
8696,177,2025-09-15,shipping,20000000
8697,840,2025-07-24,shipping,8000000
8698,535,2025-04-09,returned,13000000
8699,1087,2025-01-02,completed,8000000
8700,136,2023-08-07,completed,21000000
8701,576,2023-02-17,completed,12000000
8702,372,2024-02-18,cancelled,3300000
8703,763,2025-02-21,shipping,2500000
8704,985,2024-12-29,completed,6000000
8705,143,2025-07-21,completed,19000000
8706,962,2023-12-19,completed,1000000
8707,1014,2023-11-25,completed,40000000
8708,953,2024-03-19,completed,3000000
8709,838,2024-11-29,completed,6500000
8710,574,2024-02-11,completed,19000000
8711,564,2025-10-02,completed,3000000
8712,391,2024-10-16,completed,10000000
8713,466,2024-04-04,cancelled,10500000
8714,760,2024-03-22,completed,3100000
8715,348,2023-11-30,cancelled,17400000
8716,1174,2025-10-29,completed,800000
8717,812,2025-09-15,completed,4500000
8718,30,2024-09-15,cancelled,11000000
8719,147,2023-09-14,completed,2000000
8720,628,2024-11-28,completed,21000000
8721,1196,2024-03-07,completed,4600000
8722,446,2025-04-19,completed,1500000
8723,564,2024-06-26,completed,4500000
8724,650,2023-08-23,returned,1000000
8725,532,2024-06-16,shipping,1000000
8726,321,2025-01-04,completed,1000000
8727,1011,2024-01-12,completed,11100000
8728,644,2024-03-20,completed,5300000
8729,668,2023-02-20,shipping,2700000
8730,369,2023-12-04,completed,6000000
8731,687,2023-04-04,completed,10000000
8732,272,2024-02-16,completed,3000000
8733,283,2023-09-24,completed,30000000
8734,119,2025-01-13,shipping,11400000
8735,1035,2024-12-06,shipping,4000000
8736,182,2024-09-04,completed,3000000
8737,816,2024-10-20,completed,7500000
8738,946,2023-02-24,completed,2400000
8739,342,2024-04-24,completed,11500000
8740,804,2024-10-29,completed,10000000
8741,417,2025-08-16,cancelled,4400000
8742,237,2023-06-30,completed,11500000
8743,355,2024-01-02,completed,6000000
8744,1129,2024-11-26,cancelled,6000000
8745,237,2025-06-07,completed,1500000
8746,1046,2024-03-28,completed,10500000
8747,167,2024-12-18,shipping,10000000
8748,131,2024-12-22,shipping,13000000
8749,845,2025-01-25,pending,11200000
8750,1088,2025-01-15,completed,800000
8751,392,2025-04-15,completed,5300000
8752,476,2023-03-08,completed,3200000
8753,817,2024-11-26,cancelled,4500000
8754,522,2023-11-23,completed,4500000
8755,877,2025-07-27,returned,6900000
8756,496,2023-03-13,returned,4500000
8757,785,2024-02-05,completed,4500000
8758,175,2024-08-31,returned,10000000
8759,23,2023-03-08,completed,10000000
8760,666,2025-11-26,completed,3600000
8761,593,2025-03-23,completed,3400000
8762,629,2023-11-07,completed,2500000
8763,526,2024-01-17,cancelled,14000000
8764,479,2024-09-12,completed,5000000
8765,251,2023-03-16,shipping,2200000
8766,549,2024-05-22,completed,3500000
8767,19,2024-09-20,completed,11000000
8768,662,2023-12-09,pending,11500000
8769,130,2025-11-15,completed,9700000
8770,989,2024-06-30,completed,11000000
8771,598,2024-12-18,cancelled,4900000
8772,37,2025-06-14,completed,6000000
8773,899,2023-11-29,completed,17500000
8774,466,2025-06-28,pending,4000000
8775,847,2024-12-07,completed,13300000
8776,833,2025-10-02,completed,3600000
8777,1049,2023-03-25,completed,7500000
8778,183,2025-06-30,completed,25000000
8779,522,2025-12-18,completed,1500000
8780,769,2023-08-04,pending,18500000
8781,907,2023-07-10,completed,5500000
8782,735,2025-09-25,completed,20000000
8783,594,2025-02-07,shipping,1300000
8784,403,2023-05-09,cancelled,6000000
8785,185,2025-03-22,pending,17000000
8786,606,2023-01-27,completed,29300000
8787,1190,2025-10-16,completed,7000000
8788,967,2024-06-28,returned,5600000
8789,1006,2025-06-18,completed,2000000
8790,512,2025-02-16,completed,18500000
8791,200,2025-02-07,completed,2500000
8792,665,2025-02-05,completed,2000000
8793,831,2025-10-10,shipping,4000000
8794,363,2024-09-17,completed,25500000
8795,784,2023-11-03,completed,10500000
8796,473,2024-10-03,cancelled,7000000
8797,252,2023-10-29,completed,14000000
8798,314,2024-02-17,pending,14400000
8799,969,2025-12-02,completed,4500000
8800,854,2023-03-12,completed,3500000
8801,20,2023-06-15,completed,3000000
8802,378,2025-09-18,completed,5000000
8803,899,2023-06-27,shipping,5100000
8804,1014,2024-12-01,returned,10000000
8805,380,2023-04-09,completed,7200000
8806,294,2025-02-27,completed,1000000
8807,959,2025-02-16,completed,1000000
8808,1179,2025-01-03,pending,7000000
8809,662,2024-08-05,cancelled,13500000
8810,256,2024-11-15,completed,8000000
8811,1058,2023-03-15,completed,5700000
8812,1086,2024-05-19,shipping,1600000
8813,103,2025-03-31,completed,2000000
8814,1003,2023-11-11,completed,2200000
8815,147,2023-06-12,completed,3600000
8816,848,2024-10-11,completed,800000
8817,234,2025-07-11,completed,5000000
8818,1161,2024-01-20,completed,7500000
8819,1192,2025-06-11,shipping,7600000
8820,575,2024-09-28,shipping,3000000
8821,291,2025-09-20,completed,13200000
8822,739,2023-10-15,completed,7000000
8823,115,2025-05-29,completed,13800000
8824,912,2023-01-16,completed,2500000
8825,861,2023-02-11,pending,7500000
8826,966,2025-01-22,completed,1500000
8827,226,2024-02-24,completed,3000000
8828,542,2025-12-11,completed,9500000
8829,666,2023-06-11,returned,3000000
8830,115,2025-11-14,completed,3500000
8831,158,2023-01-04,completed,9000000
8832,663,2025-10-24,completed,4600000
8833,651,2023-04-14,shipping,3800000
8834,256,2024-01-05,cancelled,10200000
8835,326,2024-08-04,completed,8000000
8836,867,2024-04-24,cancelled,3300000
8837,588,2023-02-04,completed,3000000
8838,423,2025-08-28,completed,1600000
8839,171,2024-06-15,completed,1000000
8840,575,2025-10-14,completed,7000000
8841,80,2025-11-29,shipping,4100000
8842,215,2023-01-19,completed,9600000
8843,854,2024-02-24,returned,6300000
8844,257,2023-12-10,completed,9800000
8845,652,2024-06-30,completed,11100000
8846,291,2024-03-10,completed,10000000
8847,2,2025-11-30,shipping,12000000
8848,739,2025-09-19,completed,3000000
8849,441,2025-12-27,cancelled,2000000
8850,856,2025-08-20,completed,1000000
8851,1012,2025-10-15,completed,5000000
8852,1096,2025-11-12,shipping,2500000
8853,696,2023-05-28,completed,5800000
8854,1045,2024-06-21,completed,31600000
8855,347,2025-09-07,returned,11400000
8856,698,2024-07-06,completed,1000000
8857,158,2024-02-23,completed,11600000
8858,537,2023-08-07,completed,9800000
8859,996,2023-03-28,completed,12000000
8860,314,2024-04-27,shipping,3000000
8861,383,2025-11-11,completed,2000000
8862,706,2025-09-18,completed,800000
8863,1149,2025-07-24,completed,11000000
8864,482,2024-02-13,cancelled,10000000
8865,410,2025-10-17,shipping,13500000
8866,262,2025-12-13,completed,5100000
8867,252,2025-10-11,completed,3000000
8868,683,2025-01-01,shipping,6000000
8869,909,2025-04-02,pending,24000000
8870,45,2025-11-19,cancelled,24000000
8871,26,2024-07-29,completed,1800000
8872,548,2023-07-01,completed,1500000
8873,531,2023-06-08,returned,19000000
8874,975,2025-02-18,completed,500000
8875,602,2025-07-16,shipping,7400000
8876,1096,2025-06-25,cancelled,1500000
8877,389,2025-11-01,completed,12500000
8878,638,2023-08-16,completed,11500000
8879,1045,2025-08-23,cancelled,10800000
8880,487,2025-03-11,completed,7300000
8881,879,2023-01-25,completed,12800000
8882,1101,2023-02-10,cancelled,2700000
8883,774,2023-07-30,completed,6500000
8884,18,2024-12-06,completed,6000000
8885,839,2025-05-07,completed,3400000
8886,776,2025-03-12,completed,2000000
8887,799,2023-12-12,cancelled,1000000
8888,541,2025-10-04,completed,3600000
8889,834,2023-09-05,completed,900000
8890,137,2023-01-07,shipping,9600000
8891,658,2025-11-13,completed,3000000
8892,562,2024-04-23,completed,4500000
8893,940,2023-02-02,completed,4000000
8894,11,2024-08-04,completed,2500000
8895,143,2024-07-26,completed,1600000
8896,1077,2023-03-04,completed,4500000
8897,610,2024-03-30,completed,1200000
8898,825,2025-01-13,shipping,8000000
8899,258,2025-02-05,completed,15000000
8900,552,2025-07-02,cancelled,1000000
8901,708,2025-03-23,completed,4300000
8902,561,2023-01-08,shipping,3000000
8903,1148,2025-02-06,completed,6500000
8904,40,2024-10-19,returned,3900000
8905,543,2024-09-06,pending,4600000
8906,418,2024-06-17,completed,1500000
8907,270,2023-10-15,pending,11300000
8908,564,2023-04-12,completed,2300000
8909,426,2025-10-11,returned,7000000
8910,1001,2025-08-17,completed,10800000
8911,1142,2024-05-21,completed,7500000
8912,152,2024-04-17,completed,10000000
8913,639,2024-11-06,completed,1500000
8914,721,2023-11-03,completed,5000000
8915,3,2023-11-15,completed,8000000
8916,990,2025-09-16,completed,11000000
8917,737,2023-11-22,completed,600000
8918,1097,2025-02-05,completed,2500000
8919,389,2023-07-01,completed,7600000
8920,556,2025-12-13,shipping,20200000
8921,801,2025-08-31,completed,500000
8922,1110,2023-12-16,cancelled,16000000
8923,916,2024-08-23,cancelled,14500000
8924,1016,2023-12-28,completed,300000
8925,480,2025-06-28,completed,2000000
8926,34,2025-02-16,cancelled,800000
8927,207,2025-01-11,completed,11500000
8928,526,2025-01-17,completed,4600000
8929,520,2025-05-17,completed,10000000
8930,980,2023-07-04,completed,4400000
8931,1049,2024-10-02,completed,9000000
8932,401,2023-02-19,shipping,4000000
8933,846,2024-09-04,completed,4000000
8934,424,2025-05-13,pending,1600000
8935,888,2025-01-19,completed,3200000
8936,743,2025-03-24,completed,8500000
8937,319,2025-09-20,pending,11000000
8938,1034,2025-08-27,completed,3500000
8939,1174,2025-01-26,completed,8000000
8940,969,2025-12-19,shipping,500000
8941,41,2025-01-29,shipping,6000000
8942,214,2023-11-15,completed,4000000
8943,196,2023-05-05,cancelled,1600000
8944,349,2024-02-09,shipping,7400000
8945,901,2023-12-24,completed,4300000
8946,778,2025-02-16,completed,2400000
8947,833,2024-12-30,cancelled,1200000
8948,402,2024-02-17,completed,12500000
8949,748,2025-01-25,completed,1800000
8950,489,2024-08-20,completed,800000
8951,312,2023-04-23,completed,3000000
8952,958,2024-03-10,cancelled,10000000
8953,945,2024-09-17,completed,2300000
8954,818,2023-05-19,completed,4500000
8955,613,2023-07-18,completed,11100000
8956,841,2024-07-26,shipping,8000000
8957,490,2023-12-15,shipping,7000000
8958,495,2024-12-08,returned,6000000
8959,946,2023-10-12,cancelled,8000000
8960,400,2023-11-29,completed,8500000
8961,376,2024-01-02,completed,2000000
8962,1006,2024-07-05,returned,9000000
8963,32,2023-07-01,completed,2100000
8964,869,2024-07-23,pending,2400000
8965,304,2023-08-09,completed,7500000
8966,429,2023-12-09,completed,14000000
8967,723,2025-01-31,completed,6500000
8968,1186,2023-12-21,completed,3400000
8969,247,2025-07-22,completed,5400000
8970,156,2023-08-07,pending,2000000
8971,129,2024-05-14,completed,13800000
8972,113,2023-08-18,shipping,17400000
8973,60,2024-09-02,cancelled,13200000
8974,853,2025-06-22,completed,4500000
8975,829,2023-02-26,returned,15000000
8976,819,2025-10-08,completed,9200000
8977,532,2023-06-23,completed,2000000
8978,918,2023-07-31,returned,2000000
8979,401,2024-08-31,completed,11200000
8980,420,2023-05-11,completed,1200000
8981,483,2025-07-09,completed,6100000
8982,623,2025-01-28,returned,4000000
8983,276,2024-03-13,completed,13000000
8984,155,2024-02-03,completed,13900000
8985,1117,2023-01-16,completed,6000000
8986,1109,2023-03-31,completed,5400000
8987,835,2024-05-13,completed,11200000
8988,558,2023-11-12,completed,2000000
8989,163,2024-04-17,cancelled,3000000
8990,461,2024-02-02,completed,1500000
8991,216,2025-09-17,completed,1000000
8992,874,2023-11-29,cancelled,6000000
8993,710,2025-04-14,completed,10000000
8994,1107,2025-09-13,completed,16000000
8995,932,2024-03-19,returned,3200000
8996,337,2023-10-05,completed,8700000
8997,189,2024-10-05,completed,6000000
8998,638,2025-07-15,cancelled,4000000
8999,628,2023-02-09,completed,4600000
9000,727,2025-02-24,completed,10600000
9001,286,2025-02-25,shipping,7000000
9002,1124,2023-07-09,pending,29000000
9003,369,2023-02-25,completed,5600000
9004,814,2025-01-27,shipping,2100000
9005,970,2025-12-25,cancelled,6800000
9006,144,2023-12-24,cancelled,3000000
9007,280,2023-12-23,completed,8000000
9008,293,2024-09-04,completed,500000
9009,92,2023-02-14,cancelled,7000000
9010,421,2023-10-30,returned,17500000
9011,65,2025-09-18,completed,8600000
9012,450,2025-06-22,pending,800000
9013,391,2023-06-05,pending,4000000
9014,227,2025-08-02,completed,4000000
9015,1173,2025-10-25,pending,500000
9016,1012,2025-01-01,completed,2000000
9017,77,2023-08-14,completed,9000000
9018,594,2025-05-31,shipping,2700000
9019,621,2024-08-27,completed,10000000
9020,1002,2025-08-19,completed,15000000
9021,799,2024-04-18,completed,7600000
9022,495,2024-02-25,cancelled,2300000
9023,1053,2025-12-14,cancelled,4300000
9024,828,2025-05-18,completed,5000000
9025,1078,2023-12-08,cancelled,11000000
9026,403,2025-08-05,completed,3200000
9027,397,2024-07-18,completed,5000000
9028,989,2023-09-14,completed,2000000
9029,256,2023-10-20,completed,14000000
9030,1109,2024-12-11,pending,8400000
9031,12,2023-03-17,completed,2000000
9032,888,2023-04-09,completed,10000000
9033,622,2024-06-05,pending,28800000
9034,72,2025-10-09,completed,4000000
9035,998,2023-01-18,completed,2600000
9036,276,2023-12-13,completed,5600000
9037,199,2023-07-10,completed,9000000
9038,534,2025-09-23,cancelled,13500000
9039,321,2025-11-13,pending,2000000
9040,854,2025-11-07,cancelled,14500000
9041,8,2023-02-05,shipping,3000000
9042,459,2023-10-19,shipping,6500000
9043,842,2024-09-26,cancelled,8000000
9044,702,2025-01-27,completed,9700000
9045,319,2024-07-17,shipping,1500000
9046,951,2025-11-28,cancelled,19800000
9047,559,2023-11-15,completed,2300000
9048,838,2024-08-25,completed,800000
9049,596,2023-05-23,shipping,4500000
9050,999,2024-11-03,shipping,5400000
9051,326,2025-03-17,shipping,1000000
9052,337,2024-04-22,pending,3600000
9053,254,2025-07-02,shipping,3000000
9054,869,2024-09-18,completed,7000000
9055,114,2025-05-06,completed,1500000
9056,434,2025-01-26,pending,5000000
9057,785,2024-06-22,shipping,21000000
9058,986,2024-10-03,cancelled,1600000
9059,443,2023-01-05,shipping,6200000
9060,357,2023-03-17,completed,6800000
9061,412,2024-08-03,completed,13000000
9062,883,2025-04-10,completed,4400000
9063,717,2024-03-06,shipping,3400000
9064,1113,2024-08-30,completed,13000000
9065,756,2024-10-25,completed,7800000
9066,1143,2023-12-20,completed,37800000
9067,723,2025-04-21,completed,2000000
9068,444,2024-03-14,completed,18600000
9069,222,2023-01-15,completed,16000000
9070,791,2025-05-23,pending,2500000
9071,64,2025-04-11,completed,3900000
9072,261,2023-11-29,completed,12100000
9073,571,2024-12-06,completed,3500000
9074,989,2024-06-09,completed,1600000
9075,681,2025-06-13,completed,5000000
9076,640,2024-12-17,completed,14300000
9077,464,2025-01-24,completed,5800000
9078,690,2024-03-13,shipping,3900000
9079,1151,2023-10-30,pending,5000000
9080,396,2025-06-06,completed,3000000
9081,991,2024-11-17,completed,2000000
9082,880,2025-07-29,completed,6000000
9083,713,2025-11-19,completed,6100000
9084,1106,2023-10-16,completed,2300000
9085,1050,2025-04-02,completed,800000
9086,1039,2024-12-10,pending,6000000
9087,101,2023-08-06,completed,5000000
9088,214,2023-03-23,completed,2400000
9089,89,2025-02-25,completed,3000000
9090,599,2023-09-15,completed,2900000
9091,731,2025-01-05,pending,14600000
9092,1114,2025-12-04,completed,4500000
9093,263,2024-04-08,shipping,3000000
9094,1061,2024-09-04,returned,1600000
9095,833,2024-10-18,completed,500000
9096,669,2024-11-16,completed,8500000
9097,245,2024-11-26,shipping,5600000
9098,790,2024-11-29,completed,5500000
9099,558,2025-12-07,completed,800000
9100,719,2024-07-16,completed,9400000
9101,552,2025-05-09,shipping,6000000
9102,1061,2025-12-13,completed,2000000
9103,698,2025-06-22,cancelled,2000000
9104,387,2024-05-23,completed,5000000
9105,740,2025-11-21,completed,2000000
9106,945,2025-01-04,shipping,900000
9107,458,2023-04-19,completed,11500000
9108,832,2024-02-07,completed,5000000
9109,1126,2024-08-28,completed,8000000
9110,201,2025-01-04,completed,1000000
9111,84,2025-04-04,returned,5600000
9112,1050,2023-10-12,cancelled,2300000
9113,200,2023-12-30,completed,14000000
9114,1090,2024-04-23,shipping,30900000
9115,15,2024-12-27,completed,13400000
9116,559,2023-08-09,cancelled,4000000
9117,761,2024-09-04,pending,21000000
9118,499,2023-02-11,completed,7000000
9119,203,2025-08-30,completed,1500000
9120,1110,2024-08-27,completed,2000000
9121,962,2023-05-08,completed,7000000
9122,1056,2025-04-13,completed,4600000
9123,713,2023-10-24,completed,5800000
9124,1075,2024-02-26,shipping,2000000
9125,243,2025-01-16,completed,23000000
9126,229,2024-09-16,completed,18000000
9127,633,2023-04-18,completed,9000000
9128,1180,2024-08-22,completed,1800000
9129,130,2025-02-05,pending,4500000
9130,111,2023-06-10,completed,13000000
9131,863,2023-06-28,completed,19100000
9132,881,2024-09-24,completed,5400000
9133,1023,2023-10-30,pending,6000000
9134,528,2024-10-09,completed,2400000
9135,1140,2023-02-01,returned,9200000
9136,786,2024-11-10,cancelled,4500000
9137,761,2025-07-09,completed,17000000
9138,814,2025-08-11,cancelled,7100000
9139,388,2025-09-11,completed,5800000
9140,1164,2024-03-15,completed,4200000
9141,554,2023-04-02,shipping,6900000
9142,467,2024-10-29,cancelled,22000000
9143,676,2024-03-03,completed,3000000
9144,1070,2025-01-19,completed,5000000
9145,799,2025-06-04,completed,12700000
9146,299,2024-06-09,completed,1000000
9147,1105,2025-06-18,shipping,7400000
9148,432,2023-10-01,completed,3000000
9149,19,2023-02-14,completed,20800000
9150,623,2023-08-31,completed,4000000
9151,1027,2023-02-24,completed,2800000
9152,755,2024-03-11,completed,1000000
9153,951,2025-10-25,completed,3000000
9154,316,2023-12-24,completed,6600000
9155,1190,2025-01-19,completed,36000000
9156,773,2025-08-24,completed,4500000
9157,657,2023-01-16,cancelled,1500000
9158,435,2024-11-04,completed,3200000
9159,344,2025-09-16,completed,11000000
9160,598,2025-12-24,completed,8600000
9161,452,2024-07-02,completed,3000000
9162,177,2025-01-19,shipping,4000000
9163,195,2024-06-03,completed,6000000
9164,182,2025-10-27,returned,3600000
9165,1119,2025-12-05,pending,3000000
9166,56,2023-02-24,cancelled,8400000
9167,681,2025-08-16,completed,20000000
9168,39,2025-01-08,completed,17400000
9169,269,2025-01-01,completed,6500000
9170,254,2024-08-27,completed,9500000
9171,458,2023-04-20,completed,6000000
9172,519,2025-12-10,completed,4800000
9173,880,2023-03-26,shipping,3800000
9174,1012,2023-01-27,completed,1500000
9175,193,2023-05-30,cancelled,500000
9176,575,2023-03-26,cancelled,3000000
9177,1038,2023-02-18,completed,9500000
9178,52,2023-12-29,completed,14600000
9179,1019,2024-08-26,cancelled,11400000
9180,1169,2025-02-14,completed,16000000
9181,682,2025-08-27,cancelled,12000000
9182,766,2025-01-22,completed,11500000
9183,1041,2025-01-06,completed,5000000
9184,742,2025-03-07,cancelled,7000000
9185,725,2025-10-01,cancelled,14100000
9186,531,2025-04-17,completed,5400000
9187,266,2024-12-16,pending,20100000
9188,407,2025-12-21,shipping,10800000
9189,54,2025-01-17,completed,12000000
9190,480,2025-08-17,cancelled,3600000
9191,1077,2024-07-17,cancelled,3200000
9192,838,2025-12-02,shipping,3000000
9193,797,2023-06-24,shipping,3000000
9194,872,2025-07-30,completed,5100000
9195,1038,2025-03-24,completed,3100000
9196,157,2024-11-22,completed,10500000
9197,714,2025-02-12,shipping,3600000
9198,5,2025-05-13,completed,7000000
9199,147,2023-05-21,completed,4700000
9200,68,2025-11-06,pending,2500000
9201,866,2025-04-08,completed,19600000
9202,537,2024-11-16,pending,5600000
9203,1096,2025-03-05,completed,8500000
9204,994,2023-01-12,completed,3000000
9205,432,2025-01-29,completed,9800000
9206,1083,2023-10-29,completed,10200000
9207,520,2023-01-24,cancelled,9000000
9208,57,2023-04-12,completed,1000000
9209,276,2023-06-09,completed,1500000
9210,809,2024-12-05,pending,6500000
9211,541,2025-08-10,completed,5300000
9212,811,2023-02-12,shipping,1000000
9213,171,2025-08-18,completed,1500000
9214,880,2023-08-08,completed,2000000
9215,640,2024-01-21,completed,1000000
9216,681,2025-03-31,cancelled,2000000
9217,337,2023-10-18,completed,3300000
9218,817,2024-08-18,pending,3500000
9219,1068,2024-07-28,completed,20800000
9220,212,2024-05-07,completed,1000000
9221,491,2025-04-11,completed,4800000
9222,64,2023-04-11,completed,9500000
9223,200,2025-10-27,completed,13000000
9224,66,2023-09-25,completed,9500000
9225,187,2024-10-14,completed,5000000
9226,636,2025-05-22,cancelled,1000000
9227,947,2023-04-25,completed,1500000
9228,499,2025-05-19,returned,28000000
9229,811,2023-07-13,returned,1000000
9230,539,2025-07-19,completed,3000000
9231,1092,2024-07-10,shipping,5300000
9232,925,2023-07-05,pending,3000000
9233,908,2025-04-08,completed,10000000
9234,58,2023-05-28,completed,1900000
9235,1158,2025-01-30,completed,14900000
9236,913,2024-01-14,cancelled,13100000
9237,1185,2025-09-04,cancelled,15500000
9238,332,2025-09-01,completed,11400000
9239,1173,2024-10-28,completed,3000000
9240,879,2024-02-13,returned,11000000
9241,985,2025-03-06,completed,1700000
9242,804,2024-11-11,cancelled,16200000
9243,53,2024-06-26,completed,2900000
9244,367,2024-11-26,completed,1600000
9245,585,2024-12-03,completed,4000000
9246,200,2023-10-31,cancelled,1500000
9247,97,2024-02-01,completed,1000000
9248,1013,2025-12-03,completed,8300000
9249,936,2024-07-05,completed,3800000
9250,838,2023-10-15,completed,500000
9251,58,2024-04-17,pending,2000000
9252,1123,2023-03-30,pending,7500000
9253,169,2024-05-04,completed,11500000
9254,129,2025-12-04,completed,5000000
9255,121,2023-01-25,completed,9300000
9256,996,2023-01-26,completed,800000
9257,263,2024-09-07,returned,11000000
9258,1093,2025-01-21,completed,2800000
9259,851,2023-05-11,completed,13800000
9260,54,2025-08-17,completed,5000000
9261,699,2024-01-16,completed,3600000
9262,126,2025-04-16,completed,1600000
9263,751,2025-02-20,shipping,3000000
9264,990,2025-02-28,completed,8800000
9265,755,2023-06-24,completed,4200000
9266,338,2024-12-02,completed,4600000
9267,393,2025-01-06,completed,7500000
9268,673,2023-02-05,completed,3500000
9269,219,2024-06-14,completed,3000000
9270,1112,2023-12-14,completed,4500000
9271,818,2024-06-26,shipping,10000000
9272,917,2023-12-11,completed,5000000
9273,188,2023-10-14,completed,2600000
9274,465,2024-02-27,completed,1500000
9275,870,2023-05-04,completed,7500000
9276,1136,2025-02-18,completed,4200000
9277,5,2025-11-18,completed,8900000
9278,165,2024-12-08,completed,5500000
9279,787,2024-04-02,completed,6000000
9280,1179,2023-09-30,cancelled,11500000
9281,386,2023-08-29,completed,16000000
9282,505,2023-05-14,completed,800000
9283,176,2025-02-26,shipping,15000000
9284,1109,2025-06-07,completed,4500000
9285,151,2024-11-06,completed,7500000
9286,1136,2024-01-28,completed,5200000
9287,390,2025-04-01,completed,1500000
9288,878,2025-03-30,cancelled,300000
9289,155,2025-11-02,completed,12000000
9290,196,2025-04-04,completed,6000000
9291,1070,2023-08-26,cancelled,2000000
9292,804,2024-08-04,shipping,3400000
9293,43,2023-10-05,shipping,20000000
9294,36,2025-08-08,completed,7500000
9295,608,2025-10-06,completed,2700000
9296,626,2025-03-26,completed,2100000
9297,959,2024-09-09,pending,2000000
9298,1195,2024-08-06,completed,2000000
9299,531,2025-08-19,cancelled,14500000
9300,844,2023-03-10,cancelled,13800000
9301,948,2023-08-03,completed,3000000
9302,460,2023-09-28,completed,7100000
9303,990,2024-08-04,completed,12000000
9304,934,2025-12-04,completed,3000000
9305,77,2025-11-18,shipping,12000000
9306,147,2025-08-14,completed,15800000
9307,1078,2024-03-27,pending,8000000
9308,606,2025-03-20,completed,18500000
9309,1054,2023-04-29,completed,6000000
9310,182,2023-10-05,shipping,500000
9311,1035,2023-05-06,completed,3500000
9312,455,2024-10-08,completed,9000000
9313,997,2025-02-19,completed,3600000
9314,889,2024-07-03,shipping,3500000
9315,958,2024-07-10,returned,1000000
9316,1014,2025-01-13,completed,9000000
9317,889,2024-04-26,cancelled,2500000
9318,590,2025-01-12,cancelled,4500000
9319,828,2025-06-13,completed,2800000
9320,980,2023-01-05,cancelled,6300000
9321,1046,2024-05-05,completed,2800000
9322,1042,2023-12-27,cancelled,9200000
9323,903,2024-01-30,completed,2000000
9324,819,2023-02-26,completed,17500000
9325,419,2023-12-13,completed,15000000
9326,568,2023-11-12,completed,6000000
9327,465,2025-08-19,completed,800000
9328,620,2024-01-14,completed,10000000
9329,918,2025-01-20,completed,3000000
9330,372,2024-07-01,completed,5500000
9331,1041,2024-01-30,completed,2000000
9332,854,2023-11-21,cancelled,4000000
9333,1017,2024-02-18,completed,11500000
9334,1026,2025-10-31,shipping,5500000
9335,107,2024-05-19,completed,11000000
9336,851,2025-08-18,completed,500000
9337,63,2024-05-22,shipping,5000000
9338,303,2023-12-14,completed,13000000
9339,101,2025-04-16,completed,5000000
9340,659,2025-09-03,cancelled,6000000
9341,490,2023-07-20,pending,5300000
9342,535,2025-11-25,completed,8800000
9343,1145,2023-01-22,completed,2500000
9344,1094,2024-02-24,completed,500000
9345,738,2025-09-29,completed,8500000
9346,329,2024-08-02,pending,1000000
9347,896,2024-05-19,completed,5800000
9348,166,2024-03-03,completed,10000000
9349,586,2025-06-26,shipping,12000000
9350,604,2025-09-22,completed,20000000
9351,1060,2025-05-12,completed,2000000
9352,164,2024-11-05,completed,6600000
9353,981,2025-02-26,completed,6500000
9354,887,2023-05-18,cancelled,2500000
9355,624,2024-04-17,completed,2500000
9356,410,2023-08-07,completed,2000000
9357,882,2023-02-16,completed,2700000
9358,948,2024-01-18,completed,500000
9359,382,2024-10-23,completed,2500000
9360,129,2025-11-19,completed,21000000
9361,912,2024-01-28,returned,13000000
9362,613,2024-01-11,completed,8000000
9363,360,2025-11-17,cancelled,4000000
9364,85,2025-03-05,shipping,15000000
9365,1107,2023-09-01,cancelled,5500000
9366,1148,2025-01-12,completed,6000000
9367,878,2024-12-07,completed,3500000
9368,108,2024-10-11,shipping,1500000
9369,792,2023-04-16,completed,18100000
9370,321,2025-06-06,completed,11500000
9371,175,2025-01-12,cancelled,12000000
9372,1025,2023-11-30,completed,1500000
9373,254,2023-12-19,completed,4200000
9374,373,2025-04-21,completed,1600000
9375,245,2025-11-09,completed,3600000
9376,739,2025-12-21,completed,6500000
9377,838,2024-08-30,completed,14000000
9378,466,2025-07-23,completed,10300000
9379,863,2024-11-15,cancelled,8800000
9380,344,2024-03-28,completed,11500000
9381,750,2025-12-17,cancelled,300000
9382,1104,2025-10-04,completed,800000
9383,197,2025-07-15,pending,2800000
9384,90,2025-01-05,completed,6000000
9385,715,2025-06-30,completed,2000000
9386,652,2025-02-27,completed,6600000
9387,768,2024-08-24,completed,800000
9388,1105,2024-01-12,completed,3000000
9389,632,2024-01-06,returned,7300000
9390,64,2025-08-20,completed,6100000
9391,371,2024-12-07,completed,12600000
9392,784,2024-12-04,completed,1500000
9393,924,2024-02-23,cancelled,5000000
9394,714,2025-09-14,completed,11000000
9395,748,2025-11-27,shipping,17000000
9396,391,2024-01-13,pending,6000000
9397,344,2023-11-09,completed,4400000
9398,182,2025-10-29,completed,1500000
9399,1116,2023-09-12,cancelled,2000000
9400,298,2025-02-17,shipping,3800000
9401,703,2023-06-19,returned,6500000
9402,904,2025-11-06,completed,1000000
9403,856,2023-01-19,cancelled,7500000
9404,173,2024-08-27,cancelled,3900000
9405,908,2024-01-16,completed,12800000
9406,911,2025-12-13,completed,5000000
9407,741,2023-03-16,returned,6500000
9408,1021,2024-11-01,completed,5500000
9409,617,2023-01-17,cancelled,10000000
9410,727,2025-03-15,completed,10600000
9411,468,2024-10-30,completed,4600000
9412,84,2025-11-28,pending,2400000
9413,886,2025-01-09,completed,12600000
9414,687,2024-03-25,completed,800000
9415,577,2024-12-11,completed,5600000
9416,684,2025-06-06,completed,11000000
9417,759,2024-02-22,cancelled,3200000
9418,642,2025-10-30,cancelled,6000000
9419,740,2025-02-09,completed,2500000
9420,938,2023-11-14,completed,7900000
9421,550,2024-10-24,completed,14900000
9422,915,2024-10-09,completed,10500000
9423,440,2025-03-09,completed,11000000
9424,225,2024-04-07,completed,800000
9425,28,2025-03-29,shipping,7800000
9426,103,2024-11-25,completed,7100000
9427,77,2024-10-04,completed,6500000
9428,484,2025-09-15,pending,4000000
9429,312,2023-01-30,completed,11000000
9430,385,2025-08-04,completed,3800000
9431,294,2023-02-08,completed,3500000
9432,236,2024-01-17,completed,3000000
9433,232,2023-09-25,completed,3800000
9434,1101,2024-09-09,shipping,9500000
9435,777,2024-08-31,completed,6000000
9436,263,2023-08-23,returned,13000000
9437,27,2023-04-12,completed,4500000
9438,200,2025-01-30,cancelled,8000000
9439,1178,2024-11-11,completed,13000000
9440,877,2024-01-02,shipping,800000
9441,879,2024-08-08,pending,10000000
9442,1171,2025-02-21,cancelled,1500000
9443,575,2023-03-14,completed,1000000
9444,206,2023-02-28,cancelled,3000000
9445,901,2023-03-21,cancelled,7300000
9446,951,2023-09-01,completed,500000
9447,311,2023-02-16,cancelled,10000000
9448,749,2025-03-17,completed,7500000
9449,774,2024-05-03,completed,5000000
9450,604,2025-01-01,completed,8000000
9451,1164,2023-06-18,completed,2400000
9452,838,2024-03-08,completed,5000000
9453,602,2025-11-21,completed,1500000
9454,953,2025-03-09,completed,4500000
9455,337,2023-12-16,completed,13000000
9456,735,2024-02-06,completed,800000
9457,13,2024-02-14,completed,6700000
9458,1181,2025-11-12,completed,9000000
9459,201,2025-09-26,completed,800000
9460,170,2023-06-17,completed,2000000
9461,480,2025-11-18,completed,17000000
9462,981,2025-04-11,completed,800000
9463,1051,2024-10-01,cancelled,5000000
9464,887,2025-07-13,completed,2700000
9465,278,2025-01-24,completed,19000000
9466,542,2024-08-07,cancelled,9000000
9467,216,2025-10-08,completed,5000000
9468,931,2023-03-29,completed,25500000
9469,145,2025-12-07,completed,13000000
9470,559,2023-05-26,completed,800000
9471,573,2025-12-29,cancelled,1500000
9472,308,2023-10-19,completed,21000000
9473,277,2023-08-30,completed,4000000
9474,617,2024-02-27,completed,10000000
9475,419,2025-04-01,completed,8000000
9476,56,2024-12-31,completed,16500000
9477,691,2023-02-03,pending,2600000
9478,697,2025-07-30,completed,14800000
9479,466,2023-01-04,completed,8800000
9480,83,2023-01-16,completed,5000000
9481,65,2024-11-22,completed,6200000
9482,557,2025-01-02,completed,8000000
9483,231,2023-10-13,completed,27000000
9484,128,2025-06-03,completed,2800000
9485,478,2024-11-06,completed,4800000
9486,940,2025-02-18,completed,5000000
9487,596,2024-05-05,completed,3000000
9488,983,2023-11-09,completed,11400000
9489,131,2023-09-14,completed,10000000
9490,291,2024-07-23,completed,18500000
9491,423,2025-12-19,completed,2800000
9492,989,2023-12-12,completed,6100000
9493,272,2023-03-14,pending,5000000
9494,1184,2025-11-30,completed,2300000
9495,539,2024-11-05,completed,21900000
9496,150,2023-11-25,cancelled,2400000
9497,471,2023-12-06,completed,24000000
9498,549,2025-07-14,cancelled,9000000
9499,1172,2025-09-13,shipping,800000
9500,323,2023-03-22,pending,1600000
9501,1087,2025-07-13,completed,2300000
9502,550,2024-08-15,completed,5000000
9503,128,2025-04-04,completed,6000000
9504,1139,2023-11-14,cancelled,3500000
9505,885,2024-12-30,completed,7000000
9506,260,2023-05-10,completed,1200000
9507,471,2024-08-08,completed,16000000
9508,1185,2024-10-14,completed,5500000
9509,565,2023-11-11,completed,12000000
9510,996,2023-02-27,completed,9000000
9511,367,2023-09-21,completed,2000000
9512,1117,2024-06-26,completed,9200000
9513,902,2024-02-10,completed,4500000
9514,665,2023-04-21,cancelled,6200000
9515,158,2024-02-07,completed,6500000
9516,348,2025-09-15,completed,10300000
9517,851,2023-01-11,completed,17000000
9518,968,2023-11-13,cancelled,3000000
9519,1124,2025-06-23,completed,4000000
9520,390,2024-01-17,returned,11300000
9521,884,2024-04-19,completed,11500000
9522,248,2025-10-02,shipping,7200000
9523,821,2023-12-27,completed,1600000
9524,566,2023-11-03,completed,1000000
9525,526,2024-04-08,cancelled,6900000
9526,584,2023-05-06,completed,13000000
9527,828,2024-05-04,completed,4000000
9528,570,2025-04-06,completed,1800000
9529,493,2023-01-01,cancelled,14500000
9530,993,2025-11-17,completed,18500000
9531,510,2025-09-29,returned,25500000
9532,641,2025-07-08,completed,13200000
9533,67,2025-09-09,completed,3300000
9534,233,2023-11-17,completed,9900000
9535,1010,2024-10-05,returned,6900000
9536,339,2024-10-24,completed,3000000
9537,389,2025-03-21,completed,3500000
9538,93,2025-01-08,completed,16000000
9539,491,2024-02-11,returned,1500000
9540,426,2025-07-07,completed,15000000
9541,146,2023-03-06,shipping,10000000
9542,713,2024-09-15,completed,3000000
9543,379,2025-01-14,completed,3000000
9544,43,2025-04-18,completed,4000000
9545,1033,2025-12-12,completed,5500000
9546,1023,2025-09-02,completed,15700000
9547,792,2023-01-29,pending,800000
9548,181,2025-08-13,completed,3000000
9549,541,2023-03-26,completed,3400000
9550,918,2023-06-17,completed,3000000
9551,328,2025-07-11,completed,7000000
9552,196,2024-02-17,pending,2000000
9553,728,2025-02-05,completed,23800000
9554,174,2023-04-24,pending,6000000
9555,709,2023-03-27,completed,3000000
9556,156,2024-11-27,completed,11000000
9557,805,2024-05-01,completed,1100000
9558,88,2023-04-05,cancelled,14000000
9559,1200,2023-01-11,completed,15400000
9560,899,2024-12-22,cancelled,500000
9561,263,2025-02-26,completed,8300000
9562,1020,2023-10-15,completed,4000000
9563,412,2025-11-16,shipping,5400000
9564,1017,2024-10-21,completed,21000000
9565,289,2025-02-18,completed,13000000
9566,76,2025-08-09,shipping,7500000
9567,188,2024-07-27,cancelled,800000
9568,521,2025-06-28,pending,500000
9569,23,2023-08-11,completed,3000000
9570,1119,2024-01-12,completed,3400000
9571,438,2024-07-29,completed,3800000
9572,128,2025-01-15,cancelled,3300000
9573,406,2023-07-30,completed,4600000
9574,786,2024-11-08,completed,1800000
9575,584,2025-05-20,completed,3000000
9576,389,2025-03-11,completed,9300000
9577,86,2023-08-06,completed,2500000
9578,216,2025-02-28,cancelled,4900000
9579,1104,2025-01-04,completed,12800000
9580,206,2023-01-09,completed,8000000
9581,153,2024-10-19,completed,6500000
9582,446,2025-02-12,returned,4000000
9583,614,2025-06-14,completed,3000000
9584,350,2025-12-30,cancelled,5000000
9585,250,2025-07-08,completed,1500000
9586,583,2023-04-01,completed,18500000
9587,779,2025-02-15,completed,1700000
9588,1161,2024-12-02,completed,6000000
9589,134,2025-08-06,pending,17000000
9590,373,2024-08-27,completed,5700000
9591,576,2024-12-07,completed,9000000
9592,655,2024-05-19,shipping,4200000
9593,431,2023-02-17,completed,2400000
9594,1094,2025-06-15,cancelled,500000
9595,243,2025-02-10,pending,17800000
9596,1106,2023-01-27,completed,4000000
9597,748,2024-04-10,completed,7200000
9598,1170,2025-03-01,completed,1600000
9599,205,2025-09-06,completed,11400000
9600,951,2025-02-22,completed,8100000
9601,619,2024-01-18,shipping,3000000
9602,328,2023-12-05,completed,11600000
9603,304,2024-07-01,completed,3000000
9604,1131,2023-11-27,completed,3000000
9605,797,2024-12-02,completed,18000000
9606,174,2023-06-21,cancelled,6000000
9607,439,2024-05-13,completed,7600000
9608,501,2023-11-02,completed,2400000
9609,748,2023-10-17,pending,1500000
9610,243,2023-11-13,completed,10000000
9611,1038,2024-10-02,cancelled,2500000
9612,1111,2024-06-02,completed,8000000
9613,129,2023-09-24,completed,800000
9614,945,2025-05-07,completed,1000000
9615,1079,2025-09-19,shipping,4500000
9616,609,2025-03-31,completed,5000000
9617,828,2025-01-26,completed,5500000
9618,110,2024-01-17,completed,3100000
9619,481,2023-12-20,cancelled,6800000
9620,495,2024-08-25,completed,12600000
9621,689,2025-04-05,cancelled,6200000
9622,83,2023-12-20,completed,1200000
9623,731,2024-02-14,completed,6000000
9624,165,2023-12-09,completed,4300000
9625,330,2024-02-29,pending,5800000
9626,259,2023-08-18,completed,13500000
9627,154,2024-10-15,completed,2100000
9628,277,2025-09-18,completed,6600000
9629,371,2025-01-13,completed,7000000
9630,1039,2024-01-10,completed,6500000
9631,801,2023-12-04,pending,9200000
9632,31,2024-07-02,completed,14000000
9633,326,2025-01-26,completed,6000000
9634,124,2025-08-02,completed,3300000
9635,835,2024-01-03,completed,5000000
9636,592,2025-11-13,completed,12000000
9637,276,2023-08-23,completed,500000
9638,1080,2025-05-03,cancelled,300000
9639,1087,2025-03-16,cancelled,1800000
9640,600,2023-07-02,completed,9200000
9641,272,2023-10-22,completed,1500000
9642,63,2025-08-17,cancelled,4500000
9643,734,2025-08-21,cancelled,15500000
9644,79,2024-10-22,completed,500000
9645,1037,2025-12-29,returned,3500000
9646,109,2025-09-20,completed,10000000
9647,1059,2024-11-26,completed,4000000
9648,79,2023-04-02,completed,800000
9649,456,2024-12-01,returned,4000000
9650,1044,2023-10-19,cancelled,18300000
9651,91,2025-02-28,completed,5500000
9652,429,2023-04-24,returned,1500000
9653,867,2025-05-23,shipping,10500000
9654,164,2025-03-28,shipping,18000000
9655,135,2025-01-11,shipping,15500000
9656,200,2025-05-15,completed,3500000
9657,611,2025-10-11,completed,3000000
9658,935,2025-03-06,completed,1500000
9659,96,2023-06-24,completed,8500000
9660,173,2024-05-30,completed,21500000
9661,561,2023-06-25,completed,3000000
9662,332,2025-05-21,completed,5200000
9663,396,2025-09-24,cancelled,2300000
9664,291,2024-10-17,completed,21500000
9665,217,2024-01-31,completed,2000000
9666,1001,2023-12-22,cancelled,7900000
9667,661,2025-08-23,shipping,4000000
9668,156,2023-02-20,completed,4000000
9669,204,2023-09-14,completed,1800000
9670,798,2024-06-15,completed,1500000
9671,367,2025-03-04,pending,2000000
9672,623,2025-02-05,completed,7800000
9673,436,2023-02-15,completed,1500000
9674,867,2024-04-16,completed,800000
9675,1051,2024-01-05,cancelled,9000000
9676,117,2025-02-07,cancelled,6800000
9677,1034,2025-11-18,completed,10900000
9678,194,2024-10-04,completed,6000000
9679,1067,2024-12-01,completed,4800000
9680,1049,2024-12-31,completed,3000000
9681,88,2025-01-31,pending,19600000
9682,1060,2024-05-25,completed,10000000
9683,812,2025-10-29,completed,4000000
9684,401,2025-01-11,completed,11400000
9685,619,2023-12-13,completed,11000000
9686,461,2025-05-30,shipping,11900000
9687,429,2024-09-23,cancelled,2000000
9688,782,2024-11-10,completed,4000000
9689,641,2025-04-25,completed,8600000
9690,970,2023-06-24,cancelled,2300000
9691,409,2024-08-30,completed,23000000
9692,842,2025-09-11,completed,3200000
9693,629,2024-01-30,completed,10500000
9694,867,2025-05-11,completed,800000
9695,1151,2025-05-03,shipping,5500000
9696,1087,2023-04-21,completed,1300000
9697,942,2023-08-11,returned,4500000
9698,679,2025-11-29,completed,4800000
9699,253,2024-04-28,completed,9300000
9700,201,2023-12-14,cancelled,800000
9701,994,2025-09-17,pending,3000000
9702,609,2025-06-10,completed,2500000
9703,974,2023-04-12,completed,2000000
9704,90,2025-09-24,pending,5000000
9705,815,2025-12-20,completed,3700000
9706,1042,2023-02-10,returned,3000000
9707,834,2024-09-26,shipping,2000000
9708,819,2024-02-14,shipping,6000000
9709,730,2024-12-16,cancelled,2900000
9710,448,2023-04-16,completed,17500000
9711,26,2024-01-31,completed,16000000
9712,106,2023-11-26,completed,5000000
9713,496,2024-12-25,completed,7100000
9714,68,2023-04-02,shipping,6300000
9715,743,2023-10-18,pending,500000
9716,773,2024-01-13,pending,18100000
9717,1151,2023-11-16,cancelled,1200000
9718,365,2025-07-27,returned,4500000
9719,784,2025-02-26,pending,5000000
9720,837,2024-11-21,completed,10000000
9721,159,2023-10-13,cancelled,800000
9722,190,2023-10-26,pending,6200000
9723,880,2024-07-09,completed,16000000
9724,548,2025-01-11,completed,9300000
9725,916,2025-08-29,shipping,7700000
9726,161,2023-01-31,shipping,1500000
9727,455,2024-01-12,shipping,22400000
9728,935,2023-11-09,completed,8000000
9729,274,2025-01-31,completed,10100000
9730,398,2024-11-16,completed,10000000
9731,249,2023-11-19,cancelled,4500000
9732,91,2023-01-20,shipping,6000000
9733,1157,2025-11-09,cancelled,13000000
9734,159,2023-12-19,completed,3800000
9735,739,2025-02-19,cancelled,3500000
9736,290,2024-07-24,completed,3600000
9737,852,2025-12-30,completed,5000000
9738,155,2024-04-30,cancelled,2000000
9739,998,2025-12-01,completed,9000000
9740,795,2025-03-15,completed,800000
9741,169,2025-12-02,completed,4500000
9742,634,2024-03-09,completed,2800000
9743,4,2025-02-18,completed,7000000
9744,757,2024-06-20,completed,3000000
9745,19,2025-10-06,cancelled,5000000
9746,246,2024-02-02,completed,9000000
9747,813,2023-11-16,completed,7000000
9748,1029,2025-04-20,completed,1500000
9749,331,2023-04-16,returned,4200000
9750,662,2023-12-16,completed,7800000
9751,208,2024-10-21,returned,7000000
9752,888,2024-12-30,completed,1000000
9753,300,2025-10-26,pending,1600000
9754,208,2023-03-07,completed,11800000
9755,198,2024-02-29,cancelled,34200000
9756,690,2025-11-03,completed,4200000
9757,294,2024-08-25,completed,5500000
9758,1002,2024-09-15,completed,9000000
9759,1005,2025-02-06,completed,8000000
9760,1190,2023-11-28,completed,500000
9761,925,2024-10-20,completed,3000000
9762,870,2023-02-12,completed,2000000
9763,1070,2025-01-24,completed,5000000
9764,613,2023-12-03,completed,3000000
9765,594,2025-01-07,completed,4600000
9766,821,2023-05-25,completed,3400000
9767,658,2025-08-25,completed,6500000
9768,700,2023-02-22,completed,13000000
9769,284,2025-12-11,completed,9000000
9770,450,2024-05-02,completed,6500000
9771,666,2024-10-08,returned,1600000
9772,7,2023-08-24,pending,2500000
9773,667,2025-12-05,completed,6000000
9774,816,2023-03-16,completed,4000000
9775,1152,2024-05-05,completed,800000
9776,487,2025-01-16,cancelled,4000000
9777,242,2025-10-18,pending,14000000
9778,107,2024-08-23,returned,20100000
9779,503,2024-01-05,shipping,10000000
9780,347,2023-07-30,pending,8100000
9781,193,2024-11-07,pending,5200000
9782,97,2023-03-01,completed,15000000
9783,584,2023-10-24,completed,2000000
9784,557,2025-08-30,completed,6000000
9785,65,2025-08-05,completed,1200000
9786,344,2025-08-06,completed,3000000
9787,601,2025-09-04,returned,6200000
9788,170,2025-10-29,completed,1500000
9789,214,2024-07-07,completed,13400000
9790,281,2023-07-03,completed,5000000
9791,156,2025-07-18,shipping,3100000
9792,1181,2023-07-16,completed,12000000
9793,87,2025-08-21,completed,7500000
9794,90,2024-10-06,completed,11000000
9795,588,2024-04-05,completed,1600000
9796,898,2024-07-28,completed,1300000
9797,443,2025-07-01,returned,7200000
9798,1075,2024-07-11,pending,8800000
9799,792,2024-05-13,completed,3100000
9800,801,2024-12-30,completed,2400000
9801,1164,2023-12-15,completed,7000000
9802,1130,2025-12-17,shipping,15000000
9803,104,2025-10-01,cancelled,11000000
9804,997,2025-12-24,completed,7200000
9805,647,2024-07-30,cancelled,9100000
9806,183,2024-11-21,completed,6100000
9807,1189,2024-11-15,completed,4500000
9808,435,2024-07-14,completed,6500000
9809,837,2025-10-18,completed,3000000
9810,325,2025-04-07,completed,800000
9811,198,2025-04-25,cancelled,1500000
9812,457,2023-10-31,returned,5000000
9813,140,2025-12-06,shipping,10400000
9814,101,2024-06-07,cancelled,22600000
9815,451,2024-06-12,completed,7500000
9816,906,2024-06-01,completed,7200000
9817,454,2025-09-15,pending,6000000
9818,570,2024-08-08,completed,3500000
9819,193,2025-02-04,completed,6500000
9820,79,2023-03-25,completed,3000000
9821,489,2025-07-02,completed,1500000
9822,412,2025-01-29,returned,23000000
9823,377,2023-06-26,shipping,10000000
9824,675,2024-05-25,completed,3500000
9825,835,2024-07-17,shipping,1500000
9826,339,2025-07-14,completed,3000000
9827,274,2025-02-15,pending,7000000
9828,241,2023-09-11,pending,4700000
9829,143,2023-04-01,completed,8600000
9830,705,2025-04-21,completed,9000000
9831,74,2023-06-03,completed,59600000
9832,1102,2024-12-30,completed,2500000
9833,1072,2023-11-05,pending,7000000
9834,57,2023-11-02,shipping,4500000
9835,770,2024-03-28,completed,3000000
9836,1076,2023-02-23,shipping,15000000
9837,893,2024-08-08,completed,10300000
9838,617,2025-06-01,completed,8000000
9839,516,2025-08-19,pending,16900000
9840,937,2025-10-27,completed,8000000
9841,675,2025-11-07,completed,4900000
9842,527,2024-01-20,completed,1000000
9843,420,2025-04-18,completed,1000000
9844,598,2025-06-18,completed,16500000
9845,428,2025-10-25,shipping,6000000
9846,942,2024-06-28,completed,1100000
9847,138,2025-10-07,cancelled,8000000
9848,100,2023-02-23,completed,7000000
9849,754,2024-06-27,completed,800000
9850,1152,2023-06-17,completed,500000
9851,896,2023-09-20,completed,1000000
9852,521,2023-08-06,completed,3800000
9853,1147,2023-02-08,completed,6800000
9854,1045,2025-06-17,completed,6000000
9855,306,2023-06-28,completed,4500000
9856,942,2025-02-11,cancelled,6000000
9857,542,2025-11-10,pending,6000000
9858,338,2024-12-25,completed,15000000
9859,436,2025-12-01,completed,5600000
9860,1,2025-04-04,cancelled,16200000
9861,1038,2024-10-30,completed,13000000
9862,564,2023-10-05,completed,6500000
9863,436,2025-12-27,shipping,17000000
9864,513,2024-11-15,completed,1200000
9865,1045,2025-12-16,pending,5000000
9866,1017,2023-01-04,shipping,1200000
9867,80,2024-09-02,completed,10000000
9868,755,2023-10-29,cancelled,23800000
9869,1152,2024-10-21,pending,8000000
9870,916,2025-04-21,completed,1000000
9871,587,2025-12-25,completed,10600000
9872,721,2023-11-05,completed,2000000
9873,452,2025-03-01,completed,4000000
9874,98,2023-05-30,pending,5500000
9875,766,2024-01-14,shipping,2500000
9876,14,2024-12-07,pending,800000
9877,619,2025-03-31,completed,6000000
9878,1167,2023-11-26,completed,1600000
9879,444,2025-01-09,completed,8000000
9880,78,2024-03-25,returned,3000000
9881,897,2023-03-06,returned,3800000
9882,423,2025-05-18,completed,1000000
9883,508,2023-06-25,cancelled,1200000
9884,935,2024-02-20,pending,800000
9885,411,2025-01-03,completed,4500000
9886,668,2025-06-04,shipping,4300000
9887,627,2023-10-28,pending,1000000
9888,1115,2025-03-11,completed,6000000
9889,1089,2023-12-04,completed,7500000
9890,740,2023-06-26,completed,500000
9891,406,2025-05-19,shipping,20000000
9892,1039,2025-12-07,completed,500000
9893,321,2024-04-26,completed,1000000
9894,859,2024-02-03,completed,7000000
9895,1104,2025-10-06,completed,1500000
9896,318,2025-07-05,completed,4000000
9897,859,2024-01-16,completed,15500000
9898,915,2023-03-17,pending,19200000
9899,94,2023-08-23,completed,19000000
9900,422,2023-06-01,cancelled,2000000
9901,439,2023-05-09,shipping,10600000
9902,226,2023-03-24,completed,3000000
9903,503,2024-10-07,cancelled,4600000
9904,222,2025-12-29,pending,22500000
9905,222,2023-11-14,completed,5000000
9906,189,2024-11-23,cancelled,4400000
9907,14,2023-08-18,shipping,15000000
9908,161,2023-12-04,completed,7000000
9909,419,2025-09-17,completed,3800000
9910,204,2024-04-11,cancelled,2400000
9911,51,2025-10-27,completed,1300000
9912,656,2024-03-04,completed,6000000
9913,928,2024-03-12,completed,27500000
9914,753,2024-05-31,completed,3500000
9915,1167,2025-01-05,completed,2400000
9916,887,2025-08-06,completed,2000000
9917,298,2025-03-19,shipping,3500000
9918,415,2023-05-20,completed,800000
9919,159,2024-04-21,shipping,5800000
9920,1027,2023-10-07,pending,6700000
9921,29,2024-07-04,pending,2000000
9922,222,2023-02-08,completed,7200000
9923,166,2024-09-28,completed,1500000
9924,488,2024-01-31,pending,7000000
9925,236,2023-05-08,shipping,23600000
9926,20,2025-12-31,completed,7600000
9927,1128,2023-07-29,pending,18000000
9928,282,2025-01-10,completed,1600000
9929,529,2025-07-27,completed,2800000
9930,1148,2024-05-30,completed,6600000
9931,744,2024-06-08,completed,7600000
9932,917,2024-02-07,shipping,7500000
9933,741,2023-01-26,completed,1500000
9934,954,2023-01-26,pending,2400000
9935,1144,2024-04-22,shipping,3000000
9936,350,2024-11-26,completed,7000000
9937,1125,2023-02-10,shipping,5300000
9938,706,2025-02-10,completed,2000000
9939,837,2025-11-01,completed,6000000
9940,289,2025-11-10,completed,9000000
9941,767,2023-06-25,completed,4000000
9942,1070,2023-10-22,completed,6500000
9943,1087,2025-08-04,returned,1200000
9944,902,2023-12-05,completed,11000000
9945,892,2023-08-19,completed,3700000
9946,881,2025-12-26,completed,7500000
9947,64,2023-03-07,shipping,9500000
9948,676,2025-09-08,pending,5300000
9949,581,2023-09-02,completed,300000
9950,399,2023-11-28,cancelled,7000000
9951,1055,2024-04-20,completed,5300000
9952,372,2024-11-29,completed,3500000
9953,1193,2024-08-02,cancelled,11100000
9954,506,2025-08-12,cancelled,1500000
9955,1158,2023-09-14,completed,23200000
9956,878,2023-08-01,cancelled,2800000
9957,585,2023-04-25,completed,7500000
9958,510,2025-03-19,completed,5000000
9959,187,2025-04-29,completed,4000000
9960,321,2025-10-10,shipping,18100000
9961,987,2024-04-15,completed,4500000
9962,625,2024-02-29,completed,2600000
9963,686,2024-11-13,completed,1900000
9964,748,2025-03-28,shipping,5000000
9965,658,2025-10-21,shipping,12400000
9966,521,2024-02-11,completed,20800000
9967,1112,2023-09-29,shipping,29500000
9968,141,2023-02-16,cancelled,2300000
9969,982,2025-11-01,cancelled,15900000
9970,656,2023-06-19,shipping,13000000
9971,779,2023-07-01,completed,12000000
9972,233,2023-05-24,pending,3000000
9973,895,2023-11-24,completed,4800000
9974,711,2025-08-24,completed,3000000
9975,1037,2024-05-05,cancelled,8500000
9976,242,2023-03-08,completed,3200000
9977,188,2025-01-15,pending,8200000
9978,97,2024-07-12,shipping,6500000
9979,365,2023-01-01,completed,12000000
9980,1032,2024-01-10,completed,3000000
9981,716,2025-01-21,shipping,7000000
9982,1198,2025-01-28,completed,3000000
9983,713,2023-07-12,cancelled,1200000
9984,81,2025-10-04,completed,13000000
9985,549,2025-11-09,cancelled,14400000
9986,975,2025-10-05,returned,6000000
9987,825,2023-02-08,completed,6000000
9988,1160,2023-04-08,cancelled,9000000
9989,8,2024-08-16,completed,3000000
9990,707,2025-04-05,completed,1500000
9991,932,2024-03-05,completed,6800000
9992,826,2023-11-19,returned,1500000
9993,630,2023-04-22,shipping,3100000
9994,861,2023-07-18,completed,12900000
9995,634,2024-03-18,completed,2000000
9996,1176,2023-02-28,completed,7000000
9997,628,2023-11-30,completed,8500000
9998,226,2024-01-24,completed,28600000
9999,1026,2024-04-05,completed,9800000
10000,1185,2023-11-28,completed,1200000
10001,184,2025-11-08,completed,800000
10002,336,2025-12-16,completed,25000000
10003,893,2025-12-09,pending,5000000
10004,1085,2024-08-21,completed,2300000
10005,429,2025-03-17,completed,16400000
10006,14,2024-03-14,completed,6600000
10007,362,2023-12-09,completed,2300000
10008,749,2024-07-01,completed,1000000
10009,784,2023-12-19,completed,1000000
10010,541,2023-06-18,completed,2000000
10011,324,2023-07-24,cancelled,6000000
10012,834,2023-08-16,completed,900000
10013,1054,2023-12-13,completed,9000000
10014,154,2023-12-26,completed,3600000
10015,1098,2025-12-10,cancelled,16400000
10016,1004,2023-02-22,completed,2000000
10017,604,2025-01-08,completed,13600000
10018,398,2024-01-17,cancelled,6600000
10019,496,2024-01-05,cancelled,11000000
10020,804,2023-06-01,completed,7000000
10021,721,2023-08-15,completed,3100000
10022,468,2024-01-22,completed,9500000
10023,941,2025-01-30,completed,6500000
10024,876,2025-10-10,completed,5000000
10025,1147,2024-06-19,completed,19000000
10026,904,2023-11-02,completed,2000000
10027,1,2024-09-14,cancelled,31100000
10028,1196,2023-06-29,completed,21600000
10029,1135,2023-09-08,completed,9000000
10030,632,2023-11-24,completed,4600000
10031,251,2023-11-13,completed,6300000
10032,291,2024-09-11,completed,6000000
10033,804,2025-05-05,returned,36000000
10034,954,2024-08-10,completed,1500000
10035,458,2023-07-04,cancelled,3000000
10036,920,2025-12-11,completed,2500000
10037,778,2024-03-01,cancelled,7500000
10038,715,2024-03-30,completed,8600000
10039,1130,2024-03-22,cancelled,3200000
10040,831,2025-09-23,completed,1000000
10041,215,2024-07-20,cancelled,8000000
10042,666,2023-11-07,shipping,2900000
10043,323,2023-07-07,completed,5000000
10044,1163,2024-12-16,completed,7000000
10045,362,2023-02-22,completed,2000000
10046,57,2025-08-09,completed,15000000
10047,1137,2025-08-25,cancelled,13000000
10048,7,2024-12-30,completed,2000000
10049,215,2024-07-28,shipping,3500000
10050,959,2023-10-04,completed,500000
10051,626,2025-10-02,completed,4700000
10052,10,2024-08-09,completed,7700000
10053,881,2025-10-10,completed,17500000
10054,322,2025-07-19,shipping,12500000
10055,265,2024-10-17,completed,25000000
10056,423,2023-03-30,completed,21000000
10057,212,2025-08-08,shipping,7000000
10058,141,2024-08-15,completed,8500000
10059,233,2025-05-04,returned,5000000
10060,966,2023-05-09,shipping,1500000
10061,905,2023-01-19,completed,11900000
10062,485,2025-09-22,completed,8000000
10063,311,2025-10-28,pending,6900000
10064,937,2024-08-02,completed,26600000
10065,1123,2024-01-05,completed,8800000
10066,169,2023-12-25,cancelled,5000000
10067,231,2025-09-19,completed,6800000
10068,412,2024-05-24,shipping,16000000
10069,1024,2025-05-06,cancelled,2000000
10070,1063,2025-07-29,pending,3000000
10071,1004,2024-10-31,completed,2200000
10072,620,2025-12-02,completed,7000000
10073,416,2023-07-25,completed,6000000
10074,1168,2025-09-11,completed,16800000
10075,354,2025-08-16,shipping,1500000
10076,974,2024-02-06,completed,2500000
10077,1135,2025-01-21,shipping,13000000
10078,1096,2023-10-09,shipping,1000000
10079,1126,2025-04-11,cancelled,1500000
10080,131,2023-02-12,pending,9000000
10081,716,2025-07-27,completed,1500000
10082,421,2024-12-11,shipping,800000
10083,871,2023-07-10,completed,1000000
10084,940,2023-07-18,completed,6000000
10085,72,2024-03-28,pending,6800000
10086,713,2023-10-22,cancelled,5600000
10087,275,2025-01-07,completed,14000000
10088,1192,2024-04-27,completed,2800000
10089,450,2023-12-05,completed,8500000
10090,933,2023-01-11,returned,4400000
10091,1088,2025-01-02,completed,10000000
10092,528,2023-05-22,completed,3000000
10093,203,2023-09-06,completed,5000000
10094,988,2023-11-22,completed,15800000
10095,1093,2023-06-10,shipping,5000000
10096,405,2025-08-05,completed,5000000
10097,703,2025-02-03,cancelled,2300000
10098,1197,2025-06-25,completed,6200000
10099,697,2023-02-15,shipping,10000000
10100,518,2023-09-01,cancelled,1000000
10101,302,2023-09-16,returned,3000000
10102,297,2024-11-14,completed,3600000
10103,813,2024-12-06,completed,5500000
10104,628,2024-01-13,completed,3000000
10105,1160,2024-12-26,cancelled,2500000
10106,812,2025-08-21,completed,10000000
10107,780,2025-02-10,completed,800000
10108,538,2024-01-30,cancelled,13900000
10109,855,2024-09-14,completed,2000000
10110,275,2023-04-22,cancelled,3000000
10111,1053,2024-03-01,pending,500000
10112,588,2025-12-02,completed,10400000
10113,178,2025-02-01,completed,12300000
10114,167,2025-01-12,completed,5000000
10115,120,2024-01-30,completed,9000000
10116,189,2025-12-25,completed,20400000
10117,1180,2024-11-27,completed,2400000
10118,394,2024-01-05,pending,1500000
10119,227,2024-02-20,cancelled,10000000
10120,224,2024-09-19,completed,5000000
10121,51,2024-02-22,shipping,18000000
10122,544,2024-09-06,pending,2000000
10123,1036,2024-12-30,cancelled,6000000
10124,52,2023-02-23,completed,7000000
10125,609,2024-09-28,completed,2000000
10126,491,2023-02-08,completed,15800000
10127,133,2024-01-11,completed,7000000
10128,301,2023-10-14,completed,9100000
10129,665,2024-01-11,completed,900000
10130,898,2024-04-16,completed,2100000
10131,163,2025-11-07,completed,4000000
10132,900,2023-01-18,completed,14700000
10133,176,2023-09-13,shipping,1000000
10134,414,2023-01-29,completed,800000
10135,720,2025-12-09,pending,3500000
10136,176,2023-11-10,completed,4500000
10137,483,2025-11-22,completed,3100000
10138,198,2025-08-09,completed,2800000
10139,607,2025-10-11,completed,10000000
10140,299,2024-10-25,completed,4000000
10141,65,2024-08-09,cancelled,10300000
10142,426,2024-02-29,shipping,6000000
10143,119,2023-01-19,completed,8400000
10144,1060,2025-12-20,completed,8800000
10145,1048,2025-11-28,completed,3000000
10146,736,2025-12-23,completed,9000000
10147,256,2024-10-30,completed,2500000
10148,834,2024-12-08,cancelled,2000000
10149,703,2025-08-08,cancelled,1600000
10150,109,2024-07-03,completed,2300000
10151,47,2023-12-26,shipping,10000000
10152,628,2024-05-15,completed,10000000
10153,948,2024-03-01,cancelled,6000000
10154,245,2025-10-20,cancelled,5000000
10155,86,2023-01-16,completed,500000
10156,534,2025-08-26,completed,3000000
10157,1016,2024-11-10,completed,5300000
10158,967,2024-11-15,completed,12400000
10159,571,2023-01-18,completed,11000000
10160,295,2025-05-01,cancelled,15600000
10161,347,2023-03-01,pending,4400000
10162,1102,2023-03-01,completed,5000000
10163,619,2023-01-27,cancelled,9000000
10164,18,2024-01-09,completed,1500000
10165,90,2024-10-21,completed,15000000
10166,135,2023-01-15,completed,3800000
10167,97,2023-09-23,completed,3600000
10168,260,2025-03-25,cancelled,8000000
10169,1041,2025-01-17,returned,2100000
10170,390,2024-10-11,completed,2400000
10171,187,2024-07-25,completed,4800000
10172,466,2023-08-30,completed,1600000
10173,501,2023-11-17,completed,2500000
10174,646,2023-07-30,completed,4000000
10175,827,2025-09-23,completed,11000000
10176,57,2023-06-04,shipping,14500000
10177,770,2024-06-29,completed,6200000
10178,681,2024-01-17,completed,1200000
10179,3,2023-12-03,pending,6800000
10180,868,2025-11-12,pending,6000000
10181,957,2024-01-07,cancelled,1600000
10182,1035,2023-11-15,completed,4500000
10183,973,2023-12-30,completed,7800000
10184,889,2023-03-18,cancelled,10500000
10185,620,2023-01-12,cancelled,10000000
10186,795,2025-01-09,completed,11000000
10187,1111,2023-11-06,completed,17000000
10188,191,2024-08-01,pending,3000000
10189,310,2025-12-21,completed,2000000
10190,301,2024-07-20,completed,12500000
10191,718,2024-12-08,completed,7600000
10192,210,2023-05-10,completed,4000000
10193,97,2025-11-23,completed,1000000
10194,386,2024-08-21,completed,1500000
10195,518,2025-03-28,completed,11000000
10196,1174,2023-07-08,completed,1000000
10197,1176,2023-09-25,completed,6000000
10198,1159,2023-02-19,cancelled,4600000
10199,45,2025-01-18,completed,4000000
10200,124,2024-04-15,shipping,5500000
10201,928,2023-07-15,completed,5000000
10202,1107,2023-01-05,cancelled,3600000
10203,669,2025-08-25,pending,7500000
10204,862,2023-01-28,shipping,18500000
10205,229,2024-01-20,completed,6800000
10206,783,2024-06-06,completed,3800000
10207,194,2024-12-16,pending,10500000
10208,15,2024-11-23,completed,13200000
10209,941,2025-07-24,completed,5000000
10210,633,2023-10-29,cancelled,6800000
10211,961,2025-05-28,pending,12000000
10212,338,2025-11-23,cancelled,1600000
10213,344,2023-11-16,returned,18000000
10214,97,2024-02-07,completed,6800000
10215,830,2025-09-20,shipping,500000
10216,134,2024-10-15,completed,9000000
10217,169,2023-03-01,completed,7500000
10218,374,2025-05-12,completed,3000000
10219,923,2024-06-17,completed,2300000
10220,505,2023-02-09,pending,3800000
10221,68,2025-02-23,pending,500000
10222,831,2024-08-02,completed,5000000
10223,500,2024-12-21,completed,4500000
10224,769,2024-07-23,completed,5000000
10225,1109,2023-12-05,shipping,1500000
10226,438,2024-11-23,pending,6000000
10227,561,2023-06-07,completed,7000000
10228,86,2025-02-23,completed,5000000
10229,804,2025-11-14,completed,12300000
10230,1122,2023-09-06,shipping,4200000
10231,533,2025-01-24,completed,7600000
10232,1094,2024-04-12,cancelled,6800000
10233,694,2023-02-16,completed,4000000
10234,272,2025-10-27,completed,11500000
10235,1038,2023-02-10,shipping,1000000
10236,932,2025-10-17,completed,11100000
10237,203,2024-01-08,completed,3500000
10238,544,2023-07-23,pending,800000
10239,811,2024-10-01,completed,500000
10240,586,2024-06-16,completed,11600000
10241,747,2023-11-11,completed,7000000
10242,903,2025-12-11,completed,12000000
10243,740,2025-09-21,completed,5000000
10244,420,2023-07-11,shipping,4400000
10245,1132,2025-12-04,completed,1500000
10246,66,2025-11-22,shipping,11500000
10247,1008,2023-09-04,pending,11800000
10248,341,2024-03-16,completed,9500000
10249,863,2023-12-09,completed,7200000
10250,1138,2023-06-13,cancelled,13000000
10251,346,2024-09-15,completed,4500000
10252,348,2025-07-05,shipping,800000
10253,37,2025-01-13,cancelled,2400000
10254,654,2023-03-08,completed,4500000
10255,643,2023-12-25,completed,7000000
10256,941,2024-12-19,completed,500000
10257,392,2023-05-16,shipping,29500000
10258,574,2024-01-31,completed,18700000
10259,311,2024-03-02,completed,1000000
10260,442,2023-04-04,completed,300000
10261,938,2025-08-11,completed,9000000
10262,423,2023-01-16,shipping,800000
10263,10,2025-08-25,completed,3100000
10264,738,2025-09-03,returned,9500000
10265,969,2023-10-17,completed,5800000
10266,150,2024-01-07,completed,800000
10267,122,2024-02-17,completed,500000
10268,752,2024-07-31,completed,2000000
10269,920,2025-11-02,shipping,3900000
10270,104,2025-06-11,pending,4000000
10271,390,2024-08-27,completed,1000000
10272,953,2024-11-23,completed,6500000
10273,1113,2023-06-21,completed,800000
10274,860,2025-04-17,shipping,2000000
10275,291,2024-05-18,pending,1500000
10276,1089,2023-02-11,cancelled,11200000
10277,193,2025-09-13,shipping,5600000
10278,934,2025-01-23,pending,3800000
10279,984,2025-06-22,cancelled,2600000
10280,1034,2023-09-23,completed,12000000
10281,975,2023-11-28,completed,2000000
10282,958,2025-04-18,completed,8400000
10283,705,2025-11-05,completed,1500000
10284,254,2025-07-01,completed,1500000
10285,697,2025-12-23,completed,7700000
10286,227,2024-02-16,completed,6000000
10287,946,2024-04-20,completed,9000000
10288,97,2023-02-20,shipping,7400000
10289,692,2024-07-18,pending,2400000
10290,1190,2024-12-28,completed,15000000
10291,357,2024-12-04,cancelled,5000000
10292,664,2023-07-31,completed,10000000
10293,285,2023-01-22,completed,19000000
10294,681,2024-10-30,completed,2000000
10295,615,2024-04-11,completed,24000000
10296,711,2025-03-20,completed,20000000
10297,176,2024-01-26,completed,8200000
10298,166,2025-05-12,shipping,9000000
10299,1015,2024-03-22,pending,2000000
10300,1051,2023-07-05,completed,5700000
10301,1153,2023-09-29,completed,13000000
10302,9,2024-11-07,completed,11000000
10303,521,2025-01-02,pending,10000000
10304,190,2023-01-31,pending,1300000
10305,1089,2025-04-26,completed,2600000
10306,1178,2024-11-25,cancelled,7000000
10307,848,2025-09-13,completed,13000000
10308,937,2024-03-04,pending,3000000
10309,682,2023-09-24,cancelled,1000000
10310,186,2024-01-06,completed,5000000
10311,593,2024-01-23,completed,3000000
10312,894,2025-12-07,completed,10000000
10313,943,2025-06-22,completed,4500000
10314,507,2023-01-06,completed,800000
10315,463,2025-11-13,completed,9000000
10316,24,2024-08-03,returned,7000000
10317,355,2025-04-22,completed,9000000
10318,90,2025-10-15,completed,5500000
10319,304,2023-06-02,cancelled,7000000
10320,23,2024-02-02,completed,9000000
10321,693,2024-05-30,cancelled,3600000
10322,537,2024-06-26,completed,3000000
10323,976,2023-09-27,completed,1500000
10324,747,2023-07-14,cancelled,10000000
10325,474,2023-12-16,completed,3000000
10326,524,2024-08-30,completed,11500000
10327,905,2024-09-24,completed,3200000
10328,718,2023-12-14,completed,15800000
10329,515,2025-08-25,completed,11000000
10330,786,2025-09-10,pending,4800000
10331,989,2025-05-05,cancelled,22000000
10332,1191,2024-06-29,completed,35400000
10333,249,2023-08-10,completed,13000000
10334,85,2023-05-23,completed,3600000
10335,471,2024-05-02,shipping,11200000
10336,76,2025-10-14,completed,2800000
10337,607,2024-02-26,shipping,24100000
10338,370,2024-01-27,completed,12800000
10339,262,2025-09-23,pending,20000000
10340,194,2023-06-29,completed,5800000
10341,841,2023-11-08,completed,11500000
10342,812,2025-05-01,completed,2000000
10343,1196,2023-12-07,completed,3000000
10344,506,2025-01-22,completed,2300000
10345,243,2023-07-15,completed,11000000
10346,418,2025-05-19,completed,8000000
10347,97,2025-06-29,completed,4700000
10348,485,2025-01-18,cancelled,1200000
10349,513,2024-04-30,pending,1000000
10350,1139,2024-03-11,completed,2000000
10351,1111,2024-12-18,shipping,12000000
10352,363,2023-06-30,completed,2000000
10353,726,2023-02-10,completed,9000000
10354,1141,2023-09-06,cancelled,14000000
10355,317,2025-03-17,pending,1000000
10356,825,2025-02-17,completed,5500000
10357,1114,2024-05-12,completed,15000000
10358,497,2025-04-01,cancelled,34500000
10359,1042,2024-11-18,completed,10800000
10360,177,2024-03-21,returned,11800000
10361,335,2025-08-18,completed,13500000
10362,583,2024-09-29,completed,2600000
10363,334,2023-12-07,cancelled,1000000
10364,416,2023-09-27,completed,6800000
10365,1143,2024-07-15,returned,13600000
10366,164,2025-05-22,completed,500000
10367,277,2025-09-04,completed,10500000
10368,892,2023-10-06,completed,1200000
10369,40,2025-06-22,completed,12400000
10370,46,2025-07-13,pending,2000000
10371,424,2025-12-29,completed,13600000
10372,628,2023-05-02,completed,5000000
10373,170,2024-02-11,completed,3000000
10374,982,2023-08-04,cancelled,27400000
10375,807,2024-02-01,completed,5600000
10376,630,2025-10-04,cancelled,6500000
10377,906,2023-01-12,completed,4200000
10378,927,2023-05-27,completed,800000
10379,1188,2025-10-26,completed,10500000
10380,222,2023-03-31,completed,20000000
10381,101,2024-09-15,completed,7500000
10382,314,2024-01-10,completed,6000000
10383,888,2024-01-31,completed,3000000
10384,796,2025-01-11,completed,3000000
10385,1163,2023-09-29,completed,2500000
10386,801,2023-01-24,cancelled,7000000
10387,1159,2023-04-26,completed,9000000
10388,35,2025-11-05,pending,10000000
10389,552,2025-06-01,completed,7000000
10390,325,2023-03-14,completed,11000000
10391,250,2024-03-28,completed,1500000
10392,123,2024-10-06,completed,5000000
10393,136,2024-09-03,completed,6000000
10394,778,2025-04-11,completed,500000
10395,865,2025-04-10,shipping,6700000
10396,206,2023-12-27,completed,3100000
10397,100,2023-12-13,completed,5000000
10398,797,2024-06-14,completed,1500000
10399,265,2025-12-08,completed,3200000
10400,221,2024-06-08,completed,11000000
10401,1077,2023-08-06,completed,22500000
10402,371,2025-03-21,completed,3800000
10403,846,2023-09-11,shipping,3000000
10404,68,2025-08-06,shipping,7500000
10405,910,2023-04-06,pending,34300000
10406,768,2025-04-16,shipping,1400000
10407,727,2024-10-19,completed,7100000
10408,1117,2024-09-24,cancelled,13000000
10409,332,2023-10-02,returned,6800000
10410,116,2023-12-11,completed,2300000
10411,594,2025-02-10,completed,5000000
10412,678,2024-11-15,cancelled,1500000
10413,657,2025-12-27,cancelled,8000000
10414,1194,2025-08-19,completed,11500000
10415,533,2025-08-19,pending,10800000
10416,353,2025-12-20,completed,13000000
10417,250,2023-12-27,shipping,2300000
10418,1171,2025-10-11,completed,5100000
10419,765,2024-12-03,completed,3200000
10420,377,2025-08-24,completed,10800000
10421,1102,2025-06-18,shipping,4000000
10422,723,2024-01-17,cancelled,5400000
10423,399,2024-04-07,completed,1000000
10424,144,2024-04-30,completed,26600000
10425,545,2024-10-15,completed,5300000
10426,598,2025-11-18,completed,18800000
10427,466,2023-06-02,completed,2400000
10428,1000,2023-01-03,completed,5000000
10429,477,2025-04-06,completed,800000
10430,647,2024-06-12,completed,2500000
10431,5,2025-08-09,completed,9000000
10432,26,2023-07-16,returned,12700000
10433,1089,2025-05-28,completed,900000
10434,639,2023-12-20,cancelled,20000000
10435,457,2024-07-06,completed,6800000
10436,1033,2025-09-19,completed,1000000
10437,999,2024-10-21,returned,2400000
10438,1150,2024-01-01,pending,3000000
10439,742,2023-01-26,shipping,3200000
10440,151,2023-10-28,completed,7200000
10441,661,2024-04-26,completed,1600000
10442,757,2023-07-29,returned,1600000
10443,869,2023-07-25,completed,1000000
10444,1123,2025-11-28,completed,2400000
10445,153,2023-04-14,completed,10500000
10446,39,2024-02-11,shipping,6000000
10447,1094,2024-04-07,completed,1000000
10448,983,2025-02-02,cancelled,3200000
10449,192,2024-03-15,completed,13000000
10450,763,2023-05-12,completed,2100000
10451,1195,2024-10-04,completed,2000000
10452,686,2024-03-24,shipping,19800000
10453,612,2024-10-15,completed,4600000
10454,67,2023-04-18,cancelled,4000000
10455,485,2024-03-06,completed,11000000
10456,79,2024-07-18,completed,1200000
10457,1178,2024-03-21,cancelled,4600000
10458,465,2025-10-13,completed,10000000
10459,315,2023-05-17,completed,11000000
10460,931,2023-12-21,completed,1000000
10461,213,2023-09-27,completed,6800000
10462,955,2023-02-06,cancelled,8800000
10463,383,2023-10-17,completed,7000000
10464,897,2025-01-15,cancelled,8000000
10465,71,2025-10-14,completed,3300000
10466,456,2023-01-10,completed,4000000
10467,389,2025-10-06,completed,1500000
10468,195,2024-02-23,completed,5000000
10469,463,2023-04-21,completed,17000000
10470,1080,2023-04-07,returned,3000000
10471,962,2024-08-19,completed,7500000
10472,1199,2023-11-04,completed,10000000
10473,677,2024-08-04,cancelled,6000000
10474,325,2024-04-14,pending,30000000
10475,602,2024-11-28,completed,14800000
10476,821,2024-01-14,completed,3000000
10477,954,2025-10-08,pending,4500000
10478,1156,2024-08-08,completed,9000000
10479,41,2024-09-15,completed,500000
10480,283,2024-06-10,cancelled,13500000
10481,577,2025-06-18,completed,800000
10482,457,2025-12-11,shipping,15500000
10483,830,2023-09-21,completed,3800000
10484,226,2024-05-06,completed,10500000
10485,580,2025-05-18,completed,21000000
10486,459,2025-09-22,shipping,5800000
10487,618,2025-05-03,completed,2400000
10488,814,2025-08-09,cancelled,6100000
10489,1095,2024-09-19,cancelled,4000000
10490,556,2025-12-25,cancelled,15500000
10491,377,2023-07-28,completed,5000000
10492,525,2025-02-10,shipping,3000000
10493,717,2023-09-13,completed,1400000
10494,813,2023-11-29,completed,8000000
10495,59,2024-12-28,completed,19400000
10496,174,2024-04-16,completed,6200000
10497,982,2025-11-10,completed,16000000
10498,30,2023-02-08,completed,20800000
10499,844,2023-05-28,completed,6000000
10500,521,2024-10-22,completed,4000000
10501,1121,2024-06-01,completed,3100000
10502,92,2023-04-28,completed,7000000
10503,828,2024-03-28,shipping,300000
10504,172,2025-08-15,completed,6000000
10505,235,2023-06-24,completed,5000000
10506,603,2023-09-16,returned,5000000
10507,314,2024-04-02,shipping,3500000
10508,134,2023-07-04,pending,8500000
10509,1002,2025-10-07,completed,2300000
10510,760,2023-01-11,cancelled,3500000
10511,1123,2024-07-06,cancelled,4800000
10512,1082,2023-01-15,shipping,4000000
10513,576,2025-06-05,returned,1500000
10514,537,2023-12-28,completed,14200000
10515,372,2024-11-24,completed,2400000
10516,741,2023-01-11,completed,2500000
10517,1004,2024-09-09,pending,2000000
10518,453,2023-10-07,completed,10800000
10519,404,2025-07-24,completed,1000000
10520,41,2025-02-16,completed,15000000
10521,1187,2025-11-01,cancelled,2800000
10522,845,2023-12-08,completed,2500000
10523,26,2025-01-15,cancelled,1600000
10524,1160,2023-09-26,completed,2000000
10525,1167,2023-02-17,completed,6500000
10526,268,2023-09-25,completed,7800000
10527,961,2023-02-28,pending,6000000
10528,255,2025-03-30,completed,16400000
10529,237,2024-06-16,cancelled,12000000
10530,366,2025-12-18,completed,2400000
10531,877,2024-11-13,returned,2500000
10532,134,2023-05-16,cancelled,9000000
10533,1067,2025-09-18,completed,3500000
10534,318,2024-11-13,completed,10800000
10535,350,2025-07-05,cancelled,1000000
10536,598,2023-03-12,completed,9000000
10537,860,2025-08-09,pending,5500000
10538,567,2025-11-15,completed,1200000
10539,145,2025-09-19,completed,19000000
10540,48,2024-11-14,returned,10000000
10541,322,2023-03-11,returned,11600000
10542,652,2025-01-21,shipping,2500000
10543,382,2025-02-13,pending,12500000
10544,204,2024-12-22,completed,8500000
10545,19,2023-05-04,shipping,1500000
10546,421,2023-10-29,completed,31000000
10547,549,2025-02-15,cancelled,5200000
10548,884,2024-09-16,pending,1800000
10549,157,2023-08-10,completed,6900000
10550,339,2023-02-14,completed,4000000
10551,683,2023-03-01,completed,1600000
10552,426,2024-10-27,completed,12000000
10553,1003,2023-04-21,shipping,4000000
10554,544,2025-09-24,shipping,17200000
10555,1052,2025-12-15,completed,5900000
10556,199,2025-12-31,completed,2600000
10557,46,2024-06-05,completed,13900000
10558,1131,2024-02-04,completed,2500000
10559,964,2024-03-29,completed,20400000
10560,983,2024-10-12,completed,8300000
10561,16,2025-02-19,shipping,22500000
10562,1130,2025-12-18,completed,500000
10563,617,2025-08-23,cancelled,1800000
10564,432,2024-02-05,completed,4500000
10565,1009,2023-08-22,completed,13800000
10566,22,2025-08-04,completed,7700000
10567,421,2025-11-23,completed,8000000
10568,399,2024-12-09,completed,15000000
10569,539,2025-10-20,returned,4000000
10570,385,2024-03-16,completed,800000
10571,538,2025-12-21,completed,14500000
10572,695,2025-04-09,completed,11800000
10573,709,2024-03-12,completed,4500000
10574,921,2023-12-20,completed,3000000
10575,707,2024-05-12,completed,2000000
10576,469,2024-10-06,completed,12000000
10577,351,2023-08-14,completed,3100000
10578,763,2025-09-08,completed,1500000
10579,758,2023-04-20,returned,7500000
10580,1148,2023-10-13,completed,9000000
10581,16,2025-12-06,completed,4000000
10582,707,2023-02-22,completed,6500000
10583,200,2024-02-14,cancelled,3000000
10584,619,2025-08-23,returned,4000000
10585,277,2024-12-15,completed,1000000
10586,901,2023-02-27,cancelled,1500000
10587,390,2025-07-20,pending,5000000
10588,463,2023-11-14,cancelled,17000000
10589,857,2025-02-06,cancelled,13000000
10590,1155,2023-08-09,returned,3000000
10591,222,2025-03-23,completed,1600000
10592,18,2025-08-16,completed,6000000
10593,1026,2024-01-02,pending,3000000
10594,931,2023-09-06,pending,2400000
10595,550,2024-07-02,returned,6500000
10596,176,2025-09-13,completed,1600000
10597,708,2025-10-08,pending,7900000
10598,487,2023-07-26,completed,13500000
10599,1025,2025-10-24,completed,2600000
10600,174,2025-09-20,completed,40200000
10601,265,2024-10-18,completed,8000000
10602,167,2023-07-28,cancelled,5000000
10603,991,2024-10-19,completed,14200000
10604,127,2025-09-23,completed,10000000
10605,800,2025-03-19,completed,2400000
10606,1148,2023-12-26,completed,5500000
10607,621,2024-06-02,completed,9500000
10608,831,2023-09-20,completed,11800000
10609,1002,2025-02-02,cancelled,12000000
10610,421,2023-06-18,completed,4800000
10611,1167,2024-07-16,cancelled,9500000
10612,847,2023-05-05,completed,8600000
10613,997,2023-09-13,completed,15000000
10614,883,2024-11-08,completed,12000000
10615,86,2023-02-03,completed,8000000
10616,521,2025-09-17,completed,6500000
10617,440,2025-08-14,completed,5000000
10618,219,2023-02-15,completed,5000000
10619,536,2024-05-29,returned,10500000
10620,455,2024-07-17,pending,500000
10621,896,2023-05-25,cancelled,800000
10622,524,2024-03-19,completed,3000000
10623,1173,2023-01-24,completed,2400000
10624,278,2024-02-04,cancelled,2000000
10625,53,2023-04-06,completed,4800000
10626,1054,2024-12-31,completed,800000
10627,1196,2024-12-21,completed,3900000
10628,681,2023-08-17,cancelled,4000000
10629,363,2024-12-29,completed,6000000
10630,252,2024-08-17,completed,3100000
10631,156,2025-08-02,returned,3500000
10632,452,2025-12-05,completed,4500000
10633,652,2024-01-13,completed,1500000
10634,524,2024-05-21,completed,18000000
10635,600,2024-06-15,shipping,6000000
10636,1005,2024-02-21,completed,5500000
10637,696,2023-02-12,cancelled,300000
10638,331,2025-12-17,completed,6400000
10639,321,2025-03-19,shipping,3000000
10640,387,2025-04-04,completed,1500000
10641,1042,2024-10-30,completed,1200000
10642,530,2024-05-04,completed,11000000
10643,900,2025-12-28,completed,2600000
10644,531,2023-09-13,completed,3200000
10645,942,2024-11-21,completed,7900000
10646,920,2023-06-07,cancelled,10300000
10647,343,2024-07-14,completed,3500000
10648,171,2023-06-15,shipping,10500000
10649,308,2023-03-14,completed,4500000
10650,351,2023-11-22,returned,10000000
10651,326,2023-12-22,pending,5500000
10652,569,2023-02-13,completed,5300000
10653,742,2023-10-26,completed,1500000
10654,558,2023-01-01,completed,4000000
10655,361,2023-11-20,completed,6000000
10656,95,2023-06-01,completed,7000000
10657,77,2024-10-02,cancelled,11500000
10658,240,2025-02-28,completed,12000000
10659,324,2023-11-10,completed,1000000
10660,204,2024-09-15,completed,3000000
10661,158,2024-04-23,shipping,1000000
10662,413,2024-09-18,completed,4500000
10663,702,2024-06-08,shipping,9000000
10664,2,2024-02-02,completed,10800000
10665,273,2024-04-24,shipping,4000000
10666,13,2024-05-20,completed,4000000
10667,960,2024-02-19,pending,1600000
10668,1090,2025-04-10,completed,8200000
10669,368,2024-08-10,completed,3400000
10670,834,2023-06-08,pending,9200000
10671,446,2024-09-09,cancelled,4500000
10672,672,2023-10-16,completed,27500000
10673,57,2023-06-08,completed,22500000
10674,69,2025-03-01,completed,10000000
10675,397,2023-12-21,cancelled,3000000
10676,44,2025-11-04,completed,5000000
10677,810,2023-12-24,completed,5500000
10678,120,2024-12-29,completed,6000000
10679,452,2025-04-04,completed,4000000
10680,571,2024-06-11,cancelled,7000000
10681,1157,2025-01-12,completed,1900000
10682,1110,2024-01-24,completed,2300000
10683,424,2023-12-07,completed,1500000
10684,717,2024-06-23,cancelled,1700000
10685,68,2023-03-01,completed,6600000
10686,848,2024-05-12,completed,2500000
10687,1139,2023-10-06,completed,4100000
10688,617,2024-02-16,completed,4500000
10689,973,2024-10-07,completed,1300000
10690,658,2025-01-29,completed,8000000
10691,177,2025-06-07,cancelled,32200000
10692,455,2025-11-06,cancelled,15000000
10693,668,2023-03-09,completed,6800000
10694,779,2025-10-14,pending,5100000
10695,1060,2023-09-25,completed,10400000
10696,1012,2023-06-01,pending,2000000
10697,1022,2023-10-19,shipping,9800000
10698,1197,2025-03-05,pending,4500000
10699,280,2025-10-10,completed,11000000
10700,489,2025-09-23,completed,26500000
10701,983,2023-06-01,completed,1000000
10702,962,2025-06-04,cancelled,3000000
10703,349,2024-10-19,pending,8500000
10704,474,2024-12-07,cancelled,4000000
10705,518,2023-07-03,pending,10000000
10706,1108,2023-12-22,completed,10500000
10707,107,2023-10-07,completed,16200000
10708,631,2024-06-12,completed,2400000
10709,532,2025-02-03,completed,2500000
10710,1005,2025-08-26,cancelled,10500000
10711,223,2023-08-03,returned,1000000
10712,91,2023-12-05,completed,800000
10713,715,2023-04-27,cancelled,3500000
10714,905,2024-03-04,completed,4800000
10715,529,2024-11-17,completed,20000000
10716,1071,2025-02-28,completed,3000000
10717,571,2025-07-22,cancelled,7000000
10718,648,2024-01-04,returned,18400000
10719,241,2023-02-26,cancelled,3500000
10720,382,2023-06-15,completed,3200000
10721,1132,2023-10-15,shipping,9000000
10722,1184,2023-05-20,pending,1500000
10723,1031,2025-04-04,completed,3700000
10724,758,2025-09-20,cancelled,8400000
10725,541,2025-12-05,shipping,2000000
10726,1033,2024-12-06,completed,1800000
10727,391,2023-11-24,completed,16000000
10728,245,2024-02-03,shipping,5000000
10729,534,2023-11-01,completed,15000000
10730,571,2025-08-27,pending,3100000
10731,918,2025-12-05,completed,10000000
10732,169,2024-04-18,cancelled,10000000
10733,860,2025-08-22,completed,2800000
10734,922,2024-11-26,shipping,3800000
10735,1124,2023-12-29,completed,2000000
10736,71,2025-12-09,completed,1800000
10737,1041,2024-01-24,completed,3000000
10738,441,2024-02-29,completed,6800000
10739,961,2025-11-06,completed,12000000
10740,331,2023-04-23,completed,3000000
10741,509,2023-05-30,pending,2000000
10742,1192,2024-10-04,shipping,5200000
10743,666,2024-10-03,completed,20000000
10744,787,2025-11-12,returned,2000000
10745,43,2025-10-14,completed,800000
10746,987,2024-10-04,returned,4500000
10747,1065,2025-10-18,completed,18000000
10748,187,2024-10-19,completed,6800000
10749,599,2024-01-23,pending,1000000
10750,157,2023-02-19,completed,1000000
10751,129,2023-09-23,completed,20800000
10752,666,2023-07-27,completed,8800000
10753,614,2025-01-24,completed,4700000
10754,438,2025-10-31,cancelled,19500000
10755,270,2023-01-30,completed,4800000
10756,795,2024-07-25,shipping,13500000
10757,1069,2025-02-09,pending,7000000
10758,599,2025-07-24,completed,3000000
10759,260,2025-05-26,cancelled,2500000
10760,622,2024-01-01,completed,11800000
10761,1000,2024-09-29,completed,1500000
10762,551,2025-01-11,completed,8500000
10763,299,2023-07-01,cancelled,500000
10764,71,2025-04-06,completed,14000000
10765,1073,2025-12-28,completed,800000
10766,719,2025-08-08,cancelled,4000000
10767,688,2025-09-09,shipping,2000000
10768,417,2024-12-23,completed,3000000
10769,40,2024-03-16,cancelled,3000000
10770,1154,2025-01-07,completed,6000000
10771,187,2024-08-27,completed,18200000
10772,1123,2023-06-19,completed,4800000
10773,675,2025-06-08,completed,3800000
10774,195,2023-08-05,shipping,2000000
10775,840,2024-03-21,cancelled,8700000
10776,986,2024-11-24,completed,1500000
10777,163,2024-09-04,completed,6000000
10778,243,2023-07-23,completed,9000000
10779,119,2023-12-22,shipping,10500000
10780,1153,2024-10-14,completed,5000000
10781,1136,2024-01-13,completed,2800000
10782,1097,2023-12-25,completed,4800000
10783,1034,2025-09-09,completed,13000000
10784,340,2024-05-11,cancelled,20500000
10785,897,2025-10-31,completed,12000000
10786,276,2024-04-21,completed,8000000
10787,242,2024-11-26,completed,4500000
10788,221,2025-03-10,returned,15000000
10789,196,2025-02-20,completed,18500000
10790,842,2025-08-22,completed,19800000
10791,45,2025-07-03,cancelled,7000000
10792,1147,2023-12-17,completed,3500000
10793,704,2025-12-19,completed,1500000
10794,1063,2024-07-09,completed,4000000
10795,361,2024-11-05,completed,17200000
10796,184,2023-01-24,completed,6600000
10797,1094,2024-09-20,completed,8000000
10798,309,2024-02-22,completed,500000
10799,1016,2024-01-28,completed,19000000
10800,254,2025-12-12,completed,1300000
10801,1138,2025-11-24,shipping,17300000
10802,648,2025-03-18,completed,500000
10803,1121,2025-06-05,completed,4000000
10804,1002,2024-07-10,returned,5000000
10805,1180,2023-09-19,completed,9000000
10806,481,2025-08-09,completed,4000000
10807,618,2023-12-07,cancelled,15000000
10808,987,2024-04-15,completed,3000000
10809,878,2024-01-16,completed,1300000
10810,172,2024-08-03,completed,6000000
10811,904,2024-07-14,cancelled,12500000
10812,457,2024-02-10,completed,19400000
10813,886,2024-01-23,completed,5000000
10814,221,2025-01-19,completed,18800000
10815,664,2023-11-13,completed,4000000
10816,1048,2024-10-07,cancelled,5500000
10817,686,2025-10-04,completed,9800000
10818,8,2023-04-19,cancelled,18000000
10819,58,2024-12-03,completed,3600000
10820,939,2025-10-24,returned,5600000
10821,703,2024-10-03,completed,8800000
10822,667,2023-03-18,pending,11500000
10823,980,2024-01-29,completed,5600000
10824,441,2024-12-29,pending,1000000
10825,872,2023-11-13,completed,10500000
10826,52,2023-02-05,shipping,9000000
10827,60,2023-10-21,completed,2000000
10828,570,2025-04-26,completed,2500000
10829,1015,2023-11-18,pending,2800000
10830,683,2023-02-27,completed,4500000
10831,463,2024-03-16,cancelled,500000
10832,755,2023-03-31,cancelled,17000000
10833,373,2024-12-18,returned,3500000
10834,64,2023-09-11,completed,13000000
10835,1054,2023-10-20,cancelled,3000000
10836,874,2024-06-17,completed,20000000
10837,408,2024-12-17,completed,1500000
10838,623,2023-08-27,completed,4600000
10839,346,2024-05-20,completed,1500000
10840,584,2023-11-25,pending,500000
10841,567,2024-08-11,completed,9100000
10842,344,2023-07-15,completed,7600000
10843,399,2023-11-05,completed,2400000
10844,1079,2025-12-17,shipping,4000000
10845,300,2025-12-23,pending,3000000
10846,908,2025-02-09,pending,8400000
10847,534,2023-08-26,returned,5400000
10848,349,2023-05-11,completed,1500000
10849,819,2024-09-14,completed,3000000
10850,708,2024-01-01,completed,1300000
10851,83,2023-07-21,shipping,13100000
10852,775,2025-11-25,completed,2000000
10853,214,2025-10-27,completed,10800000
10854,958,2023-01-06,pending,17000000
10855,292,2023-08-09,completed,6300000
10856,1119,2025-12-26,cancelled,6500000
10857,994,2024-08-23,completed,6000000
10858,270,2024-11-26,completed,1600000
10859,124,2025-11-16,completed,3000000
10860,622,2023-10-26,completed,11000000
10861,1177,2025-07-05,completed,5500000
10862,719,2024-12-31,completed,3000000
10863,425,2023-11-09,returned,3000000
10864,602,2023-10-18,completed,18600000
10865,823,2025-02-09,completed,8000000
10866,815,2023-11-12,completed,1800000
10867,140,2025-10-18,completed,2000000
10868,656,2023-07-22,completed,2400000
10869,1091,2023-07-14,completed,12600000
10870,57,2023-07-06,completed,12000000
10871,329,2025-10-09,completed,8500000
10872,585,2023-09-16,completed,8000000
10873,724,2024-02-21,completed,8000000
10874,897,2024-01-13,completed,5000000
10875,1129,2025-05-08,completed,5000000
10876,761,2023-11-04,returned,28900000
10877,202,2023-10-25,cancelled,15000000
10878,952,2024-06-13,completed,5600000
10879,207,2023-03-20,completed,10100000
10880,697,2025-12-16,completed,8000000
10881,772,2023-06-07,completed,21200000
10882,1064,2024-09-27,completed,3000000
10883,192,2024-12-10,completed,2400000
10884,49,2023-05-21,cancelled,17000000
10885,306,2025-12-14,returned,12500000
10886,376,2025-12-28,completed,3000000
10887,637,2025-03-17,completed,10000000
10888,1189,2023-04-06,shipping,7500000
10889,605,2023-06-11,completed,2500000
10890,105,2024-07-01,completed,5000000
10891,386,2024-02-10,completed,50200000
10892,281,2025-08-20,completed,500000
10893,544,2025-01-18,cancelled,9000000
10894,616,2024-08-20,cancelled,1500000
10895,619,2025-03-27,cancelled,5000000
10896,135,2025-03-18,completed,6200000
10897,347,2023-01-26,completed,13600000
10898,852,2025-12-22,shipping,4400000
10899,24,2025-02-10,completed,7100000
10900,411,2025-02-09,cancelled,800000
10901,687,2023-01-19,cancelled,900000
10902,1022,2024-12-20,cancelled,300000
10903,398,2024-07-05,shipping,17200000
10904,14,2023-01-25,completed,10000000
10905,420,2024-05-18,completed,17400000
10906,699,2024-09-28,completed,8700000
10907,478,2023-09-25,shipping,1500000
10908,455,2023-02-26,cancelled,2500000
10909,501,2024-03-24,pending,800000
10910,39,2023-08-29,shipping,9000000
10911,7,2023-09-03,completed,7500000
10912,821,2023-12-19,completed,2000000
10913,543,2023-02-03,completed,3100000
10914,337,2023-12-25,completed,6000000
10915,1072,2025-11-24,cancelled,3000000
10916,479,2024-12-11,completed,13000000
10917,657,2024-01-18,completed,2000000
10918,761,2023-09-17,completed,2100000
10919,157,2023-12-13,completed,6000000
10920,124,2024-08-01,completed,3100000
10921,559,2023-02-20,pending,1500000
10922,326,2023-07-01,completed,4000000
10923,910,2024-12-20,completed,3500000
10924,101,2023-02-08,completed,7500000
10925,971,2025-05-31,completed,8000000
10926,884,2024-05-17,completed,1000000
10927,605,2025-03-02,completed,3200000
10928,1112,2025-10-10,completed,10000000
10929,1152,2024-10-02,returned,3900000
10930,508,2023-07-30,pending,4000000
10931,327,2023-02-11,pending,3000000
10932,695,2023-01-05,completed,8200000
10933,840,2025-11-21,cancelled,15000000
10934,511,2023-12-06,completed,6000000
10935,79,2023-02-24,completed,6000000
10936,101,2025-12-25,completed,800000
10937,54,2023-09-13,completed,2000000
10938,6,2025-08-03,completed,3800000
10939,13,2023-05-20,pending,6800000
10940,113,2024-07-18,shipping,16000000
10941,831,2025-08-05,pending,3000000
10942,393,2023-10-15,completed,3000000
10943,7,2023-12-07,completed,2800000
10944,837,2024-05-15,completed,2100000
10945,988,2023-03-07,completed,4100000
10946,787,2024-02-16,completed,20000000
10947,753,2025-03-20,completed,2700000
10948,732,2024-10-28,completed,2000000
10949,183,2023-01-22,shipping,19000000
10950,133,2025-12-25,pending,7000000
10951,1074,2025-11-28,completed,6500000
10952,746,2025-04-21,returned,800000
10953,1002,2023-02-26,completed,9300000
10954,698,2023-09-16,completed,2000000
10955,909,2024-11-12,completed,7200000
10956,345,2024-05-08,returned,18000000
10957,989,2025-01-24,completed,6000000
10958,1092,2023-02-22,completed,6000000
10959,483,2024-07-16,completed,3000000
10960,653,2024-12-20,cancelled,500000
10961,167,2023-02-17,cancelled,3500000
10962,225,2024-11-04,completed,4000000
10963,757,2025-03-30,completed,14300000
10964,542,2025-12-20,completed,6000000
10965,345,2024-02-19,completed,4400000
10966,380,2023-12-17,completed,1500000
10967,59,2023-06-12,completed,10500000
10968,379,2025-08-14,completed,20600000
10969,678,2024-03-14,completed,3900000
10970,340,2025-11-09,completed,5800000
10971,197,2025-09-15,completed,5000000
10972,1058,2023-12-19,completed,20000000
10973,901,2025-12-26,pending,1300000
10974,476,2023-04-17,completed,4500000
10975,174,2024-02-22,completed,2400000
10976,420,2023-05-04,cancelled,6800000
10977,35,2023-10-22,completed,8000000
10978,45,2023-04-25,completed,5500000
10979,1030,2024-06-18,completed,2000000
10980,641,2023-01-24,completed,500000
10981,212,2024-03-21,pending,4500000
10982,82,2025-11-01,completed,6000000
10983,450,2023-01-17,completed,1000000
10984,1056,2025-11-12,completed,1000000
10985,1074,2025-11-26,completed,11300000
10986,1134,2024-05-07,completed,5800000
10987,426,2024-07-15,completed,5500000
10988,846,2023-02-12,completed,3000000
10989,910,2025-07-02,cancelled,1000000
10990,1178,2023-12-28,completed,5700000
10991,1041,2023-04-04,pending,9900000
10992,580,2024-10-30,cancelled,8000000
10993,3,2023-12-04,completed,7500000
10994,31,2025-06-07,completed,4000000
10995,803,2025-07-06,shipping,800000
10996,818,2025-08-24,pending,6000000
10997,335,2023-07-04,cancelled,11000000
10998,725,2025-01-26,completed,6500000
10999,1028,2025-01-07,completed,2000000
11000,558,2025-10-17,completed,3000000
11001,475,2024-09-15,completed,9000000
11002,681,2024-08-28,cancelled,5000000
11003,672,2023-04-27,completed,4600000
11004,65,2025-04-23,pending,9000000
11005,190,2024-12-20,completed,6600000
11006,452,2024-10-04,cancelled,3000000
11007,204,2024-01-20,shipping,5000000
11008,571,2023-10-13,completed,3000000
11009,1113,2025-01-18,cancelled,800000
11010,416,2025-10-17,completed,15000000
11011,498,2024-02-15,pending,4500000
11012,587,2023-03-20,completed,5800000
11013,653,2023-01-15,completed,6800000
11014,1091,2024-07-17,completed,6000000
11015,1034,2023-06-06,cancelled,11500000
11016,611,2023-11-17,completed,16000000
11017,682,2023-01-26,completed,8600000
11018,893,2024-12-22,pending,500000
11019,97,2024-08-12,completed,9000000
11020,628,2025-02-18,shipping,3000000
11021,875,2025-04-14,completed,11500000
11022,765,2024-09-05,completed,1000000
11023,1000,2024-03-05,completed,2300000
11024,435,2024-07-22,completed,800000
11025,131,2025-03-10,completed,5600000
11026,216,2025-08-18,completed,1500000
11027,331,2024-07-03,completed,15000000
11028,87,2023-09-10,completed,5600000
11029,402,2024-11-20,shipping,12000000
11030,133,2023-09-01,pending,1300000
11031,76,2023-12-10,completed,11500000
11032,588,2025-01-26,cancelled,9000000
11033,176,2025-03-22,pending,10000000
11034,198,2024-05-15,completed,1600000
11035,440,2024-06-14,completed,5800000
11036,315,2025-03-29,completed,1000000
11037,454,2025-03-02,completed,3000000
11038,685,2025-02-27,shipping,12100000
11039,242,2024-01-08,completed,7600000
11040,226,2024-06-19,completed,3200000
11041,235,2023-08-28,completed,7000000
11042,588,2023-12-29,completed,8800000
11043,186,2025-01-26,returned,3000000
11044,880,2025-10-26,completed,2000000
11045,843,2023-03-02,completed,10000000
11046,1061,2024-08-25,completed,11000000
11047,779,2024-05-31,completed,500000
11048,893,2025-08-02,completed,4300000
11049,982,2025-02-04,cancelled,12600000
11050,846,2025-01-24,shipping,5800000
11051,953,2023-08-22,completed,10000000
11052,817,2024-02-22,shipping,3000000
11053,352,2024-02-11,completed,6000000
11054,495,2024-03-30,pending,1500000
11055,983,2025-10-20,cancelled,3000000
11056,782,2025-09-16,completed,15000000
11057,51,2023-12-08,completed,1500000
11058,30,2024-10-27,shipping,10000000
11059,951,2025-01-29,completed,2000000
11060,260,2024-10-28,returned,6000000
11061,211,2023-11-09,returned,3600000
11062,414,2024-06-21,pending,18300000
11063,1049,2025-02-19,completed,6100000
11064,1110,2025-11-30,completed,10300000
11065,192,2025-01-08,cancelled,8400000
11066,1040,2023-06-10,cancelled,800000
11067,721,2024-10-12,completed,1600000
11068,646,2024-12-07,completed,3000000
11069,1181,2024-02-01,cancelled,22000000
11070,409,2023-11-04,completed,6000000
11071,1184,2023-09-06,cancelled,4000000
11072,1040,2024-02-29,completed,2300000
11073,1105,2023-01-26,completed,4000000
11074,244,2024-06-22,completed,2000000
11075,281,2024-12-25,completed,6200000
11076,707,2023-09-25,cancelled,3900000
11077,1180,2023-07-29,completed,1600000
11078,967,2025-01-16,pending,500000
11079,1032,2023-11-05,completed,23400000
11080,998,2024-03-24,cancelled,2100000
11081,870,2023-04-06,shipping,800000
11082,117,2024-04-21,completed,6500000
11083,245,2024-02-17,completed,7000000
11084,248,2024-10-29,completed,2400000
11085,305,2025-09-13,cancelled,9000000
11086,83,2025-09-15,completed,12000000
11087,423,2023-10-27,returned,20000000
11088,346,2024-10-23,completed,6500000
11089,474,2023-05-10,shipping,11000000
11090,462,2025-12-26,pending,14000000
11091,119,2023-01-01,completed,4500000
11092,628,2023-03-31,completed,6000000
11093,793,2024-10-26,completed,4600000
11094,780,2023-08-05,completed,6400000
11095,770,2025-01-21,completed,1500000
11096,549,2023-09-07,completed,2300000
11097,1004,2025-12-22,completed,15800000
11098,796,2025-05-01,completed,6500000
11099,403,2023-11-05,completed,8500000
11100,702,2023-04-11,completed,800000
11101,64,2023-01-04,completed,6800000
11102,560,2024-07-28,completed,3700000
11103,856,2025-07-28,cancelled,15000000
11104,8,2024-03-25,completed,21000000
11105,716,2025-07-19,cancelled,10500000
11106,293,2025-10-14,completed,8000000
11107,31,2023-12-20,completed,9600000
11108,435,2024-03-17,completed,9600000
11109,783,2025-02-04,completed,4600000
11110,678,2025-11-11,cancelled,1100000
11111,962,2024-08-08,returned,14500000
11112,938,2024-11-22,completed,5000000
11113,128,2024-02-19,completed,1400000
11114,355,2024-11-19,returned,14000000
11115,73,2025-01-09,completed,8800000
11116,330,2025-02-20,completed,10000000
11117,181,2024-09-20,returned,19500000
11118,421,2023-05-07,completed,9000000
11119,1107,2023-08-25,completed,2500000
11120,488,2024-12-29,completed,19000000
11121,416,2023-04-13,completed,800000
11122,623,2023-06-29,completed,4500000
11123,75,2024-02-10,completed,4500000
11124,822,2024-10-11,completed,16600000
11125,1088,2024-10-09,cancelled,6800000
11126,271,2023-01-20,completed,11500000
11127,990,2024-07-23,completed,20000000
11128,550,2025-03-15,completed,2000000
11129,424,2023-07-15,completed,800000
11130,565,2025-05-02,pending,3000000
11131,377,2024-11-13,completed,8000000
11132,849,2025-07-24,completed,4500000
11133,983,2025-04-22,completed,3500000
11134,1108,2024-12-17,pending,3500000
11135,746,2023-10-04,completed,5100000
11136,796,2025-04-12,cancelled,8000000
11137,959,2024-06-07,cancelled,2000000
11138,430,2025-02-19,completed,18800000
11139,581,2024-10-24,completed,4500000
11140,43,2025-12-03,completed,31600000
11141,32,2024-09-23,pending,1600000
11142,856,2023-03-18,completed,20000000
11143,494,2025-06-11,completed,6500000
11144,1111,2025-07-20,completed,8300000
11145,151,2025-08-31,cancelled,11500000
11146,300,2025-06-11,cancelled,4600000
11147,203,2025-11-07,completed,6500000
11148,1079,2023-04-23,completed,17100000
11149,212,2024-08-23,completed,3000000
11150,663,2025-04-26,returned,14900000
11151,529,2024-07-10,cancelled,8000000
11152,497,2023-12-25,shipping,3000000
11153,253,2024-07-12,shipping,7600000
11154,1131,2024-06-07,cancelled,500000
11155,273,2024-06-03,completed,3000000
11156,804,2025-03-27,completed,10500000
11157,976,2023-03-08,completed,800000
11158,871,2025-02-25,completed,8400000
11159,712,2024-04-27,completed,300000
11160,863,2025-09-03,completed,11000000
11161,847,2025-03-12,completed,13000000
11162,58,2025-06-12,completed,1000000
11163,483,2023-08-23,completed,7000000
11164,537,2024-09-11,completed,14000000
11165,41,2025-09-30,completed,2200000
11166,532,2024-08-10,completed,6000000
11167,245,2024-09-14,completed,8000000
11168,173,2024-11-09,returned,1000000
11169,429,2023-06-21,completed,7500000
11170,1025,2025-11-15,completed,10000000
11171,1004,2025-01-07,completed,6700000
11172,681,2023-03-18,completed,4000000
11173,66,2024-03-19,completed,24200000
11174,607,2025-01-25,completed,12000000
11175,436,2025-01-15,completed,7000000
11176,662,2025-11-20,completed,13800000
11177,66,2023-02-23,cancelled,5500000
11178,716,2023-09-14,shipping,10000000
11179,160,2023-07-23,completed,4000000
11180,28,2025-12-11,returned,3500000
11181,970,2025-03-15,completed,800000
11182,1139,2024-08-13,completed,4000000
11183,564,2024-08-27,cancelled,7000000
11184,30,2025-06-01,completed,6000000
11185,223,2024-08-31,completed,7200000
11186,145,2025-10-15,completed,7500000
11187,1169,2025-05-20,completed,1600000
11188,775,2025-09-14,returned,4200000
11189,514,2023-11-16,completed,500000
11190,391,2025-03-20,completed,18300000
11191,1174,2025-02-14,completed,4300000
11192,971,2025-03-05,cancelled,16000000
11193,14,2025-06-16,completed,9500000
11194,1083,2025-12-06,completed,2000000
11195,580,2024-10-23,completed,24500000
11196,527,2025-11-24,completed,1500000
11197,622,2024-12-13,completed,13500000
11198,15,2024-07-02,completed,14000000
11199,436,2024-02-08,completed,11100000
11200,932,2025-12-19,pending,2000000
11201,299,2025-10-11,completed,1000000
11202,452,2024-08-10,completed,3100000
11203,455,2024-12-07,returned,6000000
11204,1164,2025-10-01,pending,8000000
11205,45,2023-08-02,completed,10200000
11206,776,2025-07-15,completed,3000000
11207,1192,2025-07-04,completed,19500000
11208,324,2025-07-06,completed,2000000
11209,242,2025-02-27,completed,12500000
11210,59,2023-11-05,cancelled,4000000
11211,434,2023-11-21,returned,27600000
11212,331,2025-09-23,completed,4000000
11213,362,2024-07-19,returned,2000000
11214,37,2024-02-26,completed,3000000
11215,221,2023-10-23,shipping,5500000
11216,179,2024-02-11,completed,8200000
11217,930,2023-01-03,returned,7100000
11218,18,2023-01-31,returned,12900000
11219,550,2023-06-02,completed,6500000
11220,394,2024-08-14,completed,5500000
11221,1002,2023-01-07,cancelled,11000000
11222,377,2024-04-23,completed,15800000
11223,178,2023-04-29,completed,12500000
11224,258,2023-01-19,completed,4000000
11225,277,2023-10-01,cancelled,16600000
11226,283,2025-03-07,completed,3000000
11227,196,2024-01-20,returned,1000000
11228,915,2025-09-26,completed,7000000
11229,1179,2025-02-12,completed,1500000
11230,496,2024-10-28,pending,24900000
11231,423,2024-10-26,completed,20300000
11232,912,2023-06-02,returned,4500000
11233,748,2025-11-08,shipping,3000000
11234,412,2023-07-03,completed,19600000
11235,1059,2025-02-19,cancelled,8400000
11236,921,2024-02-22,completed,2000000
11237,1166,2025-09-23,completed,9000000
11238,299,2025-10-20,returned,11000000
11239,857,2023-01-22,shipping,5100000
11240,835,2025-06-17,completed,3000000
11241,705,2024-01-31,cancelled,20000000
11242,501,2025-05-03,completed,9100000
11243,1100,2023-07-07,completed,3600000
11244,653,2023-02-26,completed,6000000
11245,237,2024-03-25,shipping,6100000
11246,148,2024-02-27,completed,13000000
11247,93,2025-01-15,completed,9800000
11248,822,2025-09-15,completed,4500000
11249,769,2025-09-01,completed,15000000
11250,490,2024-09-16,shipping,13200000
11251,409,2025-12-28,completed,4100000
11252,62,2024-01-10,completed,24000000
11253,217,2024-01-10,pending,5000000
11254,325,2025-10-11,shipping,14000000
11255,423,2024-11-05,cancelled,20000000
11256,564,2025-05-08,completed,14000000
11257,117,2024-08-02,shipping,10000000
11258,1058,2023-09-01,completed,7800000
11259,784,2025-12-14,returned,1000000
11260,1124,2025-11-16,completed,1500000
11261,861,2025-09-25,completed,4800000
11262,514,2023-11-03,completed,1500000
11263,715,2024-10-06,completed,2500000
11264,91,2024-06-16,completed,12100000
11265,87,2025-04-19,completed,3400000
11266,681,2024-03-31,returned,3000000
11267,820,2024-02-22,completed,5000000
11268,700,2023-04-05,completed,1000000
11269,8,2024-10-11,completed,19500000
11270,16,2023-02-26,completed,9000000
11271,424,2025-03-31,shipping,500000
11272,786,2023-12-29,completed,8600000
11273,64,2024-06-11,cancelled,2700000
11274,336,2025-01-29,cancelled,5000000
11275,727,2024-03-09,completed,6200000
11276,879,2023-02-23,cancelled,12000000
11277,445,2025-10-03,completed,3000000
11278,800,2023-08-28,pending,3000000
11279,896,2025-09-25,completed,1000000
11280,1007,2024-10-12,completed,17600000
11281,848,2024-08-04,completed,1700000
11282,458,2025-03-20,completed,600000
11283,440,2023-06-18,completed,7800000
11284,939,2025-10-21,cancelled,16600000
11285,531,2025-12-11,completed,10600000
11286,178,2024-09-25,completed,29000000
11287,14,2024-05-05,completed,8000000
11288,165,2023-09-04,completed,6000000
11289,501,2024-10-22,pending,5000000
11290,808,2024-10-14,cancelled,1500000
11291,252,2024-07-30,shipping,11500000
11292,494,2025-01-02,completed,3500000
11293,1006,2025-05-04,pending,8300000
11294,939,2024-09-25,completed,6500000
11295,616,2025-01-20,completed,8500000
11296,733,2023-10-31,cancelled,2500000
11297,817,2025-09-07,cancelled,2000000
11298,892,2023-10-10,completed,800000
11299,80,2025-02-03,completed,11600000
11300,904,2025-03-06,completed,1800000
11301,388,2023-09-09,shipping,7000000
11302,512,2025-12-24,completed,5000000
11303,872,2024-03-01,completed,2400000
11304,628,2024-10-22,completed,18000000
11305,418,2023-08-25,completed,22100000
11306,592,2024-10-01,completed,6000000
11307,140,2024-09-09,completed,5500000
11308,1036,2025-01-01,completed,2500000
11309,586,2024-10-17,completed,10200000
11310,315,2023-09-10,completed,1200000
11311,1093,2023-12-14,completed,3000000
11312,728,2023-06-26,shipping,4500000
11313,491,2024-12-24,pending,1600000
11314,210,2024-12-20,completed,10000000
11315,97,2024-08-20,completed,16600000
11316,633,2023-05-13,completed,7500000
11317,387,2025-06-23,completed,2000000
11318,264,2025-10-18,completed,5500000
11319,255,2023-02-17,completed,2400000
11320,1200,2025-09-29,completed,2900000
11321,387,2024-07-16,completed,12600000
11322,836,2024-02-11,completed,8500000
11323,720,2024-01-13,completed,9700000
11324,344,2025-01-21,completed,2900000
11325,76,2024-12-25,returned,20000000
11326,965,2024-01-20,completed,3000000
11327,655,2025-05-19,completed,3600000
11328,731,2024-10-31,completed,6300000
11329,334,2023-10-19,shipping,9800000
11330,137,2023-03-10,pending,1600000
11331,627,2023-07-23,completed,12500000
11332,918,2024-11-27,completed,2500000
11333,311,2023-06-03,completed,3600000
11334,254,2023-03-21,shipping,11000000
11335,835,2024-11-13,completed,10000000
11336,126,2023-03-02,shipping,1600000
11337,260,2025-06-28,pending,9200000
11338,522,2024-01-18,completed,1500000
11339,381,2023-03-22,shipping,9000000
11340,1065,2025-03-15,completed,3000000
11341,999,2024-06-26,shipping,2000000
11342,562,2025-12-01,completed,3000000
11343,609,2024-12-15,completed,13500000
11344,922,2023-09-14,completed,800000
11345,60,2023-12-20,cancelled,23200000
11346,1100,2024-03-15,cancelled,15400000
11347,1160,2024-03-14,pending,4600000
11348,424,2023-11-13,completed,3700000
11349,591,2025-11-07,completed,9500000
11350,437,2025-02-14,completed,4700000
11351,103,2025-09-14,shipping,5000000
11352,175,2023-06-13,completed,9100000
11353,212,2024-08-23,completed,15600000
11354,221,2025-01-09,cancelled,2300000
11355,566,2025-02-08,cancelled,10000000
11356,159,2024-02-17,shipping,1500000
11357,383,2023-12-15,pending,36000000
11358,179,2023-01-13,completed,800000
11359,617,2024-12-11,shipping,3800000
11360,104,2025-10-15,cancelled,5000000
11361,187,2025-04-27,completed,8000000
11362,186,2025-06-17,completed,4300000
11363,927,2023-02-17,completed,12000000
11364,855,2025-11-05,completed,9000000
11365,34,2023-10-27,completed,3000000
11366,404,2024-10-07,cancelled,23000000
11367,793,2025-05-14,completed,12500000
11368,358,2025-02-08,returned,3000000
11369,488,2023-11-28,shipping,1500000
11370,233,2025-06-23,cancelled,14500000
11371,894,2024-11-22,completed,24000000
11372,686,2025-06-26,pending,5100000
11373,1127,2023-08-01,completed,6000000
11374,131,2023-07-02,completed,4200000
11375,50,2023-07-24,shipping,30000000
11376,1026,2025-03-03,completed,7000000
11377,144,2024-12-27,completed,12500000
11378,385,2023-06-12,completed,6000000
11379,97,2023-01-28,pending,5800000
11380,517,2023-06-15,completed,12000000
11381,735,2025-11-19,completed,7000000
11382,372,2025-07-04,shipping,10600000
11383,465,2023-08-08,completed,8900000
11384,854,2023-10-08,returned,19000000
11385,1175,2023-11-19,cancelled,24800000
11386,794,2025-04-01,completed,3500000
11387,517,2024-12-15,completed,3500000
11388,1153,2023-03-08,completed,6500000
11389,742,2024-09-17,completed,5000000
11390,363,2025-08-22,pending,10600000
11391,690,2024-10-24,completed,4500000
11392,480,2024-04-02,completed,5000000
11393,507,2025-06-04,shipping,7300000
11394,1070,2023-09-29,pending,4500000
11395,773,2023-12-10,shipping,8000000
11396,403,2024-11-29,completed,16000000
11397,885,2023-08-05,cancelled,3000000
11398,1020,2025-06-02,completed,18000000
11399,424,2024-08-27,completed,3200000
11400,234,2024-03-13,pending,2400000
11401,269,2024-06-06,cancelled,4800000
11402,277,2025-06-11,completed,4500000
11403,955,2023-08-27,completed,1600000
11404,1005,2023-09-29,cancelled,9000000
11405,572,2025-01-12,completed,2400000
11406,915,2023-02-01,completed,13900000
11407,907,2024-05-06,completed,4500000
11408,703,2024-06-11,completed,12500000
11409,318,2023-06-18,pending,14800000
11410,17,2025-06-28,completed,8100000
11411,344,2025-04-09,completed,1500000
11412,902,2024-12-25,completed,17000000
11413,16,2023-04-04,cancelled,4000000
11414,951,2024-09-04,cancelled,4500000
11415,1100,2023-02-05,pending,4000000
11416,221,2024-02-19,completed,15000000
11417,246,2023-09-19,completed,8000000
11418,904,2023-02-13,pending,6000000
11419,712,2025-07-20,completed,3800000
11420,481,2024-12-18,shipping,3000000
11421,341,2025-08-28,completed,13000000
11422,25,2024-09-28,pending,4000000
11423,494,2023-01-28,completed,1500000
11424,653,2025-01-17,completed,6000000
11425,1019,2025-08-23,completed,5000000
11426,613,2025-10-01,cancelled,23500000
11427,54,2023-04-21,completed,7400000
11428,276,2024-09-22,completed,9600000
11429,1112,2023-11-07,completed,18000000
11430,1019,2023-08-31,completed,1500000
11431,631,2023-03-10,shipping,6000000
11432,1158,2023-01-22,completed,20000000
11433,246,2024-10-06,completed,8000000
11434,881,2024-12-15,completed,30800000
11435,463,2024-05-14,completed,20000000
11436,462,2025-10-12,completed,3000000
11437,523,2025-05-22,completed,4000000
11438,575,2023-12-19,completed,3000000
11439,415,2024-06-09,completed,12800000
11440,837,2024-08-01,completed,12500000
11441,311,2025-04-04,completed,7200000
11442,342,2024-03-24,completed,11500000
11443,41,2025-09-16,completed,1000000
11444,381,2025-07-26,completed,6000000
11445,74,2024-03-02,shipping,5000000
11446,380,2024-03-21,completed,15000000
11447,548,2024-11-13,completed,4000000
11448,987,2025-04-07,completed,7700000
11449,1008,2025-01-10,completed,6100000
11450,1179,2023-09-09,completed,1800000
11451,694,2023-02-22,completed,12800000
11452,1061,2023-10-10,shipping,2500000
11453,177,2023-12-05,completed,2600000
11454,898,2025-07-31,pending,7000000
11455,1050,2024-02-24,completed,3000000
11456,652,2025-12-30,completed,17700000
11457,262,2025-02-06,completed,7500000
11458,1085,2025-03-27,cancelled,3000000
11459,1104,2025-04-15,completed,15500000
11460,580,2023-05-23,completed,21500000
11461,925,2024-10-06,completed,5000000
11462,1108,2024-01-09,completed,6500000
11463,48,2023-12-02,completed,12000000
11464,682,2024-10-07,cancelled,800000
11465,320,2023-09-20,pending,8000000
11466,78,2024-01-31,completed,6200000
11467,442,2025-12-03,completed,6500000
11468,845,2023-09-27,completed,4800000
11469,513,2024-12-31,completed,7000000
11470,703,2023-08-29,cancelled,800000
11471,1046,2023-02-24,completed,12000000
11472,521,2024-09-14,completed,2000000
11473,780,2024-09-24,completed,11600000
11474,860,2024-09-26,completed,4400000
11475,477,2024-09-08,completed,1600000
11476,107,2024-10-27,completed,10000000
11477,1167,2025-01-23,completed,5600000
11478,433,2023-01-23,shipping,3900000
11479,363,2025-02-17,completed,5200000
11480,1058,2025-05-01,completed,3000000
11481,725,2025-10-01,pending,16600000
11482,1131,2024-01-31,completed,3700000
11483,1130,2023-01-24,completed,8500000
11484,1097,2024-01-02,pending,6800000
11485,597,2023-12-14,completed,2000000
11486,279,2025-01-31,pending,13000000
11487,304,2023-01-20,shipping,5500000
11488,857,2024-01-16,completed,2400000
11489,37,2024-09-12,completed,7000000
11490,753,2025-02-16,completed,5800000
11491,987,2025-01-31,completed,2500000
11492,715,2023-05-27,completed,5000000
11493,56,2025-03-07,completed,26800000
11494,829,2023-05-30,completed,15300000
11495,320,2025-09-25,cancelled,18500000
11496,171,2025-03-25,cancelled,36500000
11497,1067,2025-11-06,completed,6000000
11498,1124,2025-01-31,pending,1500000
11499,472,2025-10-14,completed,3600000
11500,1123,2025-10-03,completed,10500000
11501,1045,2023-04-25,completed,3000000
11502,353,2024-05-12,completed,4000000
11503,1020,2024-02-12,cancelled,6700000
11504,535,2025-01-18,shipping,6000000
11505,16,2023-10-24,completed,12000000
11506,432,2023-01-10,completed,9000000
11507,571,2024-04-07,completed,3800000
11508,271,2024-06-02,pending,6000000
11509,491,2025-11-23,cancelled,17300000
11510,109,2023-07-22,completed,3100000
11511,841,2025-04-19,completed,4000000
11512,985,2023-08-04,completed,500000
11513,576,2025-05-28,cancelled,8500000
11514,303,2024-01-21,completed,5000000
11515,933,2025-03-31,shipping,1000000
11516,442,2023-04-29,completed,1200000
11517,513,2023-09-04,completed,3500000
11518,511,2023-02-03,completed,6000000
11519,741,2025-10-08,cancelled,2600000
11520,429,2025-03-04,completed,5800000
11521,217,2025-04-22,pending,2400000
11522,977,2025-06-28,completed,6500000
11523,19,2023-12-11,completed,12000000
11524,1060,2023-08-13,returned,2400000
11525,223,2023-04-28,completed,2600000
11526,1069,2025-12-22,shipping,3000000
11527,1188,2025-10-06,shipping,3800000
11528,402,2025-12-05,shipping,12000000
11529,1115,2025-03-22,pending,6000000
11530,486,2024-12-10,completed,9500000
11531,434,2023-07-02,cancelled,500000
11532,411,2024-05-16,completed,5000000
11533,1071,2023-12-04,shipping,16500000
11534,105,2024-09-15,completed,30800000
11535,1127,2025-02-09,completed,11000000
11536,1093,2025-08-22,completed,4500000
11537,165,2025-02-03,completed,12500000
11538,348,2023-08-21,shipping,3700000
11539,109,2024-09-03,completed,5100000
11540,1062,2025-05-20,completed,6500000
11541,704,2025-04-20,shipping,2400000
11542,264,2024-11-20,completed,8000000
11543,575,2024-04-25,cancelled,7500000
11544,873,2025-04-22,completed,12000000
11545,1022,2023-06-27,completed,6500000
11546,345,2025-03-25,cancelled,12500000
11547,555,2023-06-01,completed,3600000
11548,985,2025-11-09,completed,1500000
11549,200,2025-09-13,completed,7000000
11550,754,2025-10-08,completed,4500000
11551,90,2024-04-17,returned,5000000
11552,1116,2024-11-24,completed,3800000
11553,499,2024-01-20,pending,500000
11554,839,2024-09-26,cancelled,7000000
11555,147,2023-03-10,returned,7300000
11556,396,2024-01-22,completed,3000000
11557,362,2023-09-05,cancelled,4600000
11558,680,2025-12-01,completed,5500000
11559,1121,2023-10-27,completed,14500000
11560,93,2025-09-09,cancelled,1500000
11561,501,2024-08-02,pending,2200000
11562,329,2023-01-21,completed,6600000
11563,592,2025-09-03,completed,5500000
11564,37,2024-03-02,completed,1500000
11565,927,2023-06-09,completed,3600000
11566,344,2024-12-11,cancelled,31200000
11567,698,2023-12-20,cancelled,6800000
11568,964,2025-01-09,completed,3500000
11569,317,2024-09-23,pending,5800000
11570,570,2023-01-04,completed,500000
11571,934,2025-02-09,completed,4800000
11572,576,2023-07-19,completed,14000000
11573,251,2025-01-14,completed,4400000
11574,1091,2025-09-29,cancelled,6000000
11575,1018,2024-02-04,shipping,3000000
11576,510,2024-12-22,completed,500000
11577,816,2025-01-31,completed,6500000
11578,251,2024-12-14,completed,2500000
11579,691,2023-12-05,pending,6500000
11580,389,2024-05-12,cancelled,9400000
11581,57,2023-01-29,cancelled,11000000
11582,714,2025-09-03,completed,7000000
11583,677,2023-01-11,completed,5000000
11584,425,2025-01-12,returned,2000000
11585,1095,2024-01-29,cancelled,8400000
11586,78,2025-10-31,cancelled,1500000
11587,1001,2023-11-29,completed,3000000
11588,693,2023-04-22,pending,7000000
11589,1104,2025-07-27,cancelled,1200000
11590,813,2025-02-28,pending,6800000
11591,291,2025-01-09,completed,7400000
11592,807,2023-10-18,completed,1500000
11593,593,2023-01-16,completed,500000
11594,929,2024-06-11,completed,4000000
11595,999,2025-01-08,pending,9200000
11596,255,2025-09-08,shipping,10000000
11597,978,2025-04-26,completed,2400000
11598,995,2025-10-09,completed,10500000
11599,932,2023-12-10,completed,3000000
11600,52,2025-02-25,completed,10000000
11601,557,2024-08-25,completed,3800000
11602,987,2024-10-24,shipping,9800000
11603,763,2024-01-01,shipping,5000000
11604,1161,2024-01-01,completed,22500000
11605,84,2024-12-24,completed,40000000
11606,51,2024-06-27,completed,3500000
11607,862,2023-09-02,completed,3100000
11608,948,2023-02-03,returned,11600000
11609,1018,2024-10-23,completed,6000000
11610,277,2025-04-30,completed,13000000
11611,650,2024-11-06,cancelled,5800000
11612,672,2024-01-21,cancelled,10600000
11613,1052,2023-04-11,completed,800000
11614,245,2025-07-08,completed,3000000
11615,1098,2025-07-04,completed,6500000
11616,179,2023-07-07,pending,7000000
11617,736,2024-01-02,returned,5000000
11618,303,2023-08-12,pending,3000000
11619,2,2025-02-23,completed,11500000
11620,122,2023-02-05,shipping,1500000
11621,942,2024-10-15,cancelled,3600000
11622,248,2024-10-21,shipping,2800000
11623,986,2025-08-13,completed,14000000
11624,463,2024-11-18,shipping,8000000
11625,185,2025-10-17,completed,13000000
11626,490,2025-04-27,returned,5000000
11627,1107,2024-08-01,completed,4000000
11628,291,2024-10-09,completed,5000000
11629,460,2024-06-12,returned,6000000
11630,1141,2024-09-21,shipping,3900000
11631,376,2025-01-22,completed,5800000
11632,913,2025-03-01,completed,10500000
11633,364,2025-12-12,completed,7500000
11634,1041,2025-03-07,completed,6000000
11635,543,2023-03-31,completed,9900000
11636,1184,2025-07-26,completed,9500000
11637,790,2024-05-07,completed,1600000
11638,747,2025-05-06,returned,7000000
11639,275,2023-11-24,completed,7000000
11640,339,2025-01-26,completed,23500000
11641,114,2024-08-07,completed,4800000
11642,141,2023-05-19,shipping,500000
11643,1100,2023-03-19,shipping,8500000
11644,971,2023-10-14,completed,5200000
11645,174,2024-01-25,completed,27500000
11646,1102,2023-06-15,completed,12200000
11647,1024,2024-09-29,cancelled,5200000
11648,161,2024-01-12,completed,10000000
11649,318,2025-08-17,returned,6500000
11650,375,2024-11-03,pending,2000000
11651,1191,2024-12-20,completed,3000000
11652,1105,2023-07-29,completed,8000000
11653,781,2023-02-14,completed,3000000
11654,93,2025-08-04,shipping,1500000
11655,620,2023-09-27,completed,10000000
11656,15,2024-01-31,completed,7800000
11657,914,2025-06-14,shipping,2000000
11658,712,2023-03-04,completed,1300000
11659,1074,2023-10-30,completed,3000000
11660,954,2023-01-26,shipping,1000000
11661,251,2023-01-23,completed,1800000
11662,858,2025-10-19,completed,10000000
11663,459,2023-10-11,pending,2500000
11664,962,2023-06-04,completed,8000000
11665,1153,2024-03-07,completed,15000000
11666,482,2025-05-06,completed,6000000
11667,564,2024-09-05,returned,3500000
11668,941,2025-08-13,completed,8800000
11669,165,2024-10-18,cancelled,10500000
11670,817,2025-12-20,completed,2500000
11671,597,2025-12-07,completed,1300000
11672,345,2025-10-01,completed,6000000
11673,850,2023-01-18,completed,11500000
11674,996,2025-09-20,completed,12000000
11675,226,2023-05-22,completed,6000000
11676,1169,2024-06-09,completed,4000000
11677,444,2025-02-04,shipping,5400000
11678,35,2024-05-20,completed,9200000
11679,61,2025-06-02,shipping,9800000
11680,286,2023-07-26,completed,16000000
11681,721,2024-07-07,returned,3000000
11682,723,2023-11-23,completed,500000
11683,296,2025-02-15,pending,6200000
11684,390,2024-08-22,completed,1500000
11685,505,2024-01-26,shipping,800000
11686,662,2025-01-27,completed,1200000
11687,217,2024-12-06,completed,14000000
11688,1009,2025-09-12,cancelled,7500000
11689,863,2025-10-01,completed,1000000
11690,239,2023-12-22,completed,7500000
11691,390,2025-12-31,shipping,7000000
11692,317,2023-10-19,completed,4500000
11693,239,2024-11-27,completed,5800000
11694,565,2025-08-25,cancelled,9100000
11695,246,2025-08-18,completed,1200000
11696,258,2023-03-20,completed,10000000
11697,967,2025-11-21,completed,10600000
11698,24,2024-10-07,completed,24800000
11699,286,2024-03-13,shipping,1500000
11700,1141,2024-10-11,shipping,13000000
11701,28,2024-05-02,completed,1500000
11702,657,2025-11-15,completed,2000000
11703,726,2023-03-24,completed,5000000
11704,241,2025-12-28,shipping,8000000
11705,998,2023-12-16,completed,4000000
11706,848,2023-09-06,completed,1500000
11707,509,2024-02-15,shipping,1600000
11708,502,2024-09-18,shipping,4500000
11709,807,2025-04-22,shipping,2300000
11710,258,2024-10-30,completed,19000000
11711,289,2025-08-08,completed,2400000
11712,486,2023-04-27,completed,11500000
11713,604,2025-06-08,completed,4200000
11714,1197,2024-02-03,cancelled,16000000
11715,825,2024-11-29,completed,5000000
11716,753,2023-09-20,completed,2900000
11717,132,2023-10-06,shipping,1000000
11718,39,2024-08-25,completed,5600000
11719,278,2024-04-25,completed,6000000
11720,108,2023-10-19,pending,10000000
11721,189,2024-02-12,completed,4200000
11722,145,2024-10-02,completed,18000000
11723,723,2024-10-15,completed,8000000
11724,538,2023-02-07,cancelled,1500000
11725,342,2024-10-10,pending,20500000
11726,506,2025-01-01,completed,500000
11727,794,2024-01-04,completed,2100000
11728,365,2023-05-09,completed,3600000
11729,917,2025-09-27,shipping,800000
11730,702,2023-01-29,completed,6900000
11731,373,2025-01-20,shipping,3200000
11732,640,2024-12-26,cancelled,9800000
11733,778,2024-03-21,cancelled,8000000
11734,584,2025-06-30,completed,500000
11735,984,2023-06-20,completed,7000000
11736,866,2025-07-26,completed,2300000
11737,270,2025-06-22,cancelled,1200000
11738,90,2023-01-27,completed,2400000
11739,978,2024-06-07,pending,7300000
11740,599,2023-08-20,completed,3100000
11741,304,2024-05-17,completed,2000000
11742,375,2025-02-13,cancelled,4800000
11743,808,2024-01-27,completed,2000000
11744,1109,2024-07-11,completed,10000000
11745,1182,2024-05-09,completed,12500000
11746,39,2025-04-26,completed,34200000
11747,663,2025-12-17,completed,17000000
11748,1019,2023-10-24,completed,30000000
11749,28,2024-01-30,completed,1500000
11750,417,2025-12-12,completed,12000000
11751,500,2023-08-25,cancelled,1600000
11752,385,2023-03-14,returned,7300000
11753,201,2023-01-19,completed,5000000
11754,957,2025-06-18,completed,5000000
11755,1079,2025-05-28,completed,8400000
11756,232,2025-10-06,shipping,22000000
11757,423,2023-12-21,completed,21800000
11758,859,2023-07-26,pending,5600000
11759,648,2025-07-11,cancelled,3200000
11760,311,2025-04-14,completed,3000000
11761,365,2023-01-06,completed,1000000
11762,783,2023-11-05,completed,500000
11763,818,2024-11-23,completed,15800000
11764,14,2025-04-20,completed,3400000
11765,681,2024-08-29,completed,12600000
11766,764,2024-10-14,cancelled,2300000
11767,945,2024-06-28,completed,6500000
11768,558,2025-01-05,completed,800000
11769,1074,2025-10-24,completed,3400000
11770,800,2024-03-25,completed,5100000
11771,400,2024-05-15,returned,4800000
11772,174,2025-02-04,completed,21000000
11773,929,2025-08-14,returned,10000000
11774,81,2023-10-05,completed,11500000
11775,633,2023-06-05,completed,4500000
11776,840,2025-02-24,completed,6000000
11777,80,2023-10-01,completed,7000000
11778,79,2024-09-25,completed,6000000
11779,461,2023-08-07,completed,500000
11780,840,2023-02-19,completed,13000000
11781,515,2023-07-30,cancelled,7000000
11782,99,2024-08-19,completed,6800000
11783,754,2025-11-21,completed,5400000
11784,288,2023-08-11,completed,22000000
11785,895,2025-11-25,completed,1000000
11786,970,2023-12-23,cancelled,5000000
11787,705,2025-01-10,completed,500000
11788,213,2024-03-27,completed,13000000
11789,331,2025-07-17,shipping,3200000
11790,688,2025-07-22,completed,7000000
11791,596,2024-08-17,pending,4000000
11792,929,2024-10-16,shipping,14500000
11793,782,2025-04-04,cancelled,6800000
11794,1035,2024-11-08,completed,3000000
11795,645,2024-06-15,shipping,9500000
11796,15,2023-03-15,shipping,10000000
11797,1005,2023-04-01,completed,2000000
11798,71,2025-10-29,cancelled,9800000
11799,503,2023-04-16,completed,5000000
11800,1019,2024-07-18,completed,20500000
11801,109,2025-12-25,completed,2400000
11802,612,2025-02-17,completed,4600000
11803,235,2023-02-17,completed,3700000
11804,566,2023-01-25,completed,16500000
11805,939,2023-01-27,completed,5800000
11806,567,2025-06-09,completed,10000000
11807,417,2023-07-31,cancelled,18000000
11808,419,2023-11-14,completed,4900000
11809,31,2025-09-26,completed,1000000
11810,416,2025-08-10,completed,9000000
11811,92,2023-05-02,completed,8900000
11812,795,2023-09-03,completed,1000000
11813,83,2025-01-11,completed,1500000
11814,647,2025-01-13,completed,4200000
11815,745,2024-08-25,pending,6000000
11816,1166,2024-09-02,completed,13000000
11817,695,2024-12-31,completed,5100000
11818,212,2025-08-21,completed,3000000
11819,51,2023-01-22,completed,6500000
11820,906,2025-08-16,shipping,8300000
11821,432,2023-01-06,shipping,24300000
11822,1110,2025-07-23,completed,9500000
11823,1192,2025-08-23,completed,1300000
11824,398,2024-01-13,completed,15000000
11825,661,2025-09-22,completed,300000
11826,1168,2025-10-15,completed,1500000
11827,925,2023-11-02,completed,8800000
11828,705,2024-04-08,completed,1500000
11829,9,2023-01-26,completed,800000
11830,361,2025-08-09,completed,5900000
11831,113,2025-01-24,completed,4900000
11832,544,2023-12-26,completed,5600000
11833,1055,2024-03-12,returned,3600000
11834,964,2025-01-16,pending,4500000
11835,17,2023-06-14,completed,4500000
11836,368,2023-06-17,completed,4500000
11837,627,2023-02-08,completed,7500000
11838,548,2025-06-06,completed,15500000
11839,565,2024-12-30,pending,5000000
11840,64,2023-03-13,completed,15000000
11841,777,2024-12-29,completed,3500000
11842,1189,2025-08-01,completed,4600000
11843,416,2023-01-08,completed,6000000
11844,451,2025-04-06,completed,4600000
11845,443,2025-01-19,pending,5000000
11846,740,2024-11-29,completed,4600000
11847,469,2025-10-20,completed,20000000
11848,839,2023-12-13,completed,2000000
11849,198,2025-01-01,shipping,12200000
11850,546,2024-01-24,completed,4600000
11851,535,2025-01-25,completed,1500000
11852,263,2023-03-07,cancelled,17000000
11853,564,2023-09-12,completed,2400000
11854,468,2024-11-05,completed,1600000
11855,1112,2023-03-04,completed,3300000
11856,723,2024-08-15,cancelled,33000000
11857,1126,2025-07-05,shipping,500000
11858,935,2025-04-10,completed,3000000
11859,654,2024-11-17,completed,5000000
11860,1064,2024-06-22,cancelled,2000000
11861,314,2023-04-11,completed,3200000
11862,775,2023-08-10,completed,6200000
11863,390,2024-06-10,completed,2000000
11864,793,2023-10-17,completed,13400000
11865,290,2025-03-17,completed,6500000
11866,727,2023-03-28,pending,7600000
11867,232,2025-01-16,completed,5000000
11868,1011,2023-10-14,cancelled,8000000
11869,322,2023-08-19,pending,2800000
11870,484,2024-12-26,completed,7600000
11871,261,2023-05-13,pending,38200000
11872,916,2024-07-10,completed,8000000
