customer_id,product_id,purchase_count,avg_rating,order_count,score
1,9,4,4.0,1,2.8047
1,27,2,4.0,1,2.5493
1,32,1,5.0,1,2.8466
1,38,3,5.0,1,3.1931
1,39,2,3.5,2,2.2993
1,70,1,3.0,1,1.8466
1,76,2,4.0,1,2.5493
1,127,1,5.0,1,2.8466
1,138,1,4.0,1,2.3466
1,144,1,3.0,1,1.8466
1,170,3,4.0,1,2.6931
1,176,2,5.0,1,3.0493
1,210,1,3.0,1,1.8466
1,216,2,5.0,2,3.0493
1,265,2,5.0,1,3.0493
1,267,1,5.0,1,2.8466
1,269,1,4.0,1,2.3466
1,278,4,5.0,1,3.3047
2,20,2,3.0,1,2.0493
2,54,1,4.0,1,2.3466
2,58,3,5.0,1,3.1931
2,63,1,5.0,1,2.8466
2,78,4,3.5,2,2.5547
2,81,1,4.0,1,2.3466
2,82,1,4.0,1,2.3466
2,83,5,4.5,2,3.1459
2,85,2,3.0,1,2.0493
2,87,2,5.0,1,3.0493
2,95,4,4.0,2,2.8047
2,96,1,5.0,1,2.8466
2,98,3,4.0,1,2.6931
2,185,1,5.0,1,2.8466
2,189,1,5.0,1,2.8466
2,190,2,5.0,1,3.0493
2,191,2,5.0,1,3.0493
2,210,2,3.0,1,2.0493
2,215,2,3.0,1,2.0493
2,216,1,5.0,1,2.8466
2,280,1,5.0,1,2.8466
2,341,2,4.0,1,2.5493
3,23,3,5.0,1,3.1931
3,51,1,4.0,1,2.3466
3,90,2,5.0,1,3.0493
3,92,3,4.0,1,2.6931
3,121,4,4.5,2,3.0547
3,125,4,3.5,2,2.5547
3,126,2,5.0,1,3.0493
3,127,3,5.0,1,3.1931
3,128,3,5.0,1,3.1931
3,135,3,4.0,1,2.6931
3,137,5,4.0,2,2.8959
3,138,2,3.0,1,2.0493
3,225,1,5.0,1,2.8466
3,235,3,4.0,1,2.6931
3,236,3,4.0,1,2.6931
3,239,3,5.0,1,3.1931
3,271,3,5.0,1,3.1931
4,11,1,3.0,1,1.8466
4,61,1,5.0,1,2.8466
4,63,5,4.0,2,2.8959
4,64,3,4.5,2,2.9431
4,72,1,4.0,1,2.3466
4,78,6,4.2,4,3.073
4,101,1,4.0,1,2.3466
4,102,2,3.0,1,2.0493
4,103,3,5.0,1,3.1931
4,105,2,5.0,1,3.0493
4,109,1,4.0,1,2.3466
4,111,4,4.5,2,3.0547
4,113,6,4.7,3,3.323
4,115,2,4.5,2,2.7993
4,119,4,5.0,2,3.3047
4,245,1,4.0,1,2.3466
4,249,2,5.0,1,3.0493
5,1,5,4.5,2,3.1459
5,3,2,5.0,1,3.0493
5,8,1,5.0,1,2.8466
5,9,5,3.8,4,2.7959
5,16,3,4.5,2,2.9431
5,17,1,3.0,1,1.8466
5,31,3,4.0,1,2.6931
5,44,2,4.5,2,2.7993
5,46,2,5.0,1,3.0493
5,50,2,4.0,1,2.5493
5,51,2,4.0,1,2.5493
5,84,1,5.0,1,2.8466
5,86,12,4.2,5,3.3825
5,92,2,4.0,1,2.5493
5,118,1,3.0,1,1.8466
5,142,3,4.0,1,2.6931
5,193,2,5.0,1,3.0493
5,230,2,5.0,1,3.0493
5,234,4,4.0,1,2.8047
5,236,3,4.0,1,2.6931
6,86,1,5.0,1,2.8466
6,94,2,5.0,1,3.0493
6,121,1,5.0,1,2.8466
6,124,2,5.0,1,3.0493
6,125,1,5.0,1,2.8466
6,129,9,4.2,4,3.2513
6,132,1,5.0,1,2.8466
6,134,6,3.5,2,2.723
6,136,2,5.0,1,3.0493
6,138,1,5.0,1,2.8466
6,149,1,5.0,1,2.8466
6,194,1,5.0,1,2.8466
6,211,1,4.0,1,2.3466
6,261,1,4.0,1,2.3466
6,264,1,4.0,1,2.3466
6,267,1,5.0,1,2.8466
6,275,1,4.0,1,2.3466
6,277,1,5.0,1,2.8466
6,278,1,5.0,1,2.8466
6,280,1,4.0,1,2.3466
7,2,6,4.0,4,2.973
7,5,10,4.2,5,3.2989
7,6,9,4.0,4,3.1513
7,11,2,5.0,1,3.0493
7,18,10,4.2,4,3.2989
7,143,1,5.0,1,2.8466
7,147,1,5.0,1,2.8466
7,152,1,5.0,1,2.8466
7,157,1,3.0,1,1.8466
7,158,1,4.0,1,2.3466
7,160,3,4.5,2,2.9431
7,302,1,4.0,1,2.3466
8,65,4,4.0,2,2.8047
8,73,4,5.0,2,3.3047
8,77,4,4.5,2,3.0547
8,79,4,3.5,2,2.5547
8,80,3,5.0,2,3.1931
8,203,1,5.0,1,2.8466
8,213,2,3.0,1,2.0493
8,215,4,4.5,2,3.0547
8,218,1,5.0,1,2.8466
8,304,2,4.0,1,2.5493
9,65,5,5.0,2,3.3959
9,68,4,4.7,3,3.1547
9,86,2,3.0,1,2.0493
9,104,2,5.0,1,3.0493
9,107,2,4.0,1,2.5493
9,108,3,5.0,1,3.1931
9,110,6,5.0,2,3.473
9,126,2,4.0,1,2.5493
9,132,1,4.0,1,2.3466
9,133,3,5.0,1,3.1931
9,140,4,3.5,2,2.5547
9,219,3,5.0,1,3.1931
9,242,3,4.0,1,2.6931
9,243,2,5.0,1,3.0493
9,254,2,4.0,1,2.5493
9,255,1,5.0,1,2.8466
9,261,2,5.0,1,3.0493
9,306,1,5.0,1,2.8466
10,2,6,4.3,3,3.123
10,5,2,5.0,1,3.0493
10,6,2,5.0,1,3.0493
10,8,1,5.0,1,2.8466
10,12,1,5.0,1,2.8466
10,18,3,5.0,1,3.1931
10,20,2,5.0,1,3.0493
10,61,6,3.5,2,2.723
10,63,2,4.0,1,2.5493
10,71,1,4.0,1,2.3466
10,72,7,4.8,4,3.4397
10,78,3,4.0,2,2.6931
10,131,1,4.0,1,2.3466
10,134,1,5.0,1,2.8466
10,136,6,4.7,3,3.323
10,140,1,3.0,1,1.8466
10,149,1,3.0,1,1.8466
10,186,1,3.0,1,1.8466
10,268,1,5.0,1,2.8466
10,275,2,5.0,1,3.0493
10,280,1,4.0,1,2.3466
11,81,4,4.5,2,3.0547
11,82,9,4.2,4,3.2513
11,83,5,5.0,2,3.3959
11,84,1,4.0,1,2.3466
11,85,4,4.0,2,2.8047
11,86,1,5.0,1,2.8466
11,87,2,4.0,2,2.5493
11,88,2,5.0,1,3.0493
11,89,1,4.0,1,2.3466
11,95,5,4.7,3,3.2459
11,96,4,5.0,2,3.3047
11,97,2,3.0,1,2.0493
11,98,6,4.0,4,2.973
11,99,5,4.3,3,3.0459
11,135,1,4.0,1,2.3466
11,184,1,5.0,1,2.8466
11,203,1,5.0,1,2.8466
11,223,1,5.0,1,2.8466
11,224,1,4.0,1,2.3466
11,226,1,3.0,1,1.8466
11,235,1,5.0,1,2.8466
12,46,2,4.0,1,2.5493
12,86,8,4.2,4,3.1986
12,90,5,4.5,2,3.1459
12,95,2,5.0,1,3.0493
12,112,5,5.0,3,3.3959
12,117,5,4.7,3,3.2459
12,118,3,4.0,2,2.6931
12,120,5,4.3,3,3.0459
12,232,1,4.0,1,2.3466
12,259,3,5.0,1,3.1931
13,84,3,5.0,1,3.1931
13,91,6,5.0,2,3.473
13,93,6,4.7,3,3.323
13,94,3,4.0,1,2.6931
13,96,3,4.0,1,2.6931
13,106,5,5.0,3,3.3959
13,108,2,4.0,1,2.5493
13,114,3,5.0,1,3.1931
13,116,6,4.7,3,3.323
13,120,1,5.0,1,2.8466
13,123,3,5.0,1,3.1931
13,126,3,5.0,1,3.1931
13,130,4,4.5,2,3.0547
13,132,1,5.0,1,2.8466
13,133,2,5.0,1,3.0493
13,139,2,4.0,2,2.5493
13,230,2,4.0,1,2.5493
13,239,1,5.0,1,2.8466
13,267,1,4.0,1,2.3466
14,65,2,5.0,1,3.0493
14,68,6,4.3,3,3.123
14,71,1,4.0,1,2.3466
14,73,3,5.0,1,3.1931
14,77,2,3.0,1,2.0493
14,78,2,5.0,1,3.0493
14,80,3,3.0,1,2.1931
14,104,1,4.0,1,2.3466
14,106,2,5.0,1,3.0493
14,107,3,5.0,1,3.1931
14,108,6,5.0,2,3.473
14,110,1,3.0,1,1.8466
14,112,2,5.0,1,3.0493
14,116,2,3.0,1,2.0493
14,129,2,5.0,1,3.0493
14,130,7,4.0,4,3.0397
14,131,2,4.0,1,2.5493
14,132,3,3.0,1,2.1931
14,134,1,4.0,1,2.3466
14,138,2,3.0,1,2.0493
14,155,1,4.0,1,2.3466
14,214,1,4.0,1,2.3466
14,217,2,4.0,1,2.5493
14,242,1,4.0,1,2.3466
14,245,1,3.0,1,1.8466
14,252,1,4.0,1,2.3466
14,274,1,4.0,1,2.3466
15,26,4,4.5,2,3.0547
15,30,3,5.0,1,3.1931
15,34,2,5.0,1,3.0493
15,35,2,4.0,1,2.5493
15,37,5,5.0,2,3.3959
15,38,9,4.5,4,3.4013
15,104,4,4.5,2,3.0547
15,105,3,5.0,1,3.1931
15,106,4,3.5,2,2.5547
15,108,1,5.0,1,2.8466
15,109,1,5.0,1,2.8466
15,112,2,3.0,1,2.0493
15,114,9,4.0,3,3.1513
15,116,4,5.0,2,3.3047
15,120,1,4.0,1,2.3466
15,161,2,5.0,1,3.0493
15,246,1,4.0,1,2.3466
15,255,2,5.0,1,3.0493
15,259,1,5.0,1,2.8466
15,262,2,5.0,1,3.0493
16,21,3,4.5,2,2.9431
16,25,3,4.0,1,2.6931
16,26,2,4.0,1,2.5493
16,30,3,4.0,2,2.6931
16,34,7,3.7,3,2.8897
16,36,1,5.0,1,2.8466
16,37,1,5.0,1,2.8466
16,38,4,3.0,2,2.3047
16,45,3,3.0,1,2.1931
16,46,2,3.0,1,2.0493
16,53,2,5.0,1,3.0493
16,58,1,5.0,1,2.8466
16,59,4,5.0,2,3.3047
16,161,2,5.0,1,3.0493
16,168,2,3.0,1,2.0493
16,178,2,4.0,1,2.5493
16,181,1,5.0,1,2.8466
16,187,2,4.0,1,2.5493
17,22,1,4.0,1,2.3466
17,23,2,4.0,2,2.5493
17,24,4,4.0,2,2.8047
17,28,10,5.0,5,3.6989
17,29,3,5.0,2,3.1931
17,31,5,4.5,4,3.1459
17,36,6,4.7,3,3.323
17,157,1,5.0,1,2.8466
17,168,1,5.0,1,2.8466
17,170,1,5.0,1,2.8466
17,171,1,3.0,1,1.8466
17,176,1,3.0,1,1.8466
17,315,1,4.0,1,2.3466
18,4,7,4.3,3,3.1897
18,8,4,4.5,2,3.0547
18,10,6,4.3,3,3.123
18,11,1,5.0,1,2.8466
18,12,1,5.0,1,2.8466
18,13,5,4.5,2,3.1459
18,14,1,3.0,1,1.8466
18,15,7,4.0,3,3.0397
18,50,1,4.0,1,2.3466
18,145,2,5.0,1,3.0493
18,149,1,5.0,1,2.8466
18,150,1,4.0,1,2.3466
18,154,1,5.0,1,2.8466
18,157,3,5.0,1,3.1931
19,2,8,5.0,4,3.5986
19,5,5,4.7,3,3.2459
19,6,8,4.7,3,3.4486
19,18,3,5.0,1,3.1931
19,61,6,3.5,2,2.723
19,63,3,5.0,1,3.1931
19,64,2,5.0,1,3.0493
19,67,13,4.0,6,3.3195
19,71,6,4.7,3,3.323
19,74,2,5.0,1,3.0493
19,90,1,4.0,1,2.3466
19,141,1,5.0,1,2.8466
19,142,1,5.0,1,2.8466
19,145,1,5.0,1,2.8466
19,146,1,5.0,1,2.8466
19,150,1,4.0,1,2.3466
19,153,2,4.0,1,2.5493
19,182,2,4.0,1,2.5493
19,203,2,3.0,1,2.0493
19,206,1,4.0,1,2.3466
19,207,2,5.0,1,3.0493
19,210,1,5.0,1,2.8466
20,2,3,5.0,1,3.1931
20,8,4,4.0,2,2.8047
20,10,1,5.0,1,2.8466
20,14,3,4.5,2,2.9431
20,15,2,4.0,1,2.5493
20,20,5,4.7,3,3.2459
20,65,8,4.0,3,3.0986
20,67,3,3.0,1,2.1931
20,68,2,5.0,1,3.0493
20,73,3,5.0,1,3.1931
20,77,3,4.0,1,2.6931
20,79,6,4.7,3,3.323
20,80,1,3.0,1,1.8466
20,84,4,5.0,2,3.3047
20,86,3,3.0,1,2.1931
20,87,2,5.0,1,3.0493
20,88,1,5.0,1,2.8466
20,93,2,4.0,1,2.5493
20,97,1,5.0,1,2.8466
20,100,1,5.0,1,2.8466
20,106,2,3.0,1,2.0493
20,108,2,5.0,1,3.0493
20,113,2,5.0,1,3.0493
20,147,2,5.0,1,3.0493
20,150,3,3.0,1,2.1931
20,154,2,5.0,1,3.0493
20,158,3,3.0,1,2.1931
20,160,1,4.0,1,2.3466
20,210,2,5.0,1,3.0493
20,218,2,5.0,1,3.0493
20,228,1,5.0,1,2.8466
21,62,1,5.0,1,2.8466
21,66,3,5.0,1,3.1931
21,69,1,5.0,1,2.8466
21,74,4,4.0,2,2.8047
21,75,3,5.0,1,3.1931
21,76,5,4.0,2,2.8959
21,121,2,5.0,1,3.0493
21,122,3,5.0,1,3.1931
21,123,1,4.0,1,2.3466
21,124,3,3.5,2,2.4431
21,125,3,5.0,2,3.1931
21,127,3,5.0,1,3.1931
21,128,5,5.0,2,3.3959
21,135,1,5.0,1,2.8466
21,261,3,5.0,1,3.1931
22,21,7,4.2,4,3.1397
22,26,5,3.7,3,2.7459
22,30,7,4.5,4,3.2897
22,33,5,4.0,2,2.8959
22,35,1,5.0,1,2.8466
22,37,7,4.7,3,3.3897
22,38,7,4.2,4,3.1397
22,42,4,4.0,2,2.8047
22,43,2,4.0,1,2.5493
22,45,9,4.6,5,3.4513
22,53,4,5.0,2,3.3047
22,57,3,4.0,1,2.6931
22,158,1,3.0,1,1.8466
22,164,3,5.0,1,3.1931
22,165,2,3.0,1,2.0493
22,185,2,5.0,2,3.0493
22,188,1,4.0,1,2.3466
22,193,3,5.0,1,3.1931
22,196,1,5.0,1,2.8466
22,218,1,4.0,1,2.3466
23,104,3,4.0,1,2.6931
23,106,1,4.0,1,2.3466
23,107,5,3.0,2,2.3959
23,108,10,4.6,5,3.4989
23,110,2,5.0,1,3.0493
23,114,3,3.0,1,2.1931
23,116,2,5.0,1,3.0493
23,118,4,4.5,2,3.0547
23,126,3,5.0,1,3.1931
23,129,1,4.0,1,2.3466
23,130,3,4.5,2,2.9431
23,132,3,4.5,2,2.9431
23,133,1,4.0,1,2.3466
23,194,2,3.0,1,2.0493
23,249,3,5.0,1,3.1931
23,252,1,4.0,1,2.3466
23,263,1,3.0,1,1.8466
23,265,3,3.0,1,2.1931
23,268,3,5.0,1,3.1931
24,3,5,4.5,2,3.1459
24,16,5,4.0,2,2.8959
24,61,3,3.5,2,2.4431
24,69,5,4.5,2,3.1459
24,75,2,5.0,1,3.0493
24,76,1,5.0,1,2.8466
24,92,3,3.0,1,2.1931
24,201,3,5.0,1,3.1931
24,225,5,4.0,2,2.8959
24,234,1,5.0,1,2.8466
24,322,2,4.0,1,2.5493
25,21,1,5.0,1,2.8466
25,23,5,4.7,3,3.2459
25,27,1,5.0,1,2.8466
25,28,2,4.0,2,2.5493
25,32,1,3.0,1,1.8466
25,61,4,5.0,2,3.3047
25,63,4,4.0,2,2.8047
25,64,2,4.0,1,2.5493
25,67,4,4.0,2,2.8047
25,71,4,4.0,2,2.8047
25,72,3,4.0,1,2.6931
25,78,2,4.0,2,2.5493
25,97,1,4.0,1,2.3466
25,129,2,5.0,1,3.0493
25,130,1,3.0,1,1.8466
25,134,5,4.0,3,2.8959
25,136,1,4.0,1,2.3466
25,138,1,5.0,1,2.8466
25,201,2,5.0,1,3.0493
25,267,1,5.0,1,2.8466
25,330,2,3.0,1,2.0493
26,21,4,4.5,2,3.0547
26,25,1,5.0,1,2.8466
26,28,1,4.0,1,2.3466
26,30,5,4.3,3,3.0459
26,32,2,4.0,1,2.5493
26,33,5,5.0,2,3.3959
26,34,3,5.0,1,3.1931
26,37,4,3.7,3,2.6547
26,38,5,4.3,3,3.0459
26,65,4,4.3,3,2.9547
26,68,7,4.0,3,3.0397
26,70,2,3.0,1,2.0493
26,72,1,5.0,1,2.8466
26,73,2,4.0,1,2.5493
26,74,1,5.0,1,2.8466
26,76,2,3.0,1,2.0493
26,77,2,3.0,1,2.0493
26,79,2,5.0,1,3.0493
26,80,4,4.5,2,3.0547
26,100,3,5.0,1,3.1931
26,174,1,5.0,1,2.8466
26,179,2,5.0,1,3.0493
26,196,1,5.0,1,2.8466
26,203,1,5.0,1,2.8466
26,206,1,3.0,1,1.8466
26,211,3,4.0,1,2.6931
26,218,3,3.0,1,2.1931
27,4,2,4.0,1,2.5493
27,7,2,5.0,1,3.0493
27,8,2,5.0,1,3.0493
27,10,1,5.0,1,2.8466
27,12,1,3.0,1,1.8466
27,13,1,3.0,1,1.8466
27,15,4,4.0,2,2.8047
27,18,2,5.0,1,3.0493
27,20,3,5.0,1,3.1931
27,34,2,5.0,1,3.0493
27,42,11,4.6,5,3.5425
27,45,3,5.0,1,3.1931
27,59,5,4.5,2,3.1459
27,70,1,5.0,1,2.8466
27,194,2,4.0,1,2.5493
27,242,3,4.0,1,2.6931
27,318,3,3.0,1,2.1931
28,24,8,4.3,3,3.2486
28,31,2,5.0,2,3.0493
28,67,1,5.0,1,2.8466
28,101,5,4.3,3,3.0459
28,102,7,4.0,3,3.0397
28,103,5,4.3,3,3.0459
28,105,15,4.6,7,3.6863
28,109,3,5.0,1,3.1931
28,110,1,5.0,1,2.8466
28,111,2,3.0,1,2.0493
28,113,6,4.0,3,2.973
28,115,6,3.3,3,2.623
28,119,1,4.0,1,2.3466
28,162,2,4.0,1,2.5493
28,168,1,5.0,1,2.8466
28,173,1,4.0,1,2.3466
28,242,1,4.0,1,2.3466
28,256,1,4.0,1,2.3466
29,23,4,4.5,2,3.0547
29,24,3,5.0,2,3.1931
29,29,8,5.0,3,3.5986
29,31,5,5.0,2,3.3959
29,35,1,4.0,1,2.3466
29,36,4,3.0,2,2.3047
30,62,1,4.0,1,2.3466
30,63,1,5.0,1,2.8466
30,66,9,5.0,4,3.6513
30,69,3,4.0,1,2.6931
30,70,2,4.0,1,2.5493
30,74,3,4.5,2,2.9431
30,75,3,5.0,1,3.1931
30,76,4,4.5,2,3.0547
30,124,4,3.0,1,2.3047
30,216,1,5.0,1,2.8466
30,219,2,5.0,1,3.0493
31,42,3,4.0,1,2.6931
31,43,2,4.0,2,2.5493
31,45,1,5.0,1,2.8466
31,53,7,4.7,3,3.3897
31,57,5,4.5,2,3.1459
31,59,8,4.5,4,3.3486
31,101,2,5.0,1,3.0493
31,104,8,4.5,4,3.3486
31,105,2,5.0,1,3.0493
31,106,1,3.0,1,1.8466
31,107,5,4.5,2,3.1459
31,108,7,4.2,4,3.1397
31,110,6,4.5,2,3.223
31,114,1,5.0,1,2.8466
31,116,2,3.0,1,2.0493
31,117,3,5.0,1,3.1931
31,119,1,4.0,1,2.3466
31,196,1,3.0,1,1.8466
31,198,2,5.0,1,3.0493
31,243,4,4.0,1,2.8047
31,255,3,4.0,1,2.6931
32,2,2,4.0,1,2.5493
32,10,1,5.0,1,2.8466
32,12,2,4.0,1,2.5493
32,14,4,4.0,2,2.8047
32,26,2,4.0,1,2.5493
32,28,1,5.0,1,2.8466
32,34,3,5.0,1,3.1931
32,38,5,4.5,2,3.1459
32,104,1,5.0,1,2.8466
32,105,2,5.0,1,3.0493
32,106,1,5.0,1,2.8466
32,107,7,3.7,3,2.8897
32,110,3,4.0,1,2.6931
32,143,1,5.0,1,2.8466
32,162,1,4.0,1,2.3466
32,163,1,5.0,1,2.8466
32,177,1,4.0,1,2.3466
32,252,2,4.0,1,2.5493
32,345,1,4.0,1,2.3466
33,84,3,4.0,1,2.6931
33,88,3,4.0,2,2.6931
33,93,4,3.5,2,2.5547
33,97,2,5.0,1,3.0493
33,100,3,3.0,1,2.1931
33,104,3,5.0,1,3.1931
33,107,2,3.0,1,2.0493
33,108,4,4.5,2,3.0547
33,110,1,4.0,1,2.3466
33,112,1,4.0,1,2.3466
33,114,5,4.0,2,2.8959
33,116,2,4.0,1,2.5493
33,118,3,5.0,1,3.1931
33,218,2,5.0,1,3.0493
33,230,3,5.0,1,3.1931
33,239,2,4.0,1,2.5493
33,252,1,5.0,1,2.8466
33,274,1,4.0,1,2.3466
34,23,4,4.5,2,3.0547
34,24,3,4.0,1,2.6931
34,28,4,5.0,2,3.3047
34,29,1,5.0,1,2.8466
34,31,5,4.0,3,2.8959
34,36,4,4.5,2,3.0547
34,102,3,3.0,1,2.1931
34,103,3,3.0,1,2.1931
34,105,5,4.5,4,3.1459
34,109,5,4.3,3,3.0459
34,111,1,3.0,1,1.8466
34,113,3,4.0,2,2.6931
34,115,1,5.0,1,2.8466
34,119,9,4.2,4,3.2513
34,134,1,4.0,1,2.3466
34,136,1,4.0,1,2.3466
34,150,1,4.0,1,2.3466
34,171,1,5.0,1,2.8466
34,209,1,3.0,1,1.8466
34,261,1,4.0,1,2.3466
34,265,1,3.0,1,1.8466
34,305,1,4.0,1,2.3466
35,1,7,4.0,3,3.0397
35,3,9,4.7,3,3.5013
35,9,3,5.0,1,3.1931
35,11,2,5.0,1,3.0493
35,13,1,5.0,1,2.8466
35,14,1,5.0,1,2.8466
35,16,2,4.0,1,2.5493
35,17,3,4.7,3,3.0431
35,43,1,4.0,1,2.3466
35,44,5,4.0,2,2.8959
35,46,1,3.0,1,1.8466
35,51,1,4.0,1,2.3466
35,56,5,3.5,2,2.6459
35,121,3,4.0,1,2.6931
35,122,4,4.0,2,2.8047
35,137,4,4.0,2,2.8047
35,194,1,5.0,1,2.8466
35,278,4,4.0,1,2.8047
36,1,1,5.0,1,2.8466
36,4,3,5.0,1,3.1931
36,8,1,5.0,1,2.8466
36,14,3,5.0,1,3.1931
36,15,1,5.0,1,2.8466
36,53,1,4.0,1,2.3466
36,56,1,5.0,1,2.8466
36,57,2,5.0,1,3.0493
36,104,1,5.0,1,2.8466
36,106,2,5.0,1,3.0493
36,107,1,5.0,1,2.8466
36,108,3,5.0,1,3.1931
36,110,3,4.0,1,2.6931
36,116,7,5.0,3,3.5397
36,142,1,5.0,1,2.8466
36,184,1,5.0,1,2.8466
36,188,2,5.0,1,3.0493
36,199,3,5.0,1,3.1931
36,307,1,5.0,1,2.8466
37,62,1,5.0,1,2.8466
37,66,6,4.2,4,3.073
37,69,3,5.0,1,3.1931
37,70,4,5.0,2,3.3047
37,74,6,5.0,3,3.473
37,76,2,4.0,1,2.5493
37,102,2,5.0,1,3.0493
37,112,4,4.5,2,3.0547
37,117,4,5.0,2,3.3047
37,118,5,4.0,3,2.8959
37,203,1,5.0,1,2.8466
37,204,1,5.0,1,2.8466
37,209,3,3.0,1,2.1931
37,216,2,5.0,1,3.0493
37,219,1,4.0,1,2.3466
37,255,1,4.0,1,2.3466
37,300,1,4.0,1,2.3466
38,44,6,4.3,3,3.123
38,46,3,4.0,1,2.6931
38,51,3,5.0,1,3.1931
38,56,1,3.0,1,1.8466
38,81,3,5.0,1,3.1931
38,86,6,4.7,3,3.323
38,90,1,5.0,1,2.8466
38,92,1,3.0,1,1.8466
38,93,3,4.0,1,2.6931
38,101,1,3.0,1,1.8466
38,112,8,4.7,3,3.4486
38,117,1,4.0,1,2.3466
38,120,3,5.0,1,3.1931
38,128,3,3.0,1,2.1931
38,186,1,4.0,1,2.3466
38,228,2,5.0,1,3.0493
38,229,3,4.0,1,2.6931
38,237,1,5.0,1,2.8466
38,260,3,5.0,1,3.1931
38,293,2,5.0,1,3.0493
38,332,1,3.0,1,1.8466
39,19,4,3.0,1,2.3047
39,109,4,5.0,1,3.3047
39,112,2,5.0,1,3.0493
39,115,1,5.0,1,2.8466
39,117,2,3.0,1,2.0493
39,118,1,5.0,1,2.8466
39,121,3,5.0,1,3.1931
39,123,5,4.3,3,3.0459
39,124,1,5.0,1,2.8466
39,125,3,4.0,1,2.6931
39,126,2,4.0,1,2.5493
39,127,2,5.0,1,3.0493
39,128,4,4.0,2,2.8047
39,129,2,5.0,1,3.0493
39,131,4,4.0,1,2.8047
39,135,9,4.3,3,3.3013
39,137,5,4.0,3,2.8959
39,139,2,5.0,1,3.0493
39,243,2,5.0,1,3.0493
39,251,1,4.0,1,2.3466
39,268,4,5.0,1,3.3047
39,269,2,3.0,1,2.0493
39,271,2,3.0,1,2.0493
39,278,2,5.0,1,3.0493
39,282,2,5.0,1,3.0493
40,16,1,5.0,1,2.8466
40,41,1,3.0,1,1.8466
40,42,5,4.0,2,2.8959
40,43,6,4.5,2,3.223
40,44,3,4.0,2,2.6931
40,45,3,5.0,2,3.1931
40,49,3,5.0,2,3.1931
40,54,2,3.0,1,2.0493
40,57,3,5.0,2,3.1931
40,59,2,5.0,1,3.0493
40,60,1,5.0,1,2.8466
40,164,2,4.0,1,2.5493
40,182,3,5.0,1,3.1931
40,190,1,5.0,1,2.8466
40,194,1,5.0,1,2.8466
40,275,1,5.0,1,2.8466
40,312,3,3.0,1,2.1931
41,46,1,3.0,1,1.8466
41,48,1,5.0,1,2.8466
41,50,1,4.0,1,2.3466
41,52,2,3.0,1,2.0493
41,60,3,5.0,1,3.1931
41,61,2,4.0,1,2.5493
41,64,1,4.0,1,2.3466
41,67,4,4.0,2,2.8047
41,72,2,5.0,1,3.0493
41,78,3,3.0,1,2.1931
41,102,3,3.5,2,2.4431
41,104,1,3.0,1,1.8466
41,105,1,5.0,1,2.8466
41,108,1,5.0,1,2.8466
41,109,2,4.0,1,2.5493
41,115,4,5.0,2,3.3047
41,117,1,4.0,1,2.3466
41,119,1,5.0,1,2.8466
41,189,2,4.0,1,2.5493
41,198,1,5.0,1,2.8466
41,202,1,3.0,1,1.8466
41,206,2,4.0,1,2.5493
41,242,1,5.0,1,2.8466
41,257,1,4.0,1,2.3466
41,309,1,4.0,1,2.3466
41,321,1,5.0,1,2.8466
41,337,2,5.0,1,3.0493
41,345,1,4.0,1,2.3466
42,21,2,3.0,1,2.0493
42,26,2,5.0,1,3.0493
42,33,1,5.0,1,2.8466
42,34,1,5.0,1,2.8466
42,42,3,3.5,2,2.4431
42,47,1,5.0,1,2.8466
42,53,2,5.0,1,3.0493
43,1,5,4.0,2,2.8959
43,3,5,5.0,2,3.3959
43,7,3,5.0,1,3.1931
43,9,15,4.2,6,3.4863
43,11,5,4.0,2,2.8959
43,12,1,5.0,1,2.8466
43,16,3,5.0,1,3.1931
43,17,6,4.3,3,3.123
43,19,3,4.5,2,2.9431
43,43,2,4.0,1,2.5493
43,44,3,5.0,1,3.1931
43,46,2,4.0,1,2.5493
43,50,2,5.0,1,3.0493
43,56,7,3.7,3,2.8897
43,90,6,3.5,2,2.723
43,92,2,5.0,1,3.0493
43,100,4,4.0,2,2.8047
43,151,2,5.0,1,3.0493
43,181,2,5.0,1,3.0493
43,227,1,5.0,1,2.8466
44,1,1,4.0,1,2.3466
44,61,3,3.0,1,2.1931
44,63,1,4.0,1,2.3466
44,66,1,4.0,1,2.3466
44,71,3,5.0,1,3.1931
44,72,3,5.0,1,3.1931
44,76,1,5.0,1,2.8466
44,81,5,5.0,2,3.3959
44,85,2,4.0,1,2.5493
44,89,2,5.0,1,3.0493
44,90,1,4.0,1,2.3466
44,95,5,5.0,2,3.3959
44,99,2,4.0,1,2.5493
44,120,1,4.0,1,2.3466
44,128,1,5.0,1,2.8466
44,138,2,5.0,1,3.0493
44,139,1,3.0,1,1.8466
44,168,1,4.0,1,2.3466
44,218,1,4.0,1,2.3466
44,219,1,3.0,1,1.8466
44,222,1,5.0,1,2.8466
44,272,1,4.0,1,2.3466
44,350,1,5.0,1,2.8466
45,4,9,3.8,4,3.0513
45,6,1,5.0,1,2.8466
45,7,2,5.0,1,3.0493
45,8,6,4.0,2,2.973
45,10,8,4.7,3,3.4486
45,12,5,4.0,3,2.8959
45,13,3,4.5,2,2.9431
45,14,9,4.2,4,3.2513
45,15,9,4.3,3,3.3013
45,20,3,4.7,3,3.0431
45,48,1,4.0,1,2.3466
45,117,1,3.0,1,1.8466
45,140,1,4.0,1,2.3466
45,143,3,5.0,1,3.1931
45,145,1,4.0,1,2.3466
45,153,2,5.0,2,3.0493
45,155,1,5.0,1,2.8466
45,157,1,5.0,1,2.8466
45,160,2,4.0,1,2.5493
45,177,2,3.0,1,2.0493
45,217,1,4.0,1,2.3466
45,285,1,5.0,1,2.8466
45,305,1,4.0,1,2.3466
46,44,14,4.6,7,3.654
46,46,15,4.3,7,3.5363
46,48,3,5.0,1,3.1931
46,49,3,5.0,1,3.1931
46,51,16,4.1,7,3.4666
46,56,9,4.8,5,3.5513
46,57,2,5.0,1,3.0493
46,182,2,5.0,1,3.0493
46,183,2,5.0,1,3.0493
46,197,2,5.0,1,3.0493
47,37,3,4.0,1,2.6931
47,44,2,5.0,1,3.0493
47,46,2,5.0,1,3.0493
47,51,4,4.0,2,2.8047
47,66,1,5.0,1,2.8466
47,76,3,5.0,1,3.1931
47,88,4,5.0,1,3.3047
47,90,3,4.5,2,2.9431
47,92,4,4.0,2,2.8047
47,202,3,5.0,1,3.1931
47,263,3,5.0,1,3.1931
48,42,1,5.0,1,2.8466
48,44,2,4.0,2,2.5493
48,46,1,5.0,1,2.8466
48,59,2,5.0,1,3.0493
48,62,1,4.0,1,2.3466
48,65,1,5.0,1,2.8466
48,68,1,5.0,1,2.8466
48,75,3,4.5,2,2.9431
48,77,2,5.0,1,3.0493
48,108,2,5.0,1,3.0493
48,114,2,4.0,1,2.5493
48,139,1,3.0,1,1.8466
48,179,2,5.0,1,3.0493
48,188,2,4.0,1,2.5493
48,219,2,4.0,1,2.5493
48,244,2,5.0,1,3.0493
48,250,1,4.0,1,2.3466
48,254,1,5.0,1,2.8466
48,263,2,5.0,1,3.0493
49,1,1,5.0,1,2.8466
49,3,1,3.0,1,1.8466
49,7,3,3.0,1,2.1931
49,9,6,4.3,3,3.123
49,11,4,5.0,2,3.3047
49,17,1,4.0,1,2.3466
49,19,1,5.0,1,2.8466
49,106,4,3.5,2,2.5547
49,112,4,5.0,2,3.3047
49,117,5,4.0,2,2.8959
49,118,8,4.0,3,3.0986
49,119,2,5.0,1,3.0493
49,120,3,4.5,2,2.9431
49,135,2,4.0,1,2.5493
49,205,2,5.0,1,3.0493
49,219,3,3.0,1,2.1931
49,252,2,5.0,1,3.0493
49,256,2,4.0,1,2.5493
49,257,4,4.5,2,3.0547
50,26,4,5.0,1,3.3047
50,34,2,5.0,1,3.0493
50,42,2,5.0,1,3.0493
50,44,5,4.5,2,3.1459
50,46,1,4.0,1,2.3466
50,51,1,3.0,1,1.8466
50,56,1,4.0,1,2.3466
50,58,3,5.0,1,3.1931
50,62,3,5.0,1,3.1931
50,66,5,4.7,3,3.2459
50,69,3,5.0,1,3.1931
50,70,5,4.0,2,2.8959
50,74,1,3.0,1,1.8466
50,86,4,4.0,2,2.8047
50,88,1,5.0,1,2.8466
50,90,3,5.0,1,3.1931
50,92,4,5.0,1,3.3047
50,121,2,4.0,1,2.5493
50,173,2,4.0,1,2.5493
50,203,3,5.0,1,3.1931
50,209,1,4.0,1,2.3466
50,220,3,4.0,1,2.6931
50,256,3,4.0,1,2.6931
50,270,2,3.0,1,2.0493
50,309,2,5.0,1,3.0493
51,41,5,4.5,2,3.1459
51,43,1,5.0,1,2.8466
51,47,8,4.5,4,3.3486
51,48,1,3.0,1,1.8466
51,49,6,3.3,3,2.623
51,50,4,5.0,2,3.3047
51,53,1,5.0,1,2.8466
51,54,1,5.0,1,2.8466
51,55,1,3.0,1,1.8466
51,58,8,4.2,4,3.1986
51,63,1,3.0,1,1.8466
51,144,1,5.0,1,2.8466
51,184,1,5.0,1,2.8466
51,185,1,5.0,1,2.8466
51,186,1,4.0,1,2.3466
51,187,1,5.0,1,2.8466
51,192,1,4.0,1,2.3466
51,254,1,4.0,1,2.3466
52,109,2,3.0,1,2.0493
52,112,3,4.0,2,2.6931
52,117,4,5.0,3,3.3047
52,118,7,4.7,3,3.3897
52,120,6,4.0,3,2.973
52,180,4,3.0,1,2.3047
52,243,3,4.0,1,2.6931
52,251,3,4.0,1,2.6931
52,253,2,3.0,1,2.0493
52,255,2,5.0,1,3.0493
53,83,2,5.0,1,3.0493
53,84,3,4.0,2,2.6931
53,88,1,4.0,1,2.3466
53,91,1,3.0,1,1.8466
53,93,3,4.0,1,2.6931
53,94,4,4.5,2,3.0547
53,97,5,5.0,3,3.3959
53,99,3,5.0,1,3.1931
53,100,8,4.5,3,3.3486
53,231,1,4.0,1,2.3466
53,264,3,4.0,1,2.6931
54,83,1,4.0,1,2.3466
54,84,4,4.3,3,2.9547
54,88,1,5.0,1,2.8466
54,91,6,4.5,2,3.223
54,93,6,4.5,2,3.223
54,94,10,4.8,4,3.5989
54,96,2,4.0,1,2.5493
54,97,5,4.0,3,2.8959
54,99,1,3.0,1,1.8466
54,100,5,5.0,2,3.3959
54,164,2,5.0,1,3.0493
54,228,1,5.0,1,2.8466
54,229,3,5.0,1,3.1931
54,234,2,5.0,1,3.0493
54,236,4,5.0,2,3.3047
54,237,3,5.0,1,3.1931
54,238,3,5.0,1,3.1931
54,253,1,5.0,1,2.8466
54,255,3,4.0,1,2.6931
54,296,2,4.0,1,2.5493
55,4,4,4.5,2,3.0547
55,10,4,4.0,2,2.8047
55,13,1,4.0,1,2.3466
55,14,6,4.7,3,3.323
55,20,7,4.7,3,3.3897
55,21,3,5.0,1,3.1931
55,30,3,4.5,2,2.9431
55,33,3,5.0,1,3.1931
55,34,2,4.0,1,2.5493
55,37,3,5.0,1,3.1931
55,111,2,4.0,1,2.5493
56,1,5,4.3,3,3.0459
56,2,2,5.0,1,3.0493
56,3,2,4.0,2,2.5493
56,11,4,4.0,2,2.8047
56,14,1,5.0,1,2.8466
56,16,3,5.0,2,3.1931
56,17,8,4.3,3,3.2486
56,19,16,4.6,7,3.7166
56,63,4,4.0,1,2.8047
56,67,3,4.0,1,2.6931
56,69,2,4.0,1,2.5493
56,70,3,4.0,1,2.6931
56,75,1,5.0,1,2.8466
56,76,9,4.3,3,3.3013
56,79,3,5.0,1,3.1931
56,101,1,3.0,1,1.8466
56,108,3,5.0,1,3.1931
56,122,4,4.0,1,2.8047
56,143,3,4.0,1,2.6931
56,153,1,5.0,1,2.8466
56,174,2,4.0,1,2.5493
56,208,3,4.0,1,2.6931
56,215,6,4.5,2,3.223
57,20,4,4.0,1,2.8047
57,115,2,3.0,1,2.0493
57,123,3,5.0,1,3.1931
57,124,4,5.0,2,3.3047
57,125,2,5.0,1,3.0493
57,127,3,4.0,1,2.6931
57,132,8,4.3,2,3.2486
57,135,1,3.0,1,1.8466
57,136,1,4.0,1,2.3466
57,137,3,5.0,1,3.1931
57,138,3,3.0,1,2.1931
57,140,1,5.0,1,2.8466
57,143,3,3.0,1,2.1931
57,250,4,5.0,1,3.3047
57,266,2,5.0,1,3.0493
57,269,6,4.5,2,3.223
57,270,4,4.0,1,2.8047
57,272,2,5.0,1,3.0493
57,273,1,5.0,1,2.8466
57,274,3,5.0,1,3.1931
57,276,2,5.0,1,3.0493
57,277,6,4.5,2,3.223
57,281,4,3.0,1,2.3047
58,91,4,4.0,2,2.8047
58,94,6,4.0,3,2.973
58,96,1,5.0,1,2.8466
58,97,3,4.0,1,2.6931
58,99,1,3.0,1,1.8466
58,160,2,3.0,1,2.0493
58,224,2,3.0,1,2.0493
58,232,1,5.0,1,2.8466
58,236,1,4.0,1,2.3466
58,240,1,5.0,1,2.8466
58,243,2,4.0,1,2.5493
58,349,3,5.0,1,3.1931
59,121,5,4.3,3,3.0459
59,122,5,3.7,3,2.7459
59,123,6,4.2,4,3.073
59,125,6,4.5,2,3.223
59,127,2,5.0,1,3.0493
59,128,5,4.5,2,3.1459
59,134,3,4.0,1,2.6931
59,135,2,5.0,1,3.0493
59,137,6,4.3,3,3.123
59,138,7,5.0,2,3.5397
59,140,2,3.0,1,2.0493
59,250,2,3.0,1,2.0493
59,267,1,4.0,1,2.3466
59,273,3,5.0,1,3.1931
60,82,1,4.0,1,2.3466
60,84,1,5.0,1,2.8466
60,86,3,3.0,1,2.1931
60,87,1,5.0,1,2.8466
60,88,4,4.0,2,2.8047
60,91,2,5.0,1,3.0493
60,94,1,4.0,1,2.3466
60,124,1,3.0,1,1.8466
60,126,1,5.0,1,2.8466
60,130,2,5.0,1,3.0493
60,131,3,3.5,2,2.4431
60,132,4,4.5,2,3.0547
60,133,5,4.5,2,3.1459
60,140,1,5.0,1,2.8466
60,220,2,4.0,1,2.5493
60,227,2,5.0,1,3.0493
60,235,1,5.0,1,2.8466
60,236,2,4.0,1,2.5493
60,261,1,3.0,1,1.8466
60,264,1,4.0,1,2.3466
60,271,2,5.0,1,3.0493
61,86,5,3.3,3,2.5459
61,90,9,4.6,5,3.4513
61,92,5,3.7,3,2.7459
61,235,4,5.0,1,3.3047
61,314,2,5.0,1,3.0493
62,42,3,5.0,1,3.1931
62,44,8,3.7,3,2.9486
62,46,2,4.0,2,2.5493
62,51,3,5.0,1,3.1931
62,52,3,3.0,1,2.1931
62,56,9,4.0,3,3.1513
62,57,3,5.0,1,3.1931
62,92,3,4.0,1,2.6931
62,166,2,4.0,1,2.5493
62,178,4,4.0,1,2.8047
62,181,1,5.0,1,2.8466
62,182,4,3.0,1,2.3047
62,184,3,5.0,1,3.1931
62,190,2,4.0,1,2.5493
62,261,3,4.0,1,2.6931
63,82,11,4.5,4,3.4925
63,83,2,4.0,1,2.5493
63,85,6,4.2,4,3.073
63,87,6,4.0,3,2.973
63,89,1,5.0,1,2.8466
63,93,1,4.0,1,2.3466
63,95,9,3.5,4,2.9013
63,96,4,4.5,2,3.0547
63,98,7,4.3,3,3.1897
63,99,5,4.0,2,2.8959
64,91,4,5.0,2,3.3047
64,92,1,5.0,1,2.8466
64,94,3,3.0,1,2.1931
64,95,1,4.0,1,2.3466
64,97,1,4.0,1,2.3466
64,98,1,4.0,1,2.3466
64,99,1,4.0,1,2.3466
64,104,1,4.0,1,2.3466
64,106,1,4.0,1,2.3466
64,107,1,5.0,1,2.8466
64,110,1,5.0,1,2.8466
64,111,1,4.0,1,2.3466
64,112,3,5.0,1,3.1931
64,115,3,5.0,1,3.1931
64,171,1,5.0,1,2.8466
64,194,3,4.0,1,2.6931
64,221,1,4.0,1,2.3466
64,224,3,4.0,1,2.6931
64,235,2,4.0,1,2.5493
64,238,2,5.0,1,3.0493
64,239,3,3.0,1,2.1931
64,242,1,5.0,1,2.8466
64,246,3,4.0,1,2.6931
64,247,3,5.0,1,3.1931
64,248,3,5.0,1,3.1931
64,256,3,5.0,1,3.1931
64,293,3,4.0,1,2.6931
64,309,2,4.0,1,2.5493
64,337,2,5.0,1,3.0493
65,44,3,5.0,2,3.1931
65,46,2,5.0,1,3.0493
65,51,4,4.5,2,3.0547
65,53,1,3.0,1,1.8466
65,56,6,4.7,3,3.323
65,107,2,4.0,1,2.5493
65,112,3,4.0,1,2.6931
65,117,3,4.5,2,2.9431
65,118,2,3.0,1,2.0493
65,120,8,4.0,3,3.0986
65,248,2,4.0,1,2.5493
65,291,2,4.0,1,2.5493
65,303,2,4.0,1,2.5493
65,322,4,5.0,1,3.3047
66,44,7,4.7,3,3.3897
66,46,5,4.0,2,2.8959
66,47,1,3.0,1,1.8466
66,51,8,4.3,3,3.2486
66,53,1,5.0,1,2.8466
66,56,5,3.5,2,2.6459
66,57,3,5.0,1,3.1931
66,59,2,4.0,1,2.5493
66,141,1,4.0,1,2.3466
66,181,4,5.0,1,3.3047
66,193,3,5.0,1,3.1931
66,198,3,4.0,1,2.6931
67,81,8,4.3,3,3.2486
67,82,7,5.0,3,3.5397
67,83,4,5.0,2,3.3047
67,85,8,4.2,4,3.1986
67,87,2,5.0,2,3.0493
67,89,2,5.0,1,3.0493
67,92,2,4.0,1,2.5493
67,95,2,5.0,1,3.0493
67,96,4,3.7,3,2.6547
67,97,1,5.0,1,2.8466
67,98,8,4.7,3,3.4486
67,99,4,5.0,3,3.3047
67,233,1,4.0,1,2.3466
68,2,6,3.7,3,2.823
68,5,6,4.0,2,2.973
68,6,7,4.7,3,3.3897
68,9,1,3.0,1,1.8466
68,18,6,5.0,2,3.473
68,19,2,5.0,1,3.0493
68,148,2,4.0,2,2.5493
68,151,1,5.0,1,2.8466
68,152,1,4.0,1,2.3466
68,190,1,5.0,1,2.8466
68,270,1,5.0,1,2.8466
68,298,1,4.0,1,2.3466
69,42,2,5.0,1,3.0493
69,46,1,5.0,1,2.8466
69,49,1,5.0,1,2.8466
69,51,2,5.0,2,3.0493
69,52,1,5.0,1,2.8466
69,58,2,5.0,1,3.0493
69,67,1,4.0,1,2.3466
69,86,1,4.0,1,2.3466
69,97,1,5.0,1,2.8466
69,126,1,5.0,1,2.8466
69,131,2,5.0,1,3.0493
69,164,2,4.0,1,2.5493
69,262,2,5.0,1,3.0493
69,265,2,5.0,1,3.0493
70,65,5,4.5,2,3.1459
70,77,3,3.0,1,2.1931
70,104,3,5.0,1,3.1931
70,107,1,4.0,1,2.3466
70,108,3,5.0,1,3.1931
70,110,1,4.0,1,2.3466
70,116,3,4.0,1,2.6931
71,2,2,3.5,2,2.2993
71,5,1,5.0,1,2.8466
71,6,2,5.0,1,3.0493
71,7,1,4.0,1,2.3466
71,18,8,4.3,3,3.2486
71,82,1,4.0,1,2.3466
71,83,5,4.7,3,3.2459
71,85,3,5.0,3,3.1931
71,87,5,4.0,2,2.8959
71,89,3,4.0,1,2.6931
71,96,10,4.8,4,3.5989
71,98,2,3.0,1,2.0493
71,99,3,4.5,2,2.9431
71,117,2,5.0,1,3.0493
71,141,1,4.0,1,2.3466
71,156,2,5.0,1,3.0493
71,160,1,5.0,1,2.8466
71,223,1,4.0,1,2.3466
71,237,1,5.0,1,2.8466
71,333,1,3.0,1,1.8466
71,342,1,5.0,1,2.8466
71,344,1,5.0,1,2.8466
72,5,3,3.5,2,2.4431
72,6,2,4.0,1,2.5493
72,14,1,5.0,1,2.8466
72,18,3,3.0,1,2.1931
72,20,2,5.0,1,3.0493
72,91,1,4.0,1,2.3466
72,122,1,3.0,1,1.8466
72,129,2,5.0,1,3.0493
72,130,1,4.0,1,2.3466
72,134,6,4.3,3,3.123
72,136,2,4.0,1,2.5493
72,139,2,4.5,2,2.7993
72,141,1,5.0,1,2.8466
72,153,2,4.5,2,2.7993
72,158,2,5.0,1,3.0493
72,219,1,4.0,1,2.3466
72,266,1,5.0,1,2.8466
72,272,1,5.0,1,2.8466
72,273,1,4.0,1,2.3466
72,321,1,5.0,1,2.8466
73,41,6,5.0,3,3.473
73,47,1,3.0,1,1.8466
73,48,2,5.0,1,3.0493
73,49,3,3.5,2,2.4431
73,50,1,3.0,1,1.8466
73,54,3,3.0,1,2.1931
73,55,2,5.0,1,3.0493
73,60,3,5.0,1,3.1931
73,81,2,5.0,1,3.0493
73,82,7,4.7,3,3.3897
73,85,3,5.0,1,3.1931
73,87,2,5.0,1,3.0493
73,89,6,4.3,3,3.123
73,96,2,5.0,1,3.0493
73,98,1,3.0,1,1.8466
73,99,4,4.5,2,3.0547
73,117,1,4.0,1,2.3466
73,134,1,3.0,1,1.8466
73,136,4,4.7,3,3.1547
73,188,1,5.0,1,2.8466
73,280,1,5.0,1,2.8466
74,21,4,5.0,1,3.3047
74,25,2,4.0,1,2.5493
74,27,3,5.0,1,3.1931
74,46,3,5.0,1,3.1931
74,51,3,3.0,1,2.1931
74,62,1,5.0,1,2.8466
74,66,4,4.5,2,3.0547
74,70,5,4.8,4,3.2959
74,74,8,4.3,3,3.2486
74,75,1,5.0,1,2.8466
74,76,1,4.0,1,2.3466
74,111,2,5.0,1,3.0493
74,162,4,5.0,1,3.3047
74,176,1,4.0,1,2.3466
74,193,3,4.0,1,2.6931
74,196,4,5.0,1,3.3047
74,254,2,5.0,1,3.0493
75,45,2,5.0,1,3.0493
75,57,1,4.0,1,2.3466
75,59,5,4.0,2,2.8959
75,60,2,4.0,1,2.5493
75,68,2,4.5,2,2.7993
75,77,3,4.0,1,2.6931
75,79,2,5.0,1,3.0493
75,80,7,4.3,3,3.1897
76,65,2,4.0,1,2.5493
76,68,1,5.0,1,2.8466
76,71,2,4.5,2,2.7993
76,73,10,4.4,5,3.3989
76,77,1,5.0,1,2.8466
76,79,3,3.0,1,2.1931
76,80,6,4.7,3,3.323
76,102,3,4.0,1,2.6931
76,104,2,3.0,1,2.0493
76,106,8,3.8,4,2.9986
76,108,5,3.5,2,2.6459
76,110,2,5.0,1,3.0493
76,114,2,5.0,1,3.0493
76,201,2,5.0,1,3.0493
76,252,1,5.0,1,2.8466
76,302,2,4.0,1,2.5493
76,305,1,5.0,1,2.8466
77,29,1,4.0,1,2.3466
77,61,6,5.0,3,3.473
77,63,10,4.8,4,3.5989
77,64,5,4.5,4,3.1459
77,66,1,4.0,1,2.3466
77,67,7,5.0,3,3.5397
77,71,10,3.6,5,2.9989
77,72,5,5.0,2,3.3959
77,74,1,5.0,1,2.8466
77,78,5,4.5,2,3.1459
77,170,1,4.0,1,2.3466
77,203,2,5.0,1,3.0493
77,207,1,4.0,1,2.3466
77,217,1,5.0,1,2.8466
77,220,1,4.0,1,2.3466
78,122,1,4.0,1,2.3466
78,126,7,4.7,3,3.3897
78,130,3,4.0,1,2.6931
78,131,10,3.8,4,3.0989
78,132,4,4.7,3,3.1547
78,133,7,4.3,3,3.1897
78,137,3,5.0,1,3.1931
78,139,6,4.5,4,3.223
78,140,4,4.3,3,2.9547
78,154,1,5.0,1,2.8466
78,169,1,5.0,1,2.8466
78,226,1,5.0,1,2.8466
78,266,1,4.0,1,2.3466
78,267,1,4.0,1,2.3466
78,272,1,4.0,1,2.3466
78,274,2,4.0,1,2.5493
78,275,2,4.0,1,2.5493
79,2,8,4.5,4,3.3486
79,6,4,4.5,2,3.0547
79,7,1,4.0,1,2.3466
79,10,1,5.0,1,2.8466
79,16,1,5.0,1,2.8466
79,18,4,4.0,2,2.8047
79,61,7,4.8,4,3.4397
79,63,5,4.0,2,2.8959
79,64,4,4.5,2,3.0547
79,67,5,4.0,3,2.8959
79,71,5,4.5,2,3.1459
79,115,1,4.0,1,2.3466
79,125,2,4.0,1,2.5493
79,127,1,5.0,1,2.8466
79,134,7,3.7,3,2.8897
79,153,1,5.0,1,2.8466
79,190,1,5.0,1,2.8466
79,221,1,5.0,1,2.8466
79,263,1,3.0,1,1.8466
79,340,2,4.0,1,2.5493
80,61,3,4.0,1,2.6931
80,63,2,5.0,1,3.0493
80,64,5,4.5,2,3.1459
80,67,3,5.0,1,3.1931
80,71,3,5.0,1,3.1931
80,78,5,4.0,2,2.8959
80,105,1,3.0,1,1.8466
80,112,1,5.0,1,2.8466
80,113,5,4.0,2,2.8959
80,115,1,5.0,1,2.8466
80,116,1,5.0,1,2.8466
80,162,2,4.0,1,2.5493
80,206,1,5.0,1,2.8466
80,211,1,4.0,1,2.3466
80,215,2,4.0,1,2.5493
81,41,1,4.0,1,2.3466
81,42,14,4.2,6,3.454
81,43,6,4.7,3,3.323
81,45,6,5.0,3,3.473
81,51,2,5.0,2,3.0493
81,53,9,4.7,3,3.5013
81,56,2,5.0,1,3.0493
81,57,3,4.0,2,2.6931
81,59,5,4.0,2,2.8959
81,112,1,3.0,1,1.8466
81,188,1,5.0,1,2.8466
81,189,2,5.0,1,3.0493
81,191,1,5.0,1,2.8466
81,249,1,3.0,1,1.8466
81,272,2,4.0,1,2.5493
82,21,2,5.0,1,3.0493
82,26,3,4.0,1,2.6931
82,30,1,5.0,1,2.8466
82,34,6,5.0,2,3.473
82,37,3,5.0,1,3.1931
82,43,3,4.0,1,2.6931
82,84,6,4.0,2,2.973
82,88,1,5.0,1,2.8466
82,91,6,4.3,3,3.123
82,94,1,4.0,1,2.3466
82,97,3,5.0,1,3.1931
82,100,2,5.0,1,3.0493
82,104,2,4.0,1,2.5493
82,106,4,3.7,3,2.6547
82,107,3,3.0,1,2.1931
82,108,2,5.0,1,3.0493
82,110,1,5.0,1,2.8466
82,114,1,5.0,1,2.8466
82,116,8,3.7,3,2.9486
82,176,1,4.0,1,2.3466
83,2,1,3.0,1,1.8466
83,5,5,4.5,2,3.1459
83,6,7,4.2,4,3.1397
83,7,2,4.0,1,2.5493
83,10,1,5.0,1,2.8466
83,18,5,4.3,3,3.0459
83,23,2,3.0,1,2.0493
83,24,1,4.0,1,2.3466
83,27,2,5.0,1,3.0493
83,28,2,4.0,2,2.5493
83,29,1,5.0,1,2.8466
83,34,1,4.0,1,2.3466
83,36,3,4.5,2,2.9431
83,81,1,4.0,1,2.3466
83,144,1,5.0,1,2.8466
83,166,1,4.0,1,2.3466
83,173,1,5.0,1,2.8466
83,276,1,4.0,1,2.3466
83,291,1,5.0,1,2.8466
84,52,2,5.0,1,3.0493
84,61,3,4.0,1,2.6931
84,62,6,4.3,3,3.123
84,66,3,5.0,1,3.1931
84,69,5,4.7,3,3.2459
84,70,4,3.5,2,2.5547
84,74,1,5.0,1,2.8466
84,75,3,4.0,1,2.6931
84,76,3,4.0,1,2.6931
84,78,2,5.0,1,3.0493
84,201,9,4.3,3,3.3013
84,207,3,4.5,2,2.9431
84,208,2,4.0,1,2.5493
84,212,2,4.0,1,2.5493
84,213,2,4.0,1,2.5493
84,220,3,4.0,1,2.6931
84,267,3,5.0,1,3.1931
85,65,3,5.0,1,3.1931
85,68,8,3.7,3,2.9486
85,75,1,4.0,1,2.3466
85,79,9,4.7,3,3.5013
85,80,10,4.5,4,3.4489
85,129,2,5.0,1,3.0493
85,130,4,4.7,3,3.1547
85,131,5,4.5,2,3.1459
85,132,8,4.0,4,3.0986
85,133,5,5.0,2,3.3959
85,139,6,3.5,2,2.723
85,140,3,4.0,1,2.6931
85,152,2,3.0,1,2.0493
85,193,2,4.0,1,2.5493
85,272,1,4.0,1,2.3466
85,277,1,5.0,1,2.8466
86,10,1,3.0,1,1.8466
86,55,1,4.0,1,2.3466
86,61,5,4.3,3,3.0459
86,63,4,4.5,2,3.0547
86,64,5,4.3,3,3.0459
86,66,1,5.0,1,2.8466
86,67,1,5.0,1,2.8466
86,69,1,3.0,1,1.8466
86,71,7,4.3,3,3.1897
86,72,5,3.5,2,2.6459
86,75,1,3.0,1,1.8466
86,78,4,4.3,3,2.9547
86,101,1,5.0,1,2.8466
86,130,1,3.0,1,1.8466
86,209,2,4.0,1,2.5493
86,210,1,4.0,1,2.3466
86,212,1,5.0,1,2.8466
86,215,1,5.0,1,2.8466
86,216,2,3.5,2,2.2993
86,217,1,4.0,1,2.3466
86,244,1,4.0,1,2.3466
86,291,1,5.0,1,2.8466
86,346,1,4.0,1,2.3466
87,23,1,4.0,1,2.3466
87,42,3,5.0,1,3.1931
87,43,3,4.0,1,2.6931
87,45,3,5.0,2,3.1931
87,49,1,5.0,1,2.8466
87,50,2,5.0,1,3.0493
87,53,2,5.0,1,3.0493
87,54,1,4.0,1,2.3466
87,58,1,5.0,1,2.8466
87,59,1,5.0,1,2.8466
87,113,1,3.0,1,1.8466
87,164,2,3.0,1,2.0493
87,183,1,3.0,1,1.8466
87,186,1,5.0,1,2.8466
87,190,1,5.0,1,2.8466
87,191,1,5.0,1,2.8466
87,193,2,4.0,1,2.5493
87,199,1,5.0,1,2.8466
87,262,1,5.0,1,2.8466
88,8,3,3.0,1,2.1931
88,51,3,3.0,1,2.1931
88,58,1,4.0,1,2.3466
88,185,2,4.0,1,2.5493
88,324,4,4.0,1,2.8047
89,25,3,5.0,1,3.1931
89,32,7,5.0,3,3.5397
89,33,2,5.0,1,3.0493
89,62,4,3.5,2,2.5547
89,66,5,4.0,2,2.8959
89,74,1,4.0,1,2.3466
89,76,3,4.0,1,2.6931
89,90,2,5.0,1,3.0493
89,122,2,5.0,1,3.0493
89,123,2,5.0,1,3.0493
89,124,1,4.0,1,2.3466
89,125,1,4.0,1,2.3466
89,137,1,5.0,1,2.8466
89,138,2,4.0,1,2.5493
89,170,2,5.0,1,3.0493
89,214,3,4.0,1,2.6931
89,273,3,5.0,1,3.1931
89,274,3,5.0,1,3.1931
90,65,2,5.0,1,3.0493
90,73,3,5.0,1,3.1931
90,77,1,3.0,1,1.8466
90,79,2,5.0,2,3.0493
90,80,6,4.5,2,3.223
90,84,3,4.5,2,2.9431
90,86,3,5.0,1,3.1931
90,88,3,4.0,1,2.6931
90,92,1,4.0,1,2.3466
90,93,3,5.0,1,3.1931
90,95,1,5.0,1,2.8466
90,96,2,5.0,1,3.0493
90,97,5,4.5,2,3.1459
90,100,2,5.0,1,3.0493
90,124,3,4.0,1,2.6931
90,126,3,4.0,2,2.6931
90,131,4,4.5,2,3.0547
90,133,1,4.0,1,2.3466
90,138,1,3.0,1,1.8466
90,139,1,5.0,1,2.8466
90,214,2,4.0,1,2.5493
90,215,2,4.0,1,2.5493
90,222,3,4.0,1,2.6931
90,223,3,5.0,1,3.1931
90,229,3,5.0,1,3.1931
91,84,3,4.0,1,2.6931
91,85,1,5.0,1,2.8466
91,86,3,4.5,2,2.9431
91,93,1,4.0,1,2.3466
91,94,2,5.0,1,3.0493
91,97,4,5.0,2,3.3047
91,98,3,4.0,1,2.6931
91,100,4,4.5,2,3.0547
91,102,2,5.0,1,3.0493
91,179,2,4.0,1,2.5493
91,222,1,5.0,1,2.8466
91,235,3,4.0,1,2.6931
91,237,1,4.0,1,2.3466
91,331,2,5.0,1,3.0493
91,340,2,3.0,1,2.0493
92,61,3,4.0,1,2.6931
92,62,6,4.0,3,2.973
92,66,2,5.0,1,3.0493
92,69,8,4.6,5,3.3986
92,70,5,4.3,3,3.0459
92,74,8,4.5,4,3.3486
92,75,5,4.5,2,3.1459
92,76,6,5.0,2,3.473
92,106,2,3.0,1,2.0493
92,111,2,5.0,1,3.0493
92,112,3,4.0,2,2.6931
92,118,4,3.5,2,2.5547
92,211,2,4.0,1,2.5493
92,213,1,5.0,1,2.8466
92,220,1,4.0,1,2.3466
92,249,1,5.0,1,2.8466
93,2,2,5.0,1,3.0493
93,6,4,3.5,2,2.5547
93,12,2,5.0,1,3.0493
93,18,3,4.0,2,2.6931
93,23,3,4.0,2,2.6931
93,24,4,4.0,3,2.8047
93,28,5,4.5,2,3.1459
93,29,5,5.0,2,3.3959
93,31,5,4.3,3,3.0459
93,36,2,4.0,1,2.5493
93,61,6,4.3,3,3.123
93,63,2,5.0,1,3.0493
93,64,2,4.0,1,2.5493
93,65,2,5.0,1,3.0493
93,71,5,4.5,2,3.1459
93,72,6,4.2,4,3.073
93,78,2,5.0,1,3.0493
93,201,1,5.0,1,2.8466
93,202,2,4.0,1,2.5493
93,207,1,3.0,1,1.8466
93,215,1,5.0,1,2.8466
93,218,2,4.0,1,2.5493
94,45,1,4.0,1,2.3466
94,91,2,3.0,1,2.0493
94,93,1,4.0,1,2.3466
94,120,3,4.0,1,2.6931
94,121,2,3.0,1,2.0493
94,126,2,4.0,1,2.5493
94,127,2,5.0,1,3.0493
94,128,1,4.0,1,2.3466
94,131,2,5.0,1,3.0493
94,132,3,4.5,2,2.9431
94,133,3,5.0,2,3.1931
94,134,2,4.5,2,2.7993
94,139,2,4.0,1,2.5493
94,140,3,5.0,1,3.1931
94,265,3,5.0,1,3.1931
94,276,3,5.0,1,3.1931
94,277,2,3.0,1,2.0493
94,278,2,5.0,1,3.0493
94,280,3,4.5,2,2.9431
95,64,1,5.0,1,2.8466
95,101,4,4.0,2,2.8047
95,102,5,4.3,2,3.0459
95,103,2,5.0,1,3.0493
95,105,7,3.7,3,2.8897
95,111,6,4.0,3,2.973
95,113,6,4.3,3,3.123
95,114,1,5.0,1,2.8466
95,115,6,5.0,2,3.473
95,119,3,4.0,1,2.6931
95,120,1,4.0,1,2.3466
95,202,2,4.0,1,2.5493
95,241,1,4.0,1,2.3466
95,242,1,5.0,1,2.8466
95,249,2,4.0,1,2.5493
95,251,1,4.0,1,2.3466
95,252,1,4.0,1,2.3466
95,329,2,4.0,1,2.5493
96,42,3,5.0,1,3.1931
96,43,2,4.0,1,2.5493
96,45,1,5.0,1,2.8466
96,57,2,3.0,1,2.0493
96,59,3,3.0,1,2.1931
96,126,3,4.0,1,2.6931
96,133,4,5.0,2,3.3047
96,139,2,4.0,1,2.5493
96,222,2,5.0,1,3.0493
96,268,1,5.0,1,2.8466
96,269,1,4.0,1,2.3466
96,287,1,3.0,1,1.8466
97,20,1,4.0,1,2.3466
97,22,2,4.0,1,2.5493
97,108,1,5.0,1,2.8466
97,121,3,5.0,1,3.1931
97,122,3,5.0,1,3.1931
97,126,5,4.7,3,3.2459
97,127,2,4.0,1,2.5493
97,129,3,5.0,1,3.1931
97,130,5,4.5,2,3.1459
97,131,2,5.0,1,3.0493
97,132,7,4.5,4,3.2897
97,133,3,4.0,1,2.6931
97,135,1,5.0,1,2.8466
97,136,6,5.0,2,3.473
97,138,2,5.0,1,3.0493
97,139,4,3.3,3,2.4547
97,140,5,4.0,2,2.8959
97,155,2,3.0,1,2.0493
97,159,1,4.0,1,2.3466
97,173,1,4.0,1,2.3466
97,212,1,5.0,1,2.8466
97,213,2,3.0,1,2.0493
97,263,1,5.0,1,2.8466
97,264,2,4.0,1,2.5493
97,265,2,4.0,1,2.5493
97,266,1,5.0,1,2.8466
97,268,2,5.0,1,3.0493
97,270,2,4.0,1,2.5493
97,273,1,5.0,1,2.8466
97,274,5,4.0,3,2.8959
97,276,2,5.0,2,3.0493
97,278,2,4.0,1,2.5493
97,280,3,4.5,2,2.9431
97,309,2,3.0,1,2.0493
97,314,1,3.0,1,1.8466
97,342,1,3.0,1,1.8466
97,344,2,4.0,1,2.5493
98,31,1,3.0,1,1.8466
98,44,1,4.0,1,2.3466
98,61,10,4.3,6,3.3489
98,63,1,5.0,1,2.8466
98,64,1,5.0,1,2.8466
98,67,3,4.0,2,2.6931
98,71,3,4.0,1,2.6931
98,72,1,3.0,1,1.8466
98,78,6,5.0,2,3.473
98,81,3,4.0,1,2.6931
98,83,2,4.5,2,2.7993
98,85,3,4.0,1,2.6931
98,89,1,4.0,1,2.3466
98,92,1,3.0,1,1.8466
98,96,3,5.0,2,3.1931
98,105,4,4.5,2,3.0547
98,109,1,3.0,1,1.8466
98,111,4,4.5,2,3.0547
98,113,1,4.0,1,2.3466
98,115,4,4.5,2,3.0547
98,204,1,4.0,1,2.3466
98,224,2,4.0,1,2.5493
98,237,2,5.0,1,3.0493
98,252,1,4.0,1,2.3466
98,258,1,3.0,1,1.8466
98,319,1,4.0,1,2.3466
98,320,1,4.0,1,2.3466
98,325,1,4.0,1,2.3466
99,25,6,4.3,3,3.123
99,27,3,5.0,1,3.1931
99,39,4,4.5,2,3.0547
99,40,3,4.0,1,2.6931
99,46,2,4.0,1,2.5493
99,51,3,4.0,2,2.6931
99,56,2,4.0,1,2.5493
99,112,2,5.0,1,3.0493
99,116,1,5.0,1,2.8466
99,117,5,4.5,2,3.1459
99,120,3,5.0,1,3.1931
99,234,2,4.0,1,2.5493
99,246,2,5.0,1,3.0493
99,249,4,4.0,1,2.8047
99,259,1,5.0,1,2.8466
99,279,3,5.0,1,3.1931
100,18,2,3.0,1,2.0493
100,24,1,5.0,1,2.8466
100,63,3,4.0,1,2.6931
100,66,1,4.0,1,2.3466
100,111,2,5.0,1,3.0493
100,196,1,3.0,1,1.8466
100,216,2,5.0,1,3.0493
100,243,1,5.0,1,2.8466
100,256,1,5.0,1,2.8466
100,315,1,4.0,1,2.3466
101,2,1,5.0,1,2.8466
101,14,4,4.0,2,2.8047
101,15,2,5.0,1,3.0493
101,58,1,4.0,1,2.3466
101,124,1,5.0,1,2.8466
101,126,1,5.0,1,2.8466
101,131,3,3.0,1,2.1931
101,132,1,4.0,1,2.3466
101,136,1,5.0,1,2.8466
101,140,2,5.0,1,3.0493
101,147,1,4.0,1,2.3466
101,155,2,4.0,1,2.5493
101,204,3,5.0,1,3.1931
101,266,2,5.0,1,3.0493
101,268,1,4.0,1,2.3466
101,275,1,5.0,1,2.8466
101,279,1,4.0,1,2.3466
101,283,2,4.0,1,2.5493
102,22,5,5.0,3,3.3959
102,25,4,4.5,2,3.0547
102,26,3,3.0,1,2.1931
102,27,5,3.5,2,2.6459
102,32,5,4.0,2,2.8959
102,35,9,4.2,4,3.2513
102,37,1,4.0,1,2.3466
102,39,1,5.0,1,2.8466
102,40,7,4.0,4,3.0397
102,165,1,4.0,1,2.3466
102,168,2,5.0,1,3.0493
102,183,2,4.0,1,2.5493
102,209,2,3.0,1,2.0493
103,23,4,4.0,2,2.8047
103,24,5,4.0,2,2.8959
103,28,4,4.3,3,2.9547
103,29,4,4.0,3,2.8047
103,31,6,5.0,2,3.473
103,33,1,5.0,1,2.8466
103,34,1,5.0,1,2.8466
103,36,3,4.0,2,2.6931
103,55,1,4.0,1,2.3466
103,162,2,4.0,1,2.5493
103,169,1,5.0,1,2.8466
103,171,1,5.0,1,2.8466
103,172,1,5.0,1,2.8466
103,173,1,4.0,1,2.3466
103,174,1,5.0,1,2.8466
103,175,2,5.0,1,3.0493
103,177,1,4.0,1,2.3466
103,178,2,4.0,1,2.5493
103,259,2,3.0,1,2.0493
103,278,1,4.0,1,2.3466
104,25,3,3.0,1,2.1931
104,27,2,5.0,1,3.0493
104,31,1,5.0,1,2.8466
104,32,5,4.5,2,3.1459
104,35,2,5.0,1,3.0493
104,39,8,5.0,3,3.5986
104,40,1,4.0,1,2.3466
104,62,3,3.0,1,2.1931
104,66,3,4.0,1,2.6931
104,67,2,4.0,1,2.5493
104,69,1,4.0,1,2.3466
104,70,4,4.5,2,3.0547
104,74,3,5.0,2,3.1931
104,75,4,4.0,2,2.8047
104,76,3,4.0,1,2.6931
104,112,3,5.0,1,3.1931
104,115,2,5.0,1,3.0493
104,118,6,4.3,3,3.123
104,167,1,5.0,1,2.8466
104,218,1,4.0,1,2.3466
104,241,2,5.0,1,3.0493
105,16,2,5.0,1,3.0493
105,51,3,5.0,1,3.1931
105,62,3,4.5,2,2.9431
105,69,1,5.0,1,2.8466
105,73,1,5.0,1,2.8466
105,74,5,4.5,2,3.1459
105,76,4,5.0,2,3.3047
105,123,2,4.0,2,2.5493
105,124,3,3.5,2,2.4431
105,127,3,4.0,1,2.6931
105,135,7,4.3,3,3.1897
105,138,2,3.0,1,2.0493
105,217,1,4.0,1,2.3466
105,333,1,5.0,1,2.8466
106,9,1,5.0,1,2.8466
106,10,5,3.5,2,2.6459
106,12,1,4.0,1,2.3466
106,14,2,3.0,1,2.0493
106,15,5,4.0,2,2.8959
106,20,1,5.0,1,2.8466
106,21,1,4.0,1,2.3466
106,33,2,5.0,1,3.0493
106,37,1,5.0,1,2.8466
106,41,2,4.0,1,2.5493
106,88,3,4.0,1,2.6931
106,91,2,5.0,1,3.0493
106,93,3,5.0,1,3.1931
106,97,2,5.0,1,3.0493
106,100,2,5.0,1,3.0493
106,160,2,4.0,1,2.5493
106,161,1,5.0,1,2.8466
106,181,1,5.0,1,2.8466
106,233,3,5.0,1,3.1931
106,336,1,4.0,1,2.3466
107,22,3,5.0,1,3.1931
107,39,1,4.0,1,2.3466
107,40,1,4.0,1,2.3466
107,42,3,5.0,1,3.1931
107,53,3,3.7,3,2.5431
107,55,2,4.0,1,2.5493
107,59,3,4.0,1,2.6931
107,65,2,5.0,2,3.0493
107,73,5,4.5,2,3.1459
107,77,8,4.3,3,3.2486
107,79,4,4.0,2,2.8047
107,80,6,3.7,3,2.823
107,107,3,5.0,1,3.1931
107,108,4,4.0,2,2.8047
107,114,5,5.0,2,3.3959
107,120,1,5.0,1,2.8466
107,146,1,3.0,1,1.8466
107,152,1,3.0,1,1.8466
107,181,1,5.0,1,2.8466
107,202,3,4.0,1,2.6931
107,208,1,5.0,1,2.8466
107,219,3,5.0,1,3.1931
107,251,1,3.0,1,1.8466
107,255,1,5.0,1,2.8466
107,275,1,3.0,1,1.8466
108,8,3,4.0,1,2.6931
108,9,2,4.0,1,2.5493
108,12,2,5.0,1,3.0493
108,13,1,5.0,1,2.8466
108,14,1,4.0,1,2.3466
108,15,6,4.3,3,3.123
108,21,1,5.0,1,2.8466
108,26,1,5.0,1,2.8466
108,30,1,3.0,1,1.8466
108,37,3,5.0,1,3.1931
108,38,3,5.0,1,3.1931
108,141,1,5.0,1,2.8466
108,173,2,5.0,1,3.0493
108,205,2,3.0,1,2.0493
108,250,2,5.0,1,3.0493
109,7,1,3.0,1,1.8466
109,27,1,5.0,1,2.8466
109,41,3,5.0,1,3.1931
109,49,3,3.0,1,2.1931
109,52,8,4.6,5,3.3986
109,97,1,4.0,1,2.3466
109,101,2,4.5,2,2.7993
109,103,5,4.0,2,2.8959
109,105,2,5.0,1,3.0493
109,109,6,4.8,4,3.373
109,111,1,5.0,1,2.8466
109,113,3,3.0,1,2.1931
109,114,4,3.7,3,2.6547
109,115,1,5.0,1,2.8466
109,119,1,5.0,1,2.8466
109,133,1,5.0,1,2.8466
109,186,1,4.0,1,2.3466
109,189,1,4.0,1,2.3466
109,195,1,4.0,1,2.3466
109,198,2,4.0,1,2.5493
109,244,2,4.0,1,2.5493
109,245,1,5.0,1,2.8466
109,253,1,3.0,1,1.8466
109,259,2,5.0,1,3.0493
109,278,1,5.0,1,2.8466
110,85,2,5.0,1,3.0493
110,86,8,4.3,3,3.2486
110,90,4,5.0,2,3.3047
110,92,8,4.5,4,3.3486
110,95,3,5.0,1,3.1931
110,223,4,5.0,1,3.3047
110,238,2,5.0,1,3.0493
110,267,3,5.0,1,3.1931
111,22,2,5.0,1,3.0493
111,25,1,5.0,1,2.8466
111,26,1,3.0,1,1.8466
111,27,2,5.0,1,3.0493
111,32,2,5.0,1,3.0493
111,35,3,4.5,2,2.9431
111,40,3,3.0,1,2.1931
111,121,2,4.0,1,2.5493
111,125,2,5.0,1,3.0493
111,128,3,4.0,1,2.6931
111,266,1,5.0,1,2.8466
111,275,2,4.0,1,2.5493
112,93,6,4.5,2,3.223
112,94,3,5.0,1,3.1931
112,97,6,5.0,2,3.473
112,98,1,5.0,1,2.8466
112,227,2,3.0,1,2.0493
112,230,1,4.0,1,2.3466
112,233,2,3.0,1,2.0493
113,38,2,4.0,1,2.5493
113,90,3,3.0,1,2.1931
113,104,4,5.0,2,3.3047
113,112,5,4.3,3,3.0459
113,116,3,4.0,1,2.6931
113,117,6,4.5,2,3.223
113,118,2,5.0,2,3.0493
113,120,1,4.0,1,2.3466
113,250,3,4.0,1,2.6931
113,341,3,3.0,1,2.1931
114,84,5,5.0,2,3.3959
114,88,5,4.3,3,3.0459
114,89,1,4.0,1,2.3466
114,91,5,3.5,2,2.6459
114,93,6,4.3,3,3.123
114,94,9,4.0,6,3.1513
114,97,6,4.0,4,2.973
114,98,1,5.0,1,2.8466
114,99,3,5.0,1,3.1931
114,100,7,4.2,4,3.1397
114,198,1,5.0,1,2.8466
114,229,1,4.0,1,2.3466
114,232,1,5.0,1,2.8466
114,237,3,3.7,3,2.5431
114,238,2,5.0,1,3.0493
114,295,1,5.0,1,2.8466
115,61,4,4.5,2,3.0547
115,62,1,5.0,1,2.8466
115,63,4,5.0,3,3.3047
115,64,5,3.8,4,2.7959
115,67,4,4.5,2,3.0547
115,68,1,5.0,1,2.8466
115,71,5,4.7,3,3.2459
115,72,2,5.0,1,3.0493
115,76,1,5.0,1,2.8466
115,77,1,5.0,1,2.8466
115,78,3,4.5,2,2.9431
115,100,1,5.0,1,2.8466
115,101,4,4.0,3,2.8047
115,103,1,4.0,1,2.3466
115,105,3,4.0,2,2.6931
115,111,3,5.0,1,3.1931
115,113,1,4.0,1,2.3466
115,115,1,5.0,1,2.8466
115,116,1,4.0,1,2.3466
115,119,5,4.0,2,2.8959
115,217,1,5.0,1,2.8466
115,246,1,5.0,1,2.8466
115,256,1,5.0,1,2.8466
115,259,1,5.0,1,2.8466
115,260,1,3.0,1,1.8466
115,345,2,4.0,1,2.5493
116,84,2,4.0,1,2.5493
116,88,2,5.0,1,3.0493
116,93,4,5.0,2,3.3047
116,94,1,5.0,1,2.8466
116,97,3,5.0,1,3.1931
116,126,4,5.0,2,3.3047
116,131,3,5.0,1,3.1931
116,137,2,5.0,1,3.0493
116,139,6,3.7,3,2.823
116,273,3,5.0,1,3.1931
116,277,1,5.0,1,2.8466
116,278,1,4.0,1,2.3466
117,1,1,4.0,1,2.3466
117,47,1,5.0,1,2.8466
117,52,4,4.0,2,2.8047
117,54,5,4.0,2,2.8959
117,58,5,5.0,2,3.3959
117,79,1,5.0,1,2.8466
117,101,6,4.7,3,3.323
117,102,2,3.0,1,2.0493
117,105,3,5.0,1,3.1931
117,109,1,4.0,1,2.3466
117,171,2,3.0,1,2.0493
117,186,1,4.0,1,2.3466
117,251,1,5.0,1,2.8466
118,4,3,5.0,1,3.1931
118,64,2,4.0,1,2.5493
118,121,4,5.0,2,3.3047
118,122,3,5.0,2,3.1931
118,123,11,4.6,5,3.5425
118,124,3,4.7,3,3.0431
118,125,6,4.5,4,3.223
118,126,4,5.0,1,3.3047
118,127,2,3.0,1,2.0493
118,128,13,4.5,6,3.5695
118,135,5,3.5,2,2.6459
118,137,12,4.2,5,3.3825
118,138,9,4.0,3,3.1513
118,267,4,4.0,1,2.8047
118,271,3,3.0,1,2.1931
118,274,4,4.0,1,2.8047
119,123,3,4.0,1,2.6931
119,126,3,4.5,2,2.9431
119,130,1,5.0,1,2.8466
119,131,3,3.0,1,2.1931
119,132,3,4.5,2,2.9431
119,133,1,3.0,1,1.8466
119,135,1,5.0,1,2.8466
119,136,6,4.3,3,3.123
119,139,1,4.0,1,2.3466
119,140,1,3.0,1,1.8466
119,142,2,5.0,1,3.0493
119,266,1,5.0,1,2.8466
119,275,2,5.0,1,3.0493
119,280,1,4.0,1,2.3466
119,303,2,3.0,1,2.0493
120,61,3,4.0,1,2.6931
120,65,7,4.7,3,3.3897
120,68,5,4.3,3,3.0459
120,73,13,4.6,5,3.6195
120,77,2,4.0,2,2.5493
120,79,6,5.0,3,3.473
120,80,12,4.8,5,3.6825
120,214,3,5.0,1,3.1931
120,219,2,5.0,1,3.0493
121,5,3,5.0,1,3.1931
121,10,3,5.0,1,3.1931
121,21,2,4.0,1,2.5493
121,35,1,4.0,1,2.3466
121,43,3,5.0,1,3.1931
121,47,1,3.0,1,1.8466
121,51,3,4.0,1,2.6931
121,53,2,5.0,1,3.0493
121,78,1,3.0,1,1.8466
121,98,2,3.0,1,2.0493
121,151,2,4.0,1,2.5493
121,164,1,5.0,1,2.8466
121,167,2,5.0,1,3.0493
121,219,2,3.0,1,2.0493
121,317,1,5.0,1,2.8466
122,22,3,3.0,1,2.1931
122,25,7,4.0,2,3.0397
122,27,1,3.0,1,1.8466
122,32,2,3.0,1,2.0493
122,35,4,4.0,2,2.8047
122,40,8,4.7,3,3.4486
122,41,2,4.0,1,2.5493
122,80,2,4.0,1,2.5493
122,86,2,4.0,1,2.5493
122,89,1,3.0,1,1.8466
122,91,2,5.0,1,3.0493
122,92,2,5.0,1,3.0493
122,94,4,4.0,1,2.8047
122,165,6,4.0,2,2.973
122,228,3,5.0,1,3.1931
122,235,1,4.0,1,2.3466
122,302,1,4.0,1,2.3466
123,61,6,5.0,3,3.473
123,63,2,5.0,1,3.0493
123,64,1,3.0,1,1.8466
123,67,1,3.0,1,1.8466
123,71,1,5.0,1,2.8466
123,76,1,4.0,1,2.3466
123,77,1,5.0,1,2.8466
123,78,2,4.5,2,2.7993
123,101,3,4.0,2,2.6931
123,102,1,3.0,1,1.8466
123,105,3,4.0,1,2.6931
123,109,1,5.0,1,2.8466
123,111,1,4.0,1,2.3466
123,115,4,4.5,2,3.0547
123,119,1,3.0,1,1.8466
123,162,1,5.0,1,2.8466
124,2,1,4.0,1,2.3466
124,5,4,3.5,2,2.5547
124,6,6,5.0,2,3.473
124,15,1,5.0,1,2.8466
124,18,3,5.0,1,3.1931
124,61,5,5.0,2,3.3959
124,62,1,4.0,1,2.3466
124,63,1,4.0,1,2.3466
124,67,3,4.5,2,2.9431
124,71,1,3.0,1,1.8466
124,78,5,4.0,2,2.8959
124,131,1,4.0,1,2.3466
124,145,2,5.0,1,3.0493
124,216,1,3.0,1,1.8466
124,247,1,4.0,1,2.3466
124,332,1,4.0,1,2.3466
125,43,3,5.0,2,3.1931
125,44,3,4.3,3,2.8431
125,46,3,4.0,2,2.6931
125,47,4,5.0,1,3.3047
125,51,6,4.5,2,3.223
125,56,7,5.0,3,3.5397
125,62,6,4.0,3,2.973
125,66,6,4.7,3,3.323
125,69,5,3.5,2,2.6459
125,70,5,3.5,2,2.6459
125,71,3,4.0,1,2.6931
125,74,5,4.0,4,2.8959
125,75,3,3.0,2,2.1931
125,76,6,3.7,3,2.823
125,194,3,4.0,1,2.6931
125,208,1,4.0,1,2.3466
125,220,2,4.0,1,2.5493
126,25,4,4.5,2,3.0547
126,27,1,3.0,1,1.8466
126,34,3,4.0,1,2.6931
126,35,5,4.5,2,3.1459
126,39,2,4.0,1,2.5493
126,40,1,5.0,1,2.8466
126,70,3,5.0,1,3.1931
126,76,1,5.0,1,2.8466
126,82,2,4.0,1,2.5493
126,112,3,5.0,1,3.1931
126,118,2,5.0,1,3.0493
126,120,3,5.0,1,3.1931
126,128,1,3.0,1,1.8466
126,134,1,4.0,1,2.3466
126,143,2,5.0,1,3.0493
126,167,1,5.0,1,2.8466
126,220,1,5.0,1,2.8466
126,251,1,5.0,1,2.8466
126,255,2,4.0,1,2.5493
127,3,3,5.0,1,3.1931
127,7,3,5.0,2,3.1931
127,9,3,5.0,1,3.1931
127,11,12,4.8,4,3.6825
127,13,4,5.0,1,3.3047
127,17,2,3.0,1,2.0493
127,19,4,3.5,2,2.5547
127,27,2,4.0,1,2.5493
127,31,3,4.0,1,2.6931
127,46,4,4.5,2,3.0547
127,51,1,4.0,1,2.3466
127,56,3,4.7,3,3.0431
127,57,1,5.0,1,2.8466
127,59,3,3.0,1,2.1931
127,149,2,4.0,1,2.5493
127,158,1,5.0,1,2.8466
127,195,1,5.0,1,2.8466
128,24,2,4.0,1,2.5493
128,29,1,4.0,1,2.3466
128,31,2,5.0,1,3.0493
128,47,1,5.0,1,2.8466
128,54,1,4.0,1,2.3466
128,58,3,5.0,2,3.1931
128,60,2,5.0,1,3.0493
128,74,1,4.0,1,2.3466
128,152,2,5.0,2,3.0493
128,177,2,5.0,1,3.0493
128,184,1,5.0,1,2.8466
128,191,2,3.0,1,2.0493
128,292,1,4.0,1,2.3466
128,341,2,5.0,1,3.0493
129,4,3,3.0,1,2.1931
129,8,1,5.0,1,2.8466
129,10,2,5.0,1,3.0493
129,12,3,4.0,1,2.6931
129,13,3,5.0,1,3.1931
129,15,4,4.0,2,2.8047
129,18,2,5.0,1,3.0493
129,19,3,4.0,1,2.6931
129,20,3,4.0,1,2.6931
129,35,3,4.0,1,2.6931
129,62,1,4.0,1,2.3466
129,65,7,4.3,3,3.1897
129,68,6,4.7,3,3.323
129,72,4,4.5,2,3.0547
129,76,1,4.0,1,2.3466
129,77,1,5.0,1,2.8466
129,80,3,3.5,2,2.4431
129,85,1,4.0,1,2.3466
129,103,3,4.0,1,2.6931
129,137,1,3.0,1,1.8466
129,141,1,5.0,1,2.8466
129,149,1,5.0,1,2.8466
129,151,1,5.0,1,2.8466
129,152,1,5.0,1,2.8466
129,155,1,5.0,1,2.8466
129,158,1,5.0,1,2.8466
129,160,3,4.0,1,2.6931
129,176,2,3.0,1,2.0493
129,184,1,5.0,1,2.8466
129,207,3,5.0,1,3.1931
129,210,3,5.0,1,3.1931
129,215,1,5.0,1,2.8466
129,219,2,5.0,1,3.0493
129,279,1,5.0,1,2.8466
129,324,2,4.0,1,2.5493
129,340,2,4.0,1,2.5493
129,349,3,4.0,1,2.6931
130,101,6,4.7,3,3.323
130,102,4,5.0,3,3.3047
130,105,2,4.0,2,2.5493
130,106,1,5.0,1,2.8466
130,109,1,4.0,1,2.3466
130,111,1,5.0,1,2.8466
130,112,1,5.0,1,2.8466
130,113,3,3.0,1,2.1931
130,119,2,5.0,1,3.0493
130,167,1,5.0,1,2.8466
130,255,1,5.0,1,2.8466
130,315,1,4.0,1,2.3466
131,30,1,3.0,1,1.8466
131,126,2,4.0,1,2.5493
131,127,1,4.0,1,2.3466
131,130,8,4.4,5,3.2986
131,131,10,4.5,6,3.4489
131,132,4,4.5,2,3.0547
131,133,8,4.5,4,3.3486
131,134,3,3.0,1,2.1931
131,137,1,3.0,1,1.8466
131,138,2,5.0,1,3.0493
131,139,4,5.0,2,3.3047
131,140,9,4.5,4,3.4013
131,270,1,3.0,1,1.8466
131,279,2,3.0,1,2.0493
131,315,2,3.0,1,2.0493
131,342,2,5.0,1,3.0493
132,1,4,4.0,2,2.8047
132,3,1,5.0,1,2.8466
132,7,2,4.0,2,2.5493
132,9,10,4.2,4,3.2989
132,11,3,5.0,1,3.1931
132,13,2,5.0,1,3.0493
132,16,2,4.5,2,2.7993
132,17,2,5.0,1,3.0493
132,19,2,4.0,1,2.5493
132,145,2,5.0,1,3.0493
132,260,3,3.0,1,2.1931
133,41,4,4.0,2,2.8047
133,43,1,3.0,1,1.8466
133,47,6,4.3,3,3.123
133,48,2,5.0,2,3.0493
133,49,4,4.0,2,2.8047
133,50,1,4.0,1,2.3466
133,52,3,5.0,1,3.1931
133,53,1,5.0,1,2.8466
133,54,4,4.5,2,3.0547
133,55,5,4.0,2,2.8959
133,57,1,4.0,1,2.3466
133,58,2,4.0,1,2.5493
133,182,2,4.0,1,2.5493
133,183,1,4.0,1,2.3466
133,187,2,5.0,1,3.0493
133,188,1,4.0,1,2.3466
133,198,2,5.0,2,3.0493
133,319,1,3.0,1,1.8466
134,22,7,4.0,3,3.0397
134,25,6,4.0,2,2.973
134,26,3,5.0,1,3.1931
134,27,4,4.0,2,2.8047
134,32,3,3.5,2,2.4431
134,37,3,4.5,2,2.9431
134,39,2,4.0,1,2.5493
134,40,3,5.0,2,3.1931
134,165,3,5.0,1,3.1931
135,2,2,4.0,2,2.5493
135,4,2,4.0,1,2.5493
135,5,3,4.5,2,2.9431
135,6,3,3.5,2,2.4431
135,7,2,5.0,1,3.0493
135,18,3,4.0,1,2.6931
135,23,3,5.0,2,3.1931
135,24,8,4.0,4,3.0986
135,28,5,4.0,2,2.8959
135,29,9,4.7,3,3.5013
135,36,5,4.0,2,2.8959
135,44,1,3.0,1,1.8466
135,99,1,5.0,1,2.8466
135,129,3,3.0,1,2.1931
135,134,6,4.8,4,3.373
135,136,1,4.0,1,2.3466
135,140,1,5.0,1,2.8466
135,169,1,5.0,1,2.8466
135,178,1,4.0,1,2.3466
135,268,1,4.0,1,2.3466
135,271,1,5.0,1,2.8466
135,272,2,5.0,1,3.0493
136,1,1,4.0,1,2.3466
136,8,4,5.0,2,3.3047
136,12,5,4.5,2,3.1459
136,13,2,4.0,1,2.5493
136,14,2,3.0,1,2.0493
136,17,2,5.0,1,3.0493
136,21,1,4.0,1,2.3466
136,27,3,4.0,1,2.6931
136,30,4,4.0,2,2.8047
136,33,1,5.0,1,2.8466
136,34,3,5.0,1,3.1931
136,61,2,4.0,1,2.5493
136,87,1,5.0,1,2.8466
136,139,1,4.0,1,2.3466
136,142,1,4.0,1,2.3466
136,166,2,5.0,1,3.0493
136,208,1,4.0,1,2.3466
136,302,2,5.0,1,3.0493
137,4,3,5.0,1,3.1931
137,10,5,3.5,2,2.6459
137,61,1,3.0,1,1.8466
137,104,5,5.0,2,3.3959
137,106,2,5.0,1,3.0493
137,107,1,3.0,1,1.8466
137,110,3,4.0,2,2.6931
137,114,3,4.5,2,2.9431
137,126,1,4.0,1,2.3466
137,131,1,5.0,1,2.8466
137,133,2,3.0,1,2.0493
137,139,1,5.0,1,2.8466
137,140,2,5.0,1,3.0493
137,218,1,5.0,1,2.8466
137,247,2,3.0,1,2.0493
137,258,1,3.0,1,1.8466
138,2,2,5.0,1,3.0493
138,5,2,5.0,1,3.0493
138,61,3,3.0,1,2.1931
138,63,4,3.0,2,2.3047
138,64,3,4.0,1,2.6931
138,67,3,4.0,1,2.6931
138,72,3,4.0,1,2.6931
138,82,2,4.0,1,2.5493
138,87,2,5.0,1,3.0493
138,89,2,5.0,1,3.0493
138,91,1,4.0,1,2.3466
138,95,2,3.0,1,2.0493
138,98,3,4.0,1,2.6931
138,159,1,5.0,1,2.8466
138,231,1,5.0,1,2.8466
138,254,1,5.0,1,2.8466
138,278,1,5.0,1,2.8466
139,6,1,5.0,1,2.8466
139,18,1,3.0,1,1.8466
139,41,3,3.0,1,2.1931
139,47,4,4.5,2,3.0547
139,48,2,3.0,1,2.0493
139,50,4,3.5,2,2.5547
139,54,2,5.0,1,3.0493
139,55,1,4.0,1,2.3466
139,58,1,4.0,1,2.3466
139,63,2,5.0,1,3.0493
139,67,3,5.0,1,3.1931
139,72,1,4.0,1,2.3466
139,149,2,5.0,1,3.0493
139,152,2,5.0,1,3.0493
139,155,1,5.0,1,2.8466
139,167,1,5.0,1,2.8466
139,195,1,4.0,1,2.3466
140,2,2,5.0,1,3.0493
140,3,1,4.0,1,2.3466
140,4,1,4.0,1,2.3466
140,5,2,3.0,1,2.0493
140,6,7,4.2,4,3.1397
140,10,1,4.0,1,2.3466
140,61,5,4.0,2,2.8959
140,69,1,5.0,1,2.8466
140,72,1,5.0,1,2.8466
140,73,1,4.0,1,2.3466
140,78,4,5.0,2,3.3047
140,104,4,5.0,2,3.3047
140,105,4,4.5,2,3.0547
140,111,1,4.0,1,2.3466
140,113,2,4.0,1,2.5493
140,115,1,5.0,1,2.8466
140,119,1,4.0,1,2.3466
140,135,1,4.0,1,2.3466
140,146,2,5.0,1,3.0493
140,157,1,4.0,1,2.3466
140,208,1,4.0,1,2.3466
140,214,1,4.0,1,2.3466
140,217,1,3.0,1,1.8466
140,252,1,5.0,1,2.8466
140,255,1,4.0,1,2.3466
140,265,2,5.0,1,3.0493
140,299,1,5.0,1,2.8466
141,2,4,5.0,2,3.3047
141,3,1,5.0,1,2.8466
141,5,7,4.5,4,3.2897
141,6,9,3.7,3,3.0013
141,18,6,4.5,2,3.223
141,19,1,4.0,1,2.3466
141,58,1,4.0,1,2.3466
141,257,1,5.0,1,2.8466
141,298,2,3.0,1,2.0493
142,42,1,5.0,1,2.8466
142,45,3,4.5,2,2.9431
142,53,1,5.0,1,2.8466
142,57,3,4.0,2,2.6931
142,91,2,5.0,1,3.0493
142,100,3,5.0,1,3.1931
142,181,1,4.0,1,2.3466
142,188,2,4.0,1,2.5493
142,199,1,5.0,1,2.8466
142,225,1,5.0,1,2.8466
143,7,1,4.0,1,2.3466
143,84,4,4.0,2,2.8047
143,88,3,4.0,1,2.6931
143,90,2,5.0,1,3.0493
143,93,3,4.0,2,2.6931
143,94,3,5.0,1,3.1931
143,97,1,3.0,1,1.8466
143,98,1,3.0,1,1.8466
143,123,1,5.0,1,2.8466
143,126,6,4.3,3,3.123
143,130,1,3.0,1,1.8466
143,131,1,4.0,1,2.3466
143,132,2,5.0,1,3.0493
143,133,3,4.0,1,2.6931
143,139,1,3.0,1,1.8466
143,140,6,3.5,2,2.723
143,155,1,5.0,1,2.8466
143,223,2,3.0,1,2.0493
143,229,1,4.0,1,2.3466
143,231,1,5.0,1,2.8466
143,234,2,3.0,1,2.0493
143,262,2,4.0,1,2.5493
144,16,3,3.0,1,2.1931
144,26,1,4.0,1,2.3466
144,27,2,4.0,1,2.5493
144,30,3,4.0,1,2.6931
144,33,6,4.7,3,3.323
144,34,3,3.0,1,2.1931
144,36,1,4.0,1,2.3466
144,37,1,3.0,1,1.8466
144,38,1,4.0,1,2.3466
144,40,3,5.0,1,3.1931
144,84,3,3.0,1,2.1931
144,88,3,5.0,1,3.1931
144,93,3,5.0,2,3.1931
144,94,3,5.0,1,3.1931
144,100,4,3.7,3,2.6547
144,130,3,5.0,2,3.1931
144,131,3,3.5,2,2.4431
144,133,1,5.0,1,2.8466
144,140,2,5.0,1,3.0493
144,143,2,4.0,1,2.5493
144,227,1,4.0,1,2.3466
144,271,1,4.0,1,2.3466
145,61,2,3.0,1,2.0493
145,65,2,5.0,1,3.0493
145,68,5,4.0,2,2.8959
145,77,1,4.0,1,2.3466
145,79,1,4.0,1,2.3466
145,118,1,3.0,1,1.8466
145,121,1,5.0,1,2.8466
145,124,1,5.0,1,2.8466
145,125,2,5.0,1,3.0493
145,130,5,3.0,2,2.3959
145,131,4,5.0,2,3.3047
145,132,1,5.0,1,2.8466
145,133,2,4.0,1,2.5493
145,139,2,5.0,1,3.0493
145,169,1,3.0,1,1.8466
145,183,2,5.0,1,3.0493
145,204,1,5.0,1,2.8466
145,216,2,5.0,1,3.0493
145,218,1,4.0,1,2.3466
145,255,1,5.0,1,2.8466
145,261,2,5.0,1,3.0493
145,262,3,3.0,1,2.1931
145,271,2,5.0,1,3.0493
145,279,3,5.0,1,3.1931
146,42,8,4.0,3,3.0986
146,43,1,4.0,1,2.3466
146,45,6,4.2,4,3.073
146,53,4,4.0,2,2.8047
146,57,4,3.0,2,2.3047
146,59,4,4.0,2,2.8047
146,103,1,4.0,1,2.3466
146,104,3,5.0,1,3.1931
146,106,2,5.0,1,3.0493
146,107,1,5.0,1,2.8466
146,108,7,4.3,3,3.1897
146,110,1,4.0,1,2.3466
146,114,4,3.7,3,2.6547
146,116,3,5.0,1,3.1931
146,189,1,5.0,1,2.8466
146,192,1,4.0,1,2.3466
146,200,3,3.0,1,2.1931
146,227,2,3.0,1,2.0493
146,333,1,3.0,1,1.8466
147,2,1,3.0,1,1.8466
147,5,1,5.0,1,2.8466
147,6,1,3.0,1,1.8466
147,7,2,3.0,1,2.0493
147,12,1,4.0,1,2.3466
147,18,7,4.5,4,3.2897
147,129,1,4.0,1,2.3466
147,134,1,3.0,1,1.8466
147,136,4,3.5,2,2.5547
147,137,2,4.0,1,2.5493
147,148,2,5.0,1,3.0493
147,160,1,5.0,1,2.8466
147,230,1,5.0,1,2.8466
147,263,1,5.0,1,2.8466
148,22,6,4.0,2,2.973
148,30,1,4.0,1,2.3466
148,32,2,5.0,1,3.0493
148,34,3,5.0,1,3.1931
148,39,1,4.0,1,2.3466
148,51,3,5.0,1,3.1931
148,56,1,5.0,1,2.8466
148,64,3,4.0,1,2.6931
148,105,1,5.0,1,2.8466
148,113,1,3.0,1,1.8466
148,118,1,3.0,1,1.8466
148,120,3,5.0,1,3.1931
148,173,2,4.0,1,2.5493
148,174,3,4.0,1,2.6931
148,186,1,5.0,1,2.8466
148,197,2,5.0,1,3.0493
148,242,1,4.0,1,2.3466
149,4,5,4.0,2,2.8959
149,8,3,5.0,2,3.1931
149,10,2,4.0,1,2.5493
149,12,6,4.5,2,3.223
149,13,2,4.0,1,2.5493
149,14,1,4.0,1,2.3466
149,42,3,4.5,2,2.9431
149,43,5,4.5,2,3.1459
149,44,1,3.0,1,1.8466
149,49,2,5.0,1,3.0493
149,57,1,5.0,1,2.8466
149,59,4,4.0,2,2.8047
149,101,2,4.0,1,2.5493
149,103,3,5.0,1,3.1931
149,104,4,4.5,2,3.0547
149,106,3,5.0,3,3.1931
149,107,3,3.5,2,2.4431
149,108,5,5.0,2,3.3959
149,110,1,3.0,1,1.8466
149,114,2,5.0,1,3.0493
149,115,2,4.0,1,2.5493
149,116,4,4.5,2,3.0547
149,182,1,5.0,1,2.8466
149,253,3,5.0,1,3.1931
150,35,2,4.0,1,2.5493
150,42,1,5.0,1,2.8466
150,43,2,5.0,1,3.0493
150,45,1,5.0,1,2.8466
150,53,3,5.0,1,3.1931
150,84,2,5.0,1,3.0493
150,88,1,3.0,1,1.8466
150,91,6,4.5,2,3.223
150,94,3,5.0,1,3.1931
150,97,2,4.5,2,2.7993
150,100,2,4.0,1,2.5493
150,109,1,5.0,1,2.8466
150,190,3,4.0,1,2.6931
150,193,2,5.0,1,3.0493
151,22,11,4.8,5,3.6425
151,24,2,4.0,1,2.5493
151,28,3,5.0,1,3.1931
151,32,6,4.7,3,3.323
151,35,2,5.0,1,3.0493
151,39,6,4.0,4,2.973
151,40,10,4.4,5,3.3989
151,106,3,4.0,1,2.6931
151,163,2,4.0,1,2.5493
151,253,4,5.0,1,3.3047
152,82,1,5.0,1,2.8466
152,88,3,5.0,1,3.1931
152,89,2,5.0,1,3.0493
152,91,5,5.0,2,3.3959
152,93,1,5.0,1,2.8466
152,94,3,3.0,1,2.1931
152,97,2,5.0,2,3.0493
152,100,5,5.0,2,3.3959
152,126,3,4.0,1,2.6931
152,130,3,5.0,1,3.1931
152,132,1,5.0,1,2.8466
152,133,1,5.0,1,2.8466
152,138,1,5.0,1,2.8466
152,139,2,3.0,1,2.0493
152,140,9,4.5,4,3.4013
152,237,2,5.0,1,3.0493
152,279,3,5.0,1,3.1931
153,122,2,5.0,1,3.0493
153,124,1,5.0,1,2.8466
153,126,4,4.3,3,2.9547
153,130,3,4.0,2,2.6931
153,131,6,4.7,3,3.323
153,132,9,4.3,3,3.3013
153,133,10,4.6,5,3.4989
153,134,1,3.0,1,1.8466
153,137,1,4.0,1,2.3466
153,139,3,4.0,2,2.6931
153,265,1,4.0,1,2.3466
153,269,1,5.0,1,2.8466
153,280,2,5.0,1,3.0493
154,1,5,4.5,2,3.1459
154,2,1,5.0,1,2.8466
154,3,2,4.0,1,2.5493
154,6,1,5.0,1,2.8466
154,7,7,4.7,3,3.3897
154,8,2,3.0,1,2.0493
154,9,2,5.0,1,3.0493
154,10,3,4.0,1,2.6931
154,16,4,5.0,2,3.3047
154,17,4,3.5,2,2.5547
154,19,3,5.0,1,3.1931
154,27,1,5.0,1,2.8466
154,85,1,5.0,1,2.8466
154,90,3,4.0,1,2.6931
154,93,1,4.0,1,2.3466
154,98,3,4.0,1,2.6931
154,112,5,3.5,4,2.6459
154,113,2,5.0,1,3.0493
154,118,1,5.0,1,2.8466
154,119,1,5.0,1,2.8466
154,120,4,4.0,2,2.8047
154,143,3,4.0,1,2.6931
154,239,2,5.0,1,3.0493
154,256,1,4.0,1,2.3466
154,307,3,4.0,1,2.6931
155,36,2,5.0,1,3.0493
155,44,7,5.0,3,3.5397
155,46,4,4.5,2,3.0547
155,51,6,4.0,3,2.973
155,56,7,4.8,4,3.4397
155,159,2,4.0,1,2.5493
155,181,2,5.0,1,3.0493
155,183,3,5.0,1,3.1931
155,269,2,3.0,1,2.0493
155,279,2,4.0,1,2.5493
155,338,3,3.0,1,2.1931
156,21,2,5.0,1,3.0493
156,22,1,3.0,1,1.8466
156,23,4,4.0,3,2.8047
156,24,3,4.0,1,2.6931
156,28,12,3.8,5,3.1825
156,29,9,5.0,3,3.6513
156,31,4,5.0,2,3.3047
156,36,4,4.3,3,2.9547
156,40,1,4.0,1,2.3466
156,106,1,5.0,1,2.8466
156,146,1,4.0,1,2.3466
156,166,2,5.0,1,3.0493
156,172,1,4.0,1,2.3466
156,175,1,4.0,1,2.3466
156,179,1,5.0,1,2.8466
156,180,1,5.0,1,2.8466
156,244,1,4.0,1,2.3466
156,306,2,4.0,1,2.5493
156,324,1,3.0,1,1.8466
156,350,1,4.0,1,2.3466
157,105,2,4.0,1,2.5493
157,110,4,5.0,1,3.3047
157,112,7,4.5,4,3.2897
157,115,2,4.0,1,2.5493
157,117,4,4.3,3,2.9547
157,118,8,4.0,4,3.0986
157,119,1,4.0,1,2.3466
157,120,8,4.8,4,3.4986
157,185,3,4.0,1,2.6931
157,211,3,4.0,1,2.6931
157,243,1,4.0,1,2.3466
157,250,6,5.0,2,3.473
157,253,1,5.0,1,2.8466
157,274,1,4.0,1,2.3466
157,284,2,5.0,1,3.0493
158,51,2,4.0,1,2.5493
158,61,1,4.0,1,2.3466
158,64,5,4.0,1,2.8959
158,65,11,4.2,4,3.3425
158,68,10,4.0,4,3.1989
158,71,2,4.0,1,2.5493
158,73,11,5.0,6,3.7425
158,77,11,4.2,5,3.3425
158,78,6,4.2,3,3.073
158,79,4,4.0,2,2.8047
158,80,11,3.8,5,3.1425
158,204,1,4.0,1,2.3466
158,211,1,3.0,1,1.8466
158,220,3,4.0,1,2.6931
158,233,3,5.0,1,3.1931
159,58,1,4.0,1,2.3466
159,105,1,5.0,1,2.8466
159,114,1,4.0,1,2.3466
159,184,3,5.0,1,3.1931
159,188,3,4.0,1,2.6931
159,189,2,4.0,1,2.5493
159,242,3,5.0,1,3.1931
159,260,1,4.0,1,2.3466
160,24,1,5.0,1,2.8466
160,28,3,3.0,1,2.1931
160,29,9,4.0,4,3.1513
160,31,2,5.0,1,3.0493
160,239,2,4.0,1,2.5493
161,27,1,4.0,1,2.3466
161,37,2,5.0,1,3.0493
161,45,5,3.7,3,2.7459
161,47,1,5.0,1,2.8466
161,48,1,5.0,1,2.8466
161,52,1,4.0,1,2.3466
161,53,10,5.0,4,3.6989
161,57,2,3.0,1,2.0493
161,58,2,4.0,1,2.5493
161,59,2,5.0,1,3.0493
161,80,1,3.0,1,1.8466
161,90,3,4.0,1,2.6931
161,182,1,4.0,1,2.3466
161,185,1,5.0,1,2.8466
161,192,2,5.0,2,3.0493
161,197,2,5.0,1,3.0493
161,199,2,4.0,1,2.5493
162,41,4,4.5,2,3.0547
162,48,1,5.0,1,2.8466
162,52,3,5.0,1,3.1931
162,54,1,5.0,1,2.8466
162,58,6,4.5,2,3.223
162,60,1,4.0,1,2.3466
162,63,3,5.0,1,3.1931
162,67,1,3.0,1,1.8466
162,72,2,4.0,1,2.5493
162,77,1,4.0,1,2.3466
162,136,3,4.0,1,2.6931
162,170,1,5.0,1,2.8466
162,337,1,5.0,1,2.8466
163,2,3,5.0,1,3.1931
163,3,2,5.0,1,3.0493
163,4,3,5.0,1,3.1931
163,5,3,4.0,1,2.6931
163,8,2,5.0,1,3.0493
163,11,3,4.0,1,2.6931
163,12,2,5.0,1,3.0493
163,16,4,4.5,2,3.0547
163,19,3,5.0,1,3.1931
163,41,3,5.0,1,3.1931
163,56,1,5.0,1,2.8466
163,141,1,5.0,1,2.8466
163,149,4,5.0,1,3.3047
163,153,4,5.0,1,3.3047
163,161,2,4.0,1,2.5493
163,187,2,5.0,1,3.0493
163,197,2,4.0,1,2.5493
163,199,3,5.0,1,3.1931
163,283,2,3.0,1,2.0493
163,304,3,3.0,1,2.1931
164,10,3,4.0,1,2.6931
164,12,4,4.0,2,2.8047
164,13,1,5.0,1,2.8466
164,15,2,3.0,1,2.0493
164,21,2,5.0,1,3.0493
164,22,1,5.0,1,2.8466
164,26,6,4.0,2,2.973
164,33,1,3.0,1,1.8466
164,42,2,5.0,1,3.0493
164,43,2,4.0,2,2.5493
164,44,3,5.0,1,3.1931
164,49,2,5.0,1,3.0493
164,50,1,4.0,1,2.3466
164,53,1,5.0,1,2.8466
164,55,2,4.0,1,2.5493
164,56,1,5.0,1,2.8466
164,153,1,4.0,1,2.3466
164,179,1,4.0,1,2.3466
164,199,2,4.0,1,2.5493
164,291,1,4.0,1,2.3466
165,47,3,4.0,1,2.6931
165,48,7,4.8,4,3.4397
165,49,4,4.0,2,2.8047
165,52,2,5.0,1,3.0493
165,54,3,5.0,1,3.1931
165,55,3,4.5,2,2.9431
165,58,2,3.0,1,2.0493
165,60,3,4.5,2,2.9431
165,62,2,5.0,1,3.0493
165,63,1,3.0,1,1.8466
165,87,1,5.0,1,2.8466
165,105,1,5.0,1,2.8466
165,189,1,3.0,1,1.8466
165,190,1,5.0,1,2.8466
165,194,1,5.0,1,2.8466
165,197,2,4.0,1,2.5493
165,200,1,4.0,1,2.3466
165,231,1,3.0,1,1.8466
165,291,1,4.0,1,2.3466
165,301,2,4.0,1,2.5493
165,307,1,3.0,1,1.8466
166,8,1,4.0,1,2.3466
166,10,1,4.0,1,2.3466
166,11,2,5.0,1,3.0493
166,13,1,5.0,1,2.8466
166,14,2,5.0,1,3.0493
166,15,2,3.0,1,2.0493
166,48,3,5.0,1,3.1931
166,126,1,5.0,1,2.8466
166,131,2,4.0,1,2.5493
166,133,2,3.0,1,2.0493
166,135,2,5.0,1,3.0493
166,140,1,4.0,1,2.3466
166,151,3,5.0,1,3.1931
166,264,1,5.0,1,2.8466
167,39,1,4.0,1,2.3466
167,81,2,5.0,2,3.0493
167,83,4,5.0,2,3.3047
167,85,3,5.0,1,3.1931
167,87,2,5.0,1,3.0493
167,95,3,5.0,1,3.1931
167,96,1,4.0,1,2.3466
167,98,8,5.0,3,3.5986
167,99,3,5.0,1,3.1931
167,101,3,5.0,1,3.1931
167,102,3,4.0,1,2.6931
167,105,1,5.0,1,2.8466
167,110,1,5.0,1,2.8466
167,113,3,4.0,1,2.6931
167,115,4,4.0,2,2.8047
167,119,2,4.0,1,2.5493
167,137,1,4.0,1,2.3466
167,163,1,5.0,1,2.8466
167,236,2,4.0,1,2.5493
168,1,3,4.0,2,2.6931
168,3,2,4.0,1,2.5493
168,7,1,5.0,1,2.8466
168,9,2,5.0,1,3.0493
168,11,1,4.0,1,2.3466
168,19,3,4.5,2,2.9431
168,62,4,5.0,2,3.3047
168,66,2,4.0,1,2.5493
168,69,3,5.0,1,3.1931
168,74,3,3.5,2,2.4431
168,216,2,5.0,1,3.0493
169,3,2,4.0,1,2.5493
169,4,2,4.0,1,2.5493
169,7,1,4.0,1,2.3466
169,13,3,4.0,1,2.6931
169,16,3,4.0,1,2.6931
169,20,1,4.0,1,2.3466
169,44,3,5.0,1,3.1931
169,47,2,4.0,1,2.5493
169,55,1,4.0,1,2.3466
169,56,2,5.0,1,3.0493
169,156,1,4.0,1,2.3466
169,250,1,4.0,1,2.3466
170,6,2,4.0,1,2.5493
170,41,3,4.0,1,2.6931
170,47,4,4.0,2,2.8047
170,48,3,4.0,1,2.6931
170,55,3,3.0,1,2.1931
170,60,2,4.0,1,2.5493
170,61,3,4.0,1,2.6931
170,64,5,4.0,2,2.8959
170,67,3,4.0,1,2.6931
170,71,2,4.0,1,2.5493
170,109,3,5.0,1,3.1931
170,113,1,4.0,1,2.3466
170,117,1,3.0,1,1.8466
170,244,1,5.0,1,2.8466
170,249,1,5.0,1,2.8466
170,256,1,4.0,1,2.3466
170,272,1,4.0,1,2.3466
170,288,1,3.0,1,1.8466
170,315,1,5.0,1,2.8466
171,28,2,3.0,1,2.0493
171,121,2,5.0,2,3.0493
171,122,4,4.0,2,2.8047
171,123,3,4.0,1,2.6931
171,125,5,4.7,3,3.2459
171,126,2,5.0,1,3.0493
171,127,2,4.0,2,2.5493
171,128,8,4.7,3,3.4486
171,132,2,4.0,1,2.5493
171,135,6,4.0,3,2.973
171,137,2,3.0,1,2.0493
171,138,2,5.0,1,3.0493
171,272,1,4.0,1,2.3466
171,274,2,4.0,1,2.5493
171,275,2,4.0,1,2.5493
171,339,1,5.0,1,2.8466
172,4,1,5.0,1,2.8466
172,5,3,5.0,1,3.1931
172,6,2,3.0,1,2.0493
172,18,3,4.0,1,2.6931
172,125,2,4.0,1,2.5493
172,140,1,5.0,1,2.8466
172,161,1,5.0,1,2.8466
172,168,1,4.0,1,2.3466
172,215,1,5.0,1,2.8466
172,256,1,4.0,1,2.3466
172,263,1,5.0,1,2.8466
172,270,1,5.0,1,2.8466
172,278,1,3.0,1,1.8466
172,280,1,4.0,1,2.3466
173,1,4,4.5,2,3.0547
173,3,6,4.3,3,3.123
173,9,1,5.0,1,2.8466
173,11,1,5.0,1,2.8466
173,16,2,4.0,1,2.5493
173,17,3,3.5,2,2.4431
173,46,3,5.0,1,3.1931
173,51,4,4.7,3,3.1547
173,56,2,4.0,1,2.5493
173,62,6,4.7,3,3.323
173,66,3,5.0,1,3.1931
173,69,2,3.0,1,2.0493
173,70,5,4.5,2,3.1459
173,74,3,5.0,1,3.1931
173,75,1,5.0,1,2.8466
173,186,1,5.0,1,2.8466
173,205,4,3.0,1,2.3047
174,1,6,4.5,2,3.223
174,5,4,5.0,1,3.3047
174,7,3,4.0,1,2.6931
174,8,2,5.0,1,3.0493
174,9,14,4.0,5,3.354
174,10,3,4.0,1,2.6931
174,14,3,5.0,1,3.1931
174,16,3,4.0,2,2.6931
174,17,4,5.0,2,3.3047
174,18,2,4.0,1,2.5493
174,19,8,4.8,4,3.4986
174,138,4,5.0,1,3.3047
174,141,4,5.0,1,3.3047
174,147,3,5.0,1,3.1931
174,154,3,4.0,1,2.6931
174,155,3,4.0,1,2.6931
174,173,3,5.0,1,3.1931
175,22,3,5.0,1,3.1931
175,24,3,5.0,1,3.1931
175,25,2,4.0,1,2.5493
175,27,2,5.0,1,3.0493
175,34,4,4.0,1,2.8047
175,40,1,3.0,1,1.8466
175,51,4,5.0,1,3.3047
175,57,1,5.0,1,2.8466
175,64,2,4.0,1,2.5493
175,106,1,4.0,1,2.3466
175,109,2,5.0,1,3.0493
175,112,3,5.0,1,3.1931
175,118,3,5.0,1,3.1931
175,174,3,4.0,1,2.6931
175,175,2,5.0,1,3.0493
175,192,2,5.0,1,3.0493
175,199,1,4.0,1,2.3466
175,242,3,5.0,1,3.1931
175,246,3,5.0,1,3.1931
175,301,2,5.0,1,3.0493
175,313,2,5.0,1,3.0493
176,21,2,4.0,2,2.5493
176,24,2,5.0,1,3.0493
176,26,4,4.0,2,2.8047
176,34,5,4.5,2,3.1459
176,37,7,4.3,3,3.1897
176,38,1,5.0,1,2.8466
176,133,3,5.0,1,3.1931
176,168,1,4.0,1,2.3466
176,186,1,4.0,1,2.3466
177,121,5,4.7,3,3.2459
177,122,11,4.5,4,3.4925
177,123,5,5.0,2,3.3959
177,124,3,4.0,1,2.6931
177,125,9,4.0,4,3.1513
177,127,2,4.0,1,2.5493
177,128,9,4.0,4,3.1513
177,129,1,4.0,1,2.3466
177,133,2,5.0,1,3.0493
177,134,1,5.0,1,2.8466
177,135,8,4.0,4,3.0986
177,137,6,4.3,3,3.123
177,153,3,4.0,1,2.6931
177,227,2,4.0,1,2.5493
177,263,1,4.0,1,2.3466
177,265,3,4.0,1,2.6931
177,271,4,5.0,1,3.3047
177,278,3,5.0,1,3.1931
177,332,2,4.0,1,2.5493
178,61,3,4.0,1,2.6931
178,62,7,4.7,3,3.3897
178,66,1,5.0,1,2.8466
178,69,2,5.0,1,3.0493
178,70,5,4.5,2,3.1459
178,73,2,5.0,1,3.0493
178,74,2,4.0,1,2.5493
178,75,3,5.0,1,3.1931
178,76,2,5.0,1,3.0493
178,86,2,4.0,1,2.5493
178,88,2,5.0,1,3.0493
178,90,3,4.0,1,2.6931
178,99,3,3.0,1,2.1931
178,176,2,5.0,1,3.0493
178,190,2,4.0,1,2.5493
178,201,4,5.0,1,3.3047
178,207,2,5.0,1,3.0493
178,212,1,5.0,1,2.8466
178,216,2,4.0,1,2.5493
178,221,3,5.0,1,3.1931
178,222,3,4.0,1,2.6931
178,226,1,5.0,1,2.8466
178,228,2,5.0,1,3.0493
178,231,4,4.0,1,2.8047
178,235,2,5.0,1,3.0493
178,294,1,5.0,1,2.8466
178,305,3,4.0,1,2.6931
178,331,3,4.0,1,2.6931
179,41,2,3.5,2,2.2993
179,49,2,4.0,1,2.5493
179,54,3,4.0,1,2.6931
179,55,1,4.0,1,2.3466
179,59,1,5.0,1,2.8466
179,74,1,4.0,1,2.3466
179,82,3,3.0,1,2.1931
179,83,3,5.0,1,3.1931
179,85,2,5.0,1,3.0493
179,96,2,5.0,1,3.0493
179,98,1,5.0,1,2.8466
179,99,1,5.0,1,2.8466
179,100,1,3.0,1,1.8466
179,105,3,5.0,1,3.1931
179,109,1,4.0,1,2.3466
179,111,2,4.0,1,2.5493
179,116,2,4.0,1,2.5493
179,191,1,5.0,1,2.8466
179,246,1,5.0,1,2.8466
180,33,1,3.0,1,1.8466
180,42,3,3.0,1,2.1931
180,43,2,5.0,1,3.0493
180,45,3,4.0,1,2.6931
180,59,2,4.0,1,2.5493
180,77,1,4.0,1,2.3466
180,100,1,5.0,1,2.8466
180,104,3,5.0,1,3.1931
180,116,4,5.0,2,3.3047
180,120,3,5.0,2,3.1931
180,200,3,5.0,1,3.1931
180,245,2,4.5,2,2.7993
180,248,2,5.0,1,3.0493
180,250,2,4.0,1,2.5493
180,258,3,4.0,1,2.6931
180,259,1,4.0,1,2.3466
181,2,2,3.0,1,2.0493
181,8,2,5.0,1,3.0493
181,18,1,4.0,1,2.3466
181,20,3,3.0,1,2.1931
181,39,2,4.0,1,2.5493
181,41,1,4.0,1,2.3466
181,42,1,5.0,1,2.8466
181,43,1,4.0,1,2.3466
181,44,2,4.0,1,2.5493
181,53,4,4.0,2,2.8047
181,70,1,5.0,1,2.8466
181,77,2,5.0,2,3.0493
181,80,1,5.0,1,2.8466
181,142,1,5.0,1,2.8466
181,154,1,5.0,1,2.8466
181,158,1,4.0,1,2.3466
181,200,3,5.0,2,3.1931
181,217,1,5.0,1,2.8466
182,2,1,4.0,1,2.3466
182,5,3,4.0,2,2.6931
182,6,2,4.0,1,2.5493
182,17,1,4.0,1,2.3466
182,18,5,5.0,2,3.3959
182,103,2,5.0,1,3.0493
182,105,7,5.0,3,3.5397
182,109,3,4.0,2,2.6931
182,111,2,4.0,2,2.5493
182,113,2,4.5,2,2.7993
182,115,1,4.0,1,2.3466
182,153,1,4.0,1,2.3466
182,247,2,4.0,1,2.5493
183,29,2,3.0,1,2.0493
183,62,3,3.0,2,2.1931
183,66,5,4.3,3,3.0459
183,70,5,4.0,3,2.8959
183,74,1,4.0,1,2.3466
183,75,2,3.0,1,2.0493
183,76,4,4.0,2,2.8047
183,86,5,5.0,2,3.3959
183,92,6,4.5,4,3.223
183,211,3,4.5,1,2.9431
183,213,3,3.0,1,2.1931
183,229,2,5.0,1,3.0493
183,258,1,3.0,1,1.8466
183,346,3,4.0,1,2.6931
184,22,2,4.0,1,2.5493
184,30,2,5.0,1,3.0493
184,34,4,4.0,2,2.8047
184,38,1,5.0,1,2.8466
184,42,1,5.0,1,2.8466
184,43,3,5.0,1,3.1931
184,45,3,5.0,1,3.1931
184,88,1,4.0,1,2.3466
184,91,5,4.0,2,2.8959
184,93,1,4.0,1,2.3466
184,94,2,5.0,1,3.0493
184,97,6,4.0,3,2.973
184,100,1,5.0,1,2.8466
184,188,1,5.0,1,2.8466
184,192,2,5.0,1,3.0493
184,238,3,5.0,1,3.1931
184,326,1,4.0,1,2.3466
185,1,1,4.0,1,2.3466
185,3,2,5.0,1,3.0493
185,7,4,3.5,2,2.5547
185,9,2,4.0,1,2.5493
185,11,3,3.0,1,2.1931
185,16,5,4.5,2,3.1459
185,17,1,3.0,1,1.8466
185,19,4,5.0,2,3.3047
185,44,2,5.0,2,3.0493
185,45,4,5.0,1,3.3047
185,46,3,4.0,1,2.6931
185,51,4,5.0,2,3.3047
185,56,5,4.7,3,3.2459
185,60,3,5.0,1,3.1931
185,97,1,5.0,1,2.8466
185,146,4,4.0,1,2.8047
185,152,1,4.0,1,2.3466
185,258,4,4.0,1,2.8047
186,2,9,4.0,3,3.1513
186,3,1,3.0,1,1.8466
186,5,7,4.7,3,3.3897
186,6,6,3.7,3,2.823
186,10,1,4.0,1,2.3466
186,12,2,5.0,1,3.0493
186,16,1,5.0,1,2.8466
186,18,10,4.5,4,3.4489
186,47,1,5.0,1,2.8466
186,87,1,3.0,1,1.8466
186,144,1,5.0,1,2.8466
186,146,1,5.0,1,2.8466
186,148,1,5.0,1,2.8466
186,150,1,5.0,1,2.8466
186,152,1,5.0,1,2.8466
186,159,1,4.0,1,2.3466
186,238,1,5.0,1,2.8466
186,274,1,3.0,1,1.8466
187,5,2,4.0,1,2.5493
187,21,3,4.0,1,2.6931
187,24,1,5.0,1,2.8466
187,31,3,5.0,1,3.1931
187,32,2,5.0,1,3.0493
187,33,5,4.5,2,3.1459
187,34,4,4.5,2,3.0547
187,38,1,4.0,1,2.3466
187,39,2,4.0,1,2.5493
187,40,1,5.0,1,2.8466
187,44,1,4.0,1,2.3466
187,53,8,4.7,3,3.4486
187,55,3,4.5,2,2.9431
187,56,1,5.0,1,2.8466
187,59,6,4.0,3,2.973
187,60,2,5.0,1,3.0493
187,84,1,5.0,1,2.8466
187,88,2,5.0,1,3.0493
187,91,4,4.0,3,2.8047
187,93,3,3.5,2,2.4431
187,100,3,4.0,2,2.6931
187,107,1,3.0,1,1.8466
187,163,1,5.0,1,2.8466
187,166,1,5.0,1,2.8466
187,186,1,5.0,1,2.8466
187,190,3,5.0,1,3.1931
187,194,2,5.0,1,3.0493
187,224,3,5.0,1,3.1931
187,230,2,5.0,1,3.0493
187,301,3,4.0,1,2.6931
187,305,2,4.0,1,2.5493
188,81,4,5.0,2,3.3047
188,82,3,5.0,1,3.1931
188,83,2,4.0,2,2.5493
188,89,3,5.0,1,3.1931
188,95,3,4.0,1,2.6931
188,98,3,4.0,1,2.6931
188,101,3,4.0,1,2.6931
188,102,4,5.0,2,3.3047
188,109,1,4.0,1,2.3466
188,115,2,5.0,1,3.0493
188,119,2,5.0,1,3.0493
188,231,2,5.0,1,3.0493
188,234,2,4.0,1,2.5493
188,248,1,5.0,1,2.8466
188,252,1,5.0,1,2.8466
189,3,3,5.0,2,3.1931
189,7,3,5.0,2,3.1931
189,9,3,5.0,1,3.1931
189,11,2,5.0,1,3.0493
189,16,5,4.7,3,3.2459
189,17,2,5.0,1,3.0493
189,19,1,4.0,1,2.3466
189,81,3,5.0,1,3.1931
189,85,2,3.0,1,2.0493
189,92,1,4.0,1,2.3466
189,142,3,3.0,1,2.1931
189,154,2,5.0,1,3.0493
189,182,3,4.0,1,2.6931
189,230,3,4.0,1,2.6931
189,231,2,4.0,1,2.5493
190,81,8,4.5,4,3.3486
190,82,4,4.0,2,2.8047
190,83,2,5.0,1,3.0493
190,85,1,5.0,1,2.8466
190,89,1,5.0,1,2.8466
190,95,1,4.0,1,2.3466
190,96,6,4.5,2,3.223
190,98,5,3.5,2,2.6459
190,102,1,5.0,1,2.8466
190,103,2,5.0,1,3.0493
190,105,1,3.0,1,1.8466
190,109,1,4.0,1,2.3466
190,113,3,3.0,1,2.1931
190,122,1,4.0,1,2.3466
190,129,1,4.0,1,2.3466
190,136,2,3.0,1,2.0493
190,140,1,5.0,1,2.8466
190,238,1,5.0,1,2.8466
190,312,1,5.0,1,2.8466
191,22,4,5.0,3,3.3047
191,27,3,4.0,1,2.6931
191,39,3,5.0,1,3.1931
191,40,3,5.0,1,3.1931
191,44,5,3.5,2,2.6459
191,56,8,4.0,3,3.0986
191,111,4,4.0,1,2.8047
191,112,5,5.0,3,3.3959
191,117,2,5.0,2,3.0493
191,118,1,5.0,1,2.8466
191,146,2,5.0,1,3.0493
191,168,1,4.0,1,2.3466
191,176,3,5.0,1,3.1931
191,179,1,4.0,1,2.3466
191,184,3,5.0,1,3.1931
191,195,2,4.0,1,2.5493
191,241,1,4.0,1,2.3466
192,13,1,5.0,1,2.8466
192,16,2,4.0,1,2.5493
192,21,1,5.0,1,2.8466
192,23,1,5.0,1,2.8466
192,46,4,4.0,2,2.8047
192,49,3,5.0,1,3.1931
192,51,2,4.0,1,2.5493
192,53,2,4.0,1,2.5493
192,56,6,4.0,2,2.973
192,107,2,4.0,1,2.5493
192,112,5,4.0,2,2.8959
192,121,1,5.0,1,2.8466
192,157,3,5.0,1,3.1931
192,164,2,5.0,1,3.0493
192,181,2,5.0,1,3.0493
192,192,2,5.0,1,3.0493
192,201,2,4.0,1,2.5493
192,256,1,5.0,1,2.8466
192,299,1,4.0,1,2.3466
193,82,5,4.0,2,2.8959
193,85,5,4.0,2,2.8959
193,95,3,5.0,1,3.1931
193,96,1,5.0,1,2.8466
193,99,1,5.0,1,2.8466
193,100,1,4.0,1,2.3466
193,102,3,5.0,1,3.1931
193,103,2,4.0,1,2.5493
193,112,1,4.0,1,2.3466
193,113,3,5.0,1,3.1931
193,129,1,3.0,1,1.8466
193,130,1,5.0,1,2.8466
193,134,1,5.0,1,2.8466
193,136,2,5.0,1,3.0493
193,199,1,3.0,1,1.8466
193,263,1,4.0,1,2.3466
194,8,3,3.0,1,2.1931
194,10,3,4.0,2,2.6931
194,25,3,4.0,1,2.6931
194,44,1,4.0,1,2.3466
194,49,1,4.0,1,2.3466
194,160,1,5.0,1,2.8466
194,183,2,5.0,1,3.0493
194,188,1,4.0,1,2.3466
194,259,2,5.0,1,3.0493
195,23,3,5.0,1,3.1931
195,24,1,4.0,1,2.3466
195,27,1,3.0,1,1.8466
195,28,3,4.5,2,2.9431
195,35,1,5.0,1,2.8466
195,36,5,4.5,2,3.1459
195,125,1,5.0,1,2.8466
195,127,1,5.0,1,2.8466
195,128,1,5.0,1,2.8466
195,129,6,4.5,2,3.223
195,132,2,4.0,1,2.5493
195,134,2,5.0,1,3.0493
195,136,1,4.0,1,2.3466
195,268,1,4.0,1,2.3466
195,274,1,5.0,1,2.8466
195,275,2,4.0,2,2.5493
196,57,2,3.0,1,2.0493
196,77,2,4.0,1,2.5493
196,86,3,5.0,3,3.1931
196,90,5,4.0,2,2.8959
196,92,9,4.5,4,3.4013
196,103,3,3.0,1,2.1931
196,225,2,4.0,1,2.5493
196,233,3,5.0,1,3.1931
197,81,2,5.0,1,3.0493
197,82,5,5.0,2,3.3959
197,83,2,5.0,1,3.0493
197,87,2,5.0,1,3.0493
197,95,1,3.0,1,1.8466
197,96,1,3.0,1,1.8466
197,99,2,4.0,1,2.5493
197,100,2,4.0,1,2.5493
197,129,3,5.0,1,3.1931
197,133,1,5.0,1,2.8466
197,134,6,4.0,3,2.973
197,136,1,5.0,1,2.8466
197,137,1,5.0,1,2.8466
197,139,1,4.0,1,2.3466
197,221,1,4.0,1,2.3466
197,266,1,3.0,1,1.8466
197,269,1,5.0,1,2.8466
197,276,1,4.0,1,2.3466
198,21,1,4.0,1,2.3466
198,22,7,4.7,3,3.3897
198,23,2,5.0,1,3.0493
198,25,7,5.0,3,3.5397
198,28,4,5.0,1,3.3047
198,29,1,5.0,1,2.8466
198,32,3,3.0,1,2.1931
198,35,1,5.0,1,2.8466
198,39,8,4.2,6,3.1986
198,40,6,4.5,2,3.223
198,168,2,3.0,1,2.0493
198,175,2,5.0,1,3.0493
198,180,2,5.0,1,3.0493
199,58,2,4.0,1,2.5493
199,65,3,4.5,2,2.9431
199,68,5,5.0,2,3.3959
199,69,3,4.0,1,2.6931
199,70,3,4.0,1,2.6931
199,71,2,5.0,1,3.0493
199,73,2,5.0,1,3.0493
199,77,5,4.3,3,3.0459
199,79,7,4.5,4,3.2897
199,80,8,4.0,5,3.0986
200,38,1,4.0,1,2.3466
200,103,2,5.0,1,3.0493
200,104,1,5.0,1,2.8466
200,106,3,4.0,1,2.6931
200,107,2,5.0,1,3.0493
200,108,1,4.0,1,2.3466
200,110,2,3.0,1,2.0493
200,111,3,4.0,2,2.6931
200,114,6,4.7,3,3.323
200,116,2,4.5,2,2.7993
200,122,1,5.0,1,2.8466
200,124,1,5.0,1,2.8466
200,126,6,4.5,2,3.223
200,127,2,4.0,1,2.5493
200,130,1,4.0,1,2.3466
200,131,2,4.0,1,2.5493
200,132,5,5.0,3,3.3959
200,133,1,4.0,1,2.3466
200,137,1,5.0,1,2.8466
200,138,1,5.0,1,2.8466
200,140,1,4.0,1,2.3466
200,142,2,3.0,1,2.0493
200,185,3,4.0,1,2.6931
200,202,1,5.0,1,2.8466
200,244,2,5.0,1,3.0493
200,251,2,5.0,1,3.0493
200,256,1,3.0,1,1.8466
200,272,2,5.0,1,3.0493
200,275,1,5.0,1,2.8466
200,277,1,5.0,1,2.8466
200,278,1,4.0,1,2.3466
200,285,1,3.0,1,1.8466
200,308,3,3.0,1,2.1931
201,8,1,3.0,1,1.8466
201,44,1,4.0,1,2.3466
201,58,1,3.0,1,1.8466
201,61,4,5.0,2,3.3047
201,63,3,4.5,2,2.9431
201,64,3,5.0,1,3.1931
201,67,4,4.0,2,2.8047
201,71,4,4.0,2,2.8047
201,129,2,5.0,1,3.0493
201,133,1,5.0,1,2.8466
201,134,1,4.0,1,2.3466
201,136,4,5.0,2,3.3047
201,219,1,3.0,1,1.8466
202,42,5,4.0,2,2.8959
202,45,1,5.0,1,2.8466
202,50,1,4.0,1,2.3466
202,53,5,4.3,3,3.0459
202,59,7,4.3,3,3.1897
202,99,2,3.0,1,2.0493
202,124,4,5.0,1,3.3047
202,130,2,5.0,1,3.0493
202,131,3,4.0,1,2.6931
202,132,4,4.5,2,3.0547
202,133,5,5.0,3,3.3959
202,136,3,4.0,1,2.6931
202,139,1,4.0,1,2.3466
202,193,3,5.0,1,3.1931
202,196,3,4.0,1,2.6931
202,200,2,5.0,1,3.0493
202,240,1,3.0,1,1.8466
203,123,1,4.0,1,2.3466
203,129,6,5.0,4,3.473
203,131,1,5.0,1,2.8466
203,134,4,5.0,2,3.3047
203,136,6,3.7,3,2.823
203,159,1,3.0,1,1.8466
203,266,1,5.0,1,2.8466
203,268,1,4.0,1,2.3466
203,271,1,5.0,1,2.8466
203,293,1,3.0,1,1.8466
203,303,1,4.0,1,2.3466
203,320,1,5.0,1,2.8466
204,14,1,5.0,1,2.8466
204,101,1,5.0,1,2.8466
204,104,5,4.0,2,2.8959
204,106,2,4.0,2,2.5493
204,108,1,4.0,1,2.3466
204,110,4,4.0,2,2.8047
204,114,1,5.0,1,2.8466
204,115,3,4.5,2,2.9431
204,116,3,4.3,3,2.8431
204,238,1,5.0,1,2.8466
204,243,3,5.0,1,3.1931
204,246,2,4.0,2,2.5493
204,247,2,5.0,1,3.0493
204,249,2,5.0,1,3.0493
204,250,2,4.0,1,2.5493
204,251,3,4.0,1,2.6931
204,253,2,4.0,1,2.5493
204,254,2,4.0,1,2.5493
205,2,3,5.0,1,3.1931
205,8,3,4.5,2,2.9431
205,13,6,4.0,3,2.973
205,14,4,4.0,2,2.8047
205,15,3,4.0,1,2.6931
205,20,3,4.0,1,2.6931
205,84,4,4.5,2,3.0547
205,90,2,5.0,1,3.0493
205,91,1,3.0,1,1.8466
205,94,3,5.0,1,3.1931
205,97,3,4.0,2,2.6931
205,130,3,5.0,1,3.1931
205,131,3,4.0,1,2.6931
205,133,5,4.5,2,3.1459
205,139,2,4.0,1,2.5493
205,140,4,4.5,2,3.0547
205,232,2,5.0,1,3.0493
205,237,1,5.0,1,2.8466
205,275,2,4.0,1,2.5493
206,21,2,4.0,2,2.5493
206,22,2,5.0,1,3.0493
206,26,7,4.3,3,3.1897
206,33,3,4.0,2,2.6931
206,37,3,4.5,2,2.9431
206,38,5,3.0,2,2.3959
206,84,3,5.0,2,3.1931
206,88,3,4.0,1,2.6931
206,91,4,4.5,2,3.0547
206,93,3,4.0,1,2.6931
206,94,2,5.0,1,3.0493
206,97,1,4.0,1,2.3466
206,100,3,5.0,1,3.1931
206,133,1,5.0,1,2.8466
206,173,3,5.0,1,3.1931
206,213,1,3.0,1,1.8466
206,218,1,5.0,1,2.8466
206,306,2,4.0,1,2.5493
207,2,3,4.5,2,2.9431
207,5,7,5.0,3,3.5397
207,6,1,5.0,1,2.8466
207,17,1,4.0,1,2.3466
207,61,3,4.5,2,2.9431
207,63,2,5.0,1,3.0493
207,64,5,4.5,2,3.1459
207,67,3,4.5,2,2.9431
207,77,2,4.0,1,2.5493
207,78,3,4.5,2,2.9431
207,119,2,5.0,1,3.0493
207,144,1,3.0,1,1.8466
207,149,1,5.0,1,2.8466
207,157,1,4.0,1,2.3466
207,206,1,3.0,1,1.8466
208,45,1,4.0,1,2.3466
208,61,7,4.7,3,3.3897
208,63,7,3.3,3,2.6897
208,64,7,4.0,5,3.0397
208,67,5,4.7,3,3.2459
208,68,1,5.0,1,2.8466
208,70,1,4.0,1,2.3466
208,71,6,3.8,4,2.873
208,72,3,5.0,2,3.1931
208,76,2,5.0,1,3.0493
208,78,3,5.0,2,3.1931
208,205,1,5.0,1,2.8466
208,219,2,5.0,1,3.0493
208,234,1,5.0,1,2.8466
209,7,1,5.0,1,2.8466
209,11,1,4.0,1,2.3466
209,12,2,5.0,1,3.0493
209,16,1,5.0,1,2.8466
209,17,2,3.0,1,2.0493
209,109,3,5.0,1,3.1931
209,111,4,4.0,1,2.8047
209,112,2,4.0,1,2.5493
209,117,3,3.0,1,2.1931
209,118,2,3.0,1,2.0493
209,143,4,4.0,1,2.8047
209,153,1,5.0,1,2.8466
209,213,3,4.0,1,2.6931
209,254,2,4.0,1,2.5493
210,42,3,5.0,2,3.1931
210,43,3,4.3,3,2.8431
210,45,3,5.0,1,3.1931
210,53,3,4.5,2,2.9431
210,56,1,5.0,1,2.8466
210,59,8,4.7,3,3.4486
210,61,1,4.0,1,2.3466
210,164,1,5.0,1,2.8466
210,181,2,5.0,1,3.0493
210,187,1,5.0,1,2.8466
211,4,1,4.0,1,2.3466
211,5,1,4.0,1,2.3466
211,8,1,5.0,1,2.8466
211,12,2,5.0,1,3.0493
211,13,2,3.0,1,2.0493
211,15,2,4.0,1,2.5493
211,20,1,5.0,1,2.8466
211,52,1,4.0,1,2.3466
211,88,3,4.0,1,2.6931
211,104,2,5.0,1,3.0493
211,106,3,5.0,1,3.1931
211,107,1,5.0,1,2.8466
211,108,3,4.0,1,2.6931
211,110,4,5.0,2,3.3047
211,114,3,4.5,2,2.9431
211,119,1,4.0,1,2.3466
211,126,2,3.0,1,2.0493
211,130,1,5.0,1,2.8466
211,131,3,4.5,2,2.9431
211,133,5,4.3,3,3.0459
211,146,1,5.0,1,2.8466
211,166,2,4.0,1,2.5493
211,244,1,5.0,1,2.8466
211,278,1,5.0,1,2.8466
212,2,2,5.0,1,3.0493
212,19,1,4.0,1,2.3466
212,66,1,4.0,1,2.3466
212,71,1,4.0,1,2.3466
212,73,2,4.0,1,2.5493
212,78,1,5.0,1,2.8466
212,95,4,3.0,2,2.3047
212,99,1,5.0,1,2.8466
212,139,1,3.0,1,1.8466
212,149,1,3.0,1,1.8466
212,203,1,5.0,1,2.8466
212,213,1,4.0,1,2.3466
212,237,2,4.0,1,2.5493
212,261,2,3.0,1,2.0493
212,265,1,5.0,1,2.8466
212,270,1,4.0,1,2.3466
213,2,6,4.3,3,3.123
213,5,4,4.0,2,2.8047
213,6,8,4.5,4,3.3486
213,7,2,3.0,1,2.0493
213,18,8,3.5,4,2.8486
213,141,1,5.0,1,2.8466
213,153,1,4.0,1,2.3466
213,155,1,5.0,1,2.8466
213,157,2,4.0,2,2.5493
213,190,1,3.0,1,1.8466
213,215,1,5.0,1,2.8466
213,267,1,4.0,1,2.3466
213,301,1,5.0,1,2.8466
214,2,1,4.0,1,2.3466
214,4,3,5.0,2,3.1931
214,5,3,5.0,1,3.1931
214,8,9,4.8,4,3.5513
214,9,2,4.0,1,2.5493
214,10,7,4.8,4,3.4397
214,12,3,4.5,2,2.9431
214,13,5,3.5,2,2.6459
214,14,9,3.5,4,2.9013
214,15,3,4.5,2,2.9431
214,20,3,3.0,1,2.1931
214,145,1,4.0,1,2.3466
214,146,1,4.0,1,2.3466
214,154,3,5.0,1,3.1931
214,157,1,4.0,1,2.3466
214,158,4,5.0,2,3.3047
215,23,1,4.0,1,2.3466
215,29,2,4.0,1,2.5493
215,36,3,4.0,1,2.6931
215,39,3,3.0,1,2.1931
215,90,3,5.0,1,3.1931
215,92,3,5.0,1,3.1931
215,121,6,4.0,2,2.973
215,124,1,5.0,1,2.8466
215,125,3,5.0,1,3.1931
215,128,1,5.0,1,2.8466
215,132,2,3.0,1,2.0493
215,137,4,4.5,2,3.0547
215,138,1,4.0,1,2.3466
215,139,1,4.0,1,2.3466
215,166,2,4.0,1,2.5493
215,180,3,5.0,2,3.1931
215,206,3,3.0,1,2.1931
215,215,1,4.0,1,2.3466
215,234,1,4.0,1,2.3466
215,237,3,5.0,1,3.1931
215,273,3,5.0,1,3.1931
215,318,4,4.0,1,2.8047
216,68,1,4.0,1,2.3466
216,84,7,4.5,4,3.2897
216,86,1,5.0,1,2.8466
216,88,6,4.2,4,3.073
216,91,8,4.5,4,3.3486
216,93,6,4.3,3,3.123
216,94,5,4.5,2,3.1459
216,97,1,4.0,1,2.3466
216,98,3,5.0,1,3.1931
216,178,2,4.0,1,2.5493
216,203,1,4.0,1,2.3466
216,225,2,5.0,1,3.0493
216,226,1,3.0,1,1.8466
216,231,1,4.0,1,2.3466
216,236,3,5.0,1,3.1931
216,238,2,5.0,1,3.0493
217,95,4,5.0,1,3.3047
217,107,4,3.0,1,2.3047
217,108,3,4.0,1,2.6931
217,112,22,4.2,10,3.6677
217,117,15,4.2,8,3.4863
217,118,22,4.5,11,3.8177
217,120,10,3.9,8,3.1489
217,244,3,5.0,1,3.1931
217,246,4,4.0,1,2.8047
218,81,1,4.0,1,2.3466
218,82,2,5.0,1,3.0493
218,84,3,5.0,1,3.1931
218,86,8,3.8,4,2.9986
218,88,4,3.0,1,2.3047
218,90,8,4.2,4,3.1986
218,92,5,4.7,3,3.2459
218,93,2,5.0,1,3.0493
218,155,3,5.0,1,3.1931
218,223,3,5.0,1,3.1931
218,225,3,4.0,1,2.6931
218,324,2,3.0,1,2.0493
219,65,13,4.3,6,3.4695
219,68,8,4.3,3,3.2486
219,73,16,4.6,7,3.7166
219,75,2,5.0,1,3.0493
219,76,1,5.0,1,2.8466
219,77,16,4.8,8,3.8166
219,79,5,4.5,2,3.1459
219,80,11,4.4,5,3.4425
219,202,3,4.0,1,2.6931
219,219,1,5.0,1,2.8466
220,4,1,4.0,1,2.3466
220,10,3,4.0,2,2.6931
220,12,3,3.5,2,2.4431
220,13,1,5.0,1,2.8466
220,14,2,4.0,1,2.5493
220,15,3,4.0,2,2.6931
220,18,1,4.0,1,2.3466
220,20,2,3.5,2,2.2993
220,104,1,5.0,1,2.8466
220,106,4,5.0,2,3.3047
220,107,4,4.5,2,3.0547
220,108,1,4.0,1,2.3466
220,110,5,5.0,2,3.3959
220,116,4,4.5,2,3.0547
220,241,1,4.0,1,2.3466
220,300,3,4.0,1,2.6931
221,1,6,4.5,2,3.223
221,7,2,4.5,2,2.7993
221,8,4,5.0,1,3.3047
221,9,2,4.5,2,2.7993
221,16,1,4.0,1,2.3466
221,19,1,5.0,1,2.8466
221,78,3,3.0,1,2.1931
221,105,1,5.0,1,2.8466
221,116,4,4.0,1,2.8047
221,117,2,3.0,1,2.0493
221,121,1,5.0,1,2.8466
221,123,4,4.5,2,3.0547
221,124,1,4.0,1,2.3466
221,127,4,4.5,2,3.0547
221,128,4,3.5,2,2.5547
221,135,3,5.0,1,3.1931
221,138,3,5.0,1,3.1931
221,153,1,5.0,1,2.8466
221,160,4,5.0,1,3.3047
221,164,1,4.0,1,2.3466
221,246,2,3.0,1,2.0493
221,249,2,4.0,1,2.5493
221,271,2,4.0,1,2.5493
221,288,1,3.0,1,1.8466
221,308,2,5.0,1,3.0493
222,15,2,5.0,1,3.0493
222,44,5,5.0,3,3.3959
222,46,7,3.7,3,2.8897
222,51,3,5.0,2,3.1931
222,56,3,4.5,2,2.9431
222,85,2,4.0,1,2.5493
222,86,8,4.0,4,3.0986
222,90,6,4.2,4,3.073
222,92,3,3.5,2,2.4431
222,96,4,5.0,1,3.3047
222,97,2,3.0,1,2.0493
222,187,3,3.0,1,2.1931
222,188,2,5.0,1,3.0493
222,200,3,5.0,1,3.1931
222,221,3,5.0,1,3.1931
222,222,2,5.0,1,3.0493
222,234,4,4.0,1,2.8047
222,295,2,4.0,1,2.5493
222,314,2,3.0,1,2.0493
223,21,1,4.0,1,2.3466
223,22,1,5.0,1,2.8466
223,23,2,5.0,1,3.0493
223,24,2,5.0,1,3.0493
223,28,3,5.0,1,3.1931
223,31,4,3.5,2,2.5547
223,33,1,4.0,1,2.3466
223,36,2,5.0,1,3.0493
223,58,2,3.0,1,2.0493
223,101,3,5.0,1,3.1931
223,102,1,5.0,1,2.8466
223,108,1,5.0,1,2.8466
223,115,3,5.0,1,3.1931
223,163,1,5.0,1,2.8466
223,252,1,4.0,1,2.3466
223,260,1,5.0,1,2.8466
223,342,2,4.0,1,2.5493
224,2,3,5.0,2,3.1931
224,5,2,5.0,1,3.0493
224,6,5,3.7,3,2.7459
224,7,1,5.0,1,2.8466
224,13,1,5.0,1,2.8466
224,18,2,3.0,1,2.0493
224,20,1,4.0,1,2.3466
224,23,3,5.0,2,3.1931
224,24,2,4.5,2,2.7993
224,27,1,4.0,1,2.3466
224,28,2,5.0,1,3.0493
224,29,5,3.5,2,2.6459
224,31,6,4.3,3,3.123
224,36,4,4.0,3,2.8047
224,147,1,5.0,1,2.8466
224,151,1,5.0,1,2.8466
224,175,1,4.0,1,2.3466
224,177,1,3.0,1,1.8466
224,178,1,4.0,1,2.3466
224,225,2,3.0,1,2.0493
225,8,1,3.0,1,1.8466
225,32,1,4.0,1,2.3466
225,65,2,3.0,1,2.0493
225,68,3,4.0,1,2.6931
225,72,1,5.0,1,2.8466
225,77,4,5.0,2,3.3047
225,79,4,4.0,2,2.8047
225,82,2,5.0,1,3.0493
225,84,3,4.0,2,2.6931
225,88,2,3.5,2,2.2993
225,91,4,4.0,2,2.8047
225,97,3,4.0,1,2.6931
225,100,1,5.0,1,2.8466
225,130,3,4.0,1,2.6931
225,131,1,5.0,1,2.8466
225,133,1,5.0,1,2.8466
225,139,1,3.0,1,1.8466
225,140,4,3.5,2,2.5547
225,204,3,4.0,1,2.6931
225,205,2,5.0,1,3.0493
225,227,2,4.0,1,2.5493
225,265,2,4.0,1,2.5493
226,1,2,5.0,1,3.0493
226,3,5,4.0,2,2.8959
226,4,2,4.0,1,2.5493
226,6,3,4.0,1,2.6931
226,7,1,3.0,1,1.8466
226,14,3,5.0,1,3.1931
226,15,2,5.0,1,3.0493
226,16,9,4.3,3,3.3013
226,17,4,4.0,2,2.8047
226,98,2,4.0,1,2.5493
226,121,3,4.0,1,2.6931
226,122,2,5.0,1,3.0493
226,123,11,4.5,4,3.4925
226,124,2,4.0,1,2.5493
226,127,1,4.0,1,2.3466
226,128,1,5.0,1,2.8466
226,129,4,4.0,1,2.8047
226,140,1,3.0,1,1.8466
226,142,1,4.0,1,2.3466
226,198,3,3.0,1,2.1931
226,262,4,5.0,1,3.3047
226,264,2,4.0,1,2.5493
226,275,2,5.0,1,3.0493
226,277,3,4.0,1,2.6931
226,278,2,5.0,1,3.0493
226,280,1,5.0,1,2.8466
226,303,2,5.0,1,3.0493
227,69,2,5.0,1,3.0493
227,74,3,5.0,1,3.1931
227,76,5,3.0,2,2.3959
227,121,2,5.0,1,3.0493
227,122,1,4.0,1,2.3466
227,123,2,4.0,1,2.5493
227,125,6,3.3,3,2.623
227,127,2,4.0,2,2.5493
227,128,1,4.0,1,2.3466
227,135,1,4.0,1,2.3466
227,137,2,5.0,1,3.0493
227,211,2,5.0,1,3.0493
227,217,3,5.0,1,3.1931
227,262,4,5.0,1,3.3047
228,62,10,4.5,4,3.4489
228,66,8,4.2,4,3.1986
228,69,12,4.6,5,3.5825
228,70,11,4.5,6,3.4925
228,72,1,5.0,1,2.8466
228,73,3,5.0,1,3.1931
228,74,7,4.0,4,3.0397
228,75,8,4.2,5,3.1986
228,76,6,4.2,4,3.073
228,204,4,4.0,1,2.8047
228,205,3,5.0,1,3.1931
228,207,1,5.0,1,2.8466
228,211,2,5.0,1,3.0493
228,215,2,5.0,1,3.0493
228,217,2,5.0,1,3.0493
229,4,2,3.0,1,2.0493
229,7,3,4.0,1,2.6931
229,9,1,5.0,1,2.8466
229,11,3,5.0,1,3.1931
229,17,5,5.0,2,3.3959
229,19,1,4.0,1,2.3466
229,26,2,3.0,1,2.0493
229,122,5,5.0,2,3.3959
229,123,2,4.0,1,2.5493
229,125,3,5.0,1,3.1931
229,129,3,5.0,1,3.1931
229,131,3,5.0,1,3.1931
229,135,5,4.0,3,2.8959
229,137,1,4.0,1,2.3466
229,138,3,5.0,1,3.1931
229,151,3,5.0,1,3.1931
229,154,1,5.0,1,2.8466
229,157,2,5.0,1,3.0493
229,159,2,4.0,1,2.5493
229,240,3,5.0,1,3.1931
229,262,4,5.0,2,3.3047
229,266,2,4.0,1,2.5493
229,272,2,4.0,1,2.5493
229,280,1,5.0,1,2.8466
229,281,4,4.0,1,2.8047
230,22,1,3.0,1,1.8466
230,26,3,4.0,2,2.6931
230,33,2,5.0,1,3.0493
230,34,5,4.0,3,2.8959
230,37,3,5.0,1,3.1931
230,38,1,5.0,1,2.8466
230,52,1,5.0,1,2.8466
230,83,1,5.0,1,2.8466
230,84,3,5.0,1,3.1931
230,93,4,4.7,3,3.1547
230,126,3,4.0,1,2.6931
230,130,11,4.2,4,3.3425
230,131,1,5.0,1,2.8466
230,132,1,3.0,1,1.8466
230,140,3,4.0,2,2.6931
230,223,3,5.0,1,3.1931
230,262,2,5.0,1,3.0493
230,268,2,5.0,1,3.0493
231,6,3,4.0,1,2.6931
231,7,1,3.0,1,1.8466
231,19,3,3.0,1,2.1931
231,42,5,4.5,2,3.1459
231,43,4,4.5,2,3.0547
231,53,7,4.7,3,3.3897
231,59,5,5.0,2,3.3959
231,104,4,5.0,2,3.3047
231,106,6,4.0,2,2.973
231,110,5,4.0,2,2.8959
231,114,3,5.0,2,3.1931
231,116,1,3.0,1,1.8466
231,187,3,5.0,1,3.1931
231,194,5,4.5,2,3.1459
231,251,3,5.0,1,3.1931
231,256,1,5.0,1,2.8466
231,259,1,5.0,1,2.8466
232,8,1,5.0,1,2.8466
232,23,2,4.0,1,2.5493
232,34,1,5.0,1,2.8466
232,104,5,4.5,4,3.1459
232,106,9,4.6,5,3.4513
232,107,4,3.5,2,2.5547
232,108,6,4.0,4,2.973
232,110,12,4.4,5,3.4825
232,112,1,5.0,1,2.8466
232,114,5,4.3,3,3.0459
232,116,6,3.5,4,2.723
232,129,1,4.0,1,2.3466
232,251,1,5.0,1,2.8466
232,252,2,3.0,1,2.0493
232,253,1,3.0,1,1.8466
232,260,1,5.0,1,2.8466
232,301,2,5.0,1,3.0493
232,327,1,3.0,1,1.8466
232,348,1,3.0,1,1.8466
233,1,1,5.0,1,2.8466
233,53,1,5.0,1,2.8466
233,66,1,3.0,1,1.8466
233,84,6,5.0,2,3.473
233,94,4,5.0,2,3.3047
233,126,3,4.0,1,2.6931
233,131,1,5.0,1,2.8466
233,132,3,5.0,1,3.1931
233,139,5,3.5,2,2.6459
233,140,1,5.0,1,2.8466
233,181,3,5.0,1,3.1931
233,184,1,4.0,1,2.3466
233,193,1,5.0,1,2.8466
233,263,1,5.0,1,2.8466
233,271,1,5.0,1,2.8466
233,277,2,5.0,1,3.0493
233,280,2,4.0,1,2.5493
233,332,3,4.0,1,2.6931
234,46,6,4.3,3,3.123
234,51,3,3.0,1,2.1931
234,59,2,4.0,1,2.5493
234,62,1,5.0,1,2.8466
234,69,1,4.0,1,2.3466
234,70,1,5.0,1,2.8466
234,74,4,4.5,2,3.0547
234,75,7,4.7,3,3.3897
234,76,1,5.0,1,2.8466
234,105,3,4.0,1,2.6931
234,112,3,3.0,1,2.1931
234,113,3,4.0,1,2.6931
234,191,2,4.0,1,2.5493
235,6,4,4.7,3,3.1547
235,7,2,5.0,1,3.0493
235,11,2,4.0,2,2.5493
235,64,3,4.5,2,2.9431
235,71,4,4.5,2,3.0547
235,74,1,4.0,1,2.3466
235,78,3,4.0,2,2.6931
235,101,5,4.0,2,2.8959
235,102,5,4.4,5,3.0959
235,103,2,4.5,2,2.7993
235,106,1,4.0,1,2.3466
235,109,3,4.0,1,2.6931
235,111,2,4.0,1,2.5493
235,119,2,3.0,1,2.0493
235,150,1,5.0,1,2.8466
235,157,1,5.0,1,2.8466
235,158,1,5.0,1,2.8466
235,205,2,3.0,1,2.0493
235,207,1,5.0,1,2.8466
235,211,1,5.0,1,2.8466
235,329,1,4.0,1,2.3466
236,45,2,3.0,1,2.0493
236,56,1,5.0,1,2.8466
236,62,3,4.0,1,2.6931
236,69,2,5.0,1,3.0493
236,184,1,4.0,1,2.3466
236,191,2,4.0,1,2.5493
236,199,2,5.0,1,3.0493
236,260,3,4.0,1,2.6931
237,42,3,4.0,1,2.6931
237,43,3,5.0,1,3.1931
237,45,1,5.0,1,2.8466
237,57,4,4.5,2,3.0547
237,59,1,4.0,1,2.3466
237,68,2,4.0,1,2.5493
237,73,6,4.5,4,3.223
237,77,2,5.0,1,3.0493
237,79,4,5.0,2,3.3047
237,80,3,4.5,2,2.9431
237,104,3,5.0,2,3.1931
237,106,2,5.0,1,3.0493
237,110,1,4.0,1,2.3466
237,111,1,5.0,1,2.8466
237,116,3,3.0,1,2.1931
237,182,2,5.0,1,3.0493
237,215,1,5.0,1,2.8466
238,11,3,3.0,1,2.1931
238,44,2,5.0,1,3.0493
238,51,3,5.0,1,3.1931
238,56,3,5.0,1,3.1931
238,66,1,5.0,1,2.8466
238,71,1,4.0,1,2.3466
238,121,1,4.0,1,2.3466
238,123,1,5.0,1,2.8466
238,124,1,5.0,1,2.8466
238,126,4,5.0,1,3.3047
238,127,3,4.0,1,2.6931
238,128,2,5.0,1,3.0493
238,135,1,4.0,1,2.3466
238,137,1,3.0,1,1.8466
238,138,2,5.0,1,3.0493
238,140,3,5.0,1,3.1931
238,148,3,5.0,1,3.1931
238,182,1,5.0,1,2.8466
238,203,4,5.0,1,3.3047
238,278,2,5.0,1,3.0493
238,325,4,5.0,1,3.3047
239,101,5,4.0,3,2.8959
239,102,7,4.7,3,3.3897
239,103,3,4.0,2,2.6931
239,105,1,4.0,1,2.3466
239,109,3,4.0,1,2.6931
239,111,2,3.0,1,2.0493
239,113,5,4.7,3,3.2459
239,115,6,5.0,2,3.473
239,118,2,4.5,2,2.7993
239,119,2,4.0,2,2.5493
239,248,1,4.0,1,2.3466
239,255,1,5.0,1,2.8466
239,260,1,4.0,1,2.3466
240,1,4,3.7,3,2.6547
240,2,4,3.0,1,2.3047
240,3,7,4.3,3,3.1897
240,7,5,4.5,2,3.1459
240,15,1,3.0,1,1.8466
240,16,3,5.0,1,3.1931
240,17,3,5.0,1,3.1931
240,19,3,3.0,1,2.1931
240,46,8,4.8,4,3.4986
240,56,4,5.0,2,3.3047
240,117,3,5.0,1,3.1931
240,118,6,4.0,2,2.973
240,152,2,3.0,1,2.0493
240,158,1,5.0,1,2.8466
240,181,3,4.0,1,2.6931
240,188,3,5.0,1,3.1931
240,195,2,5.0,1,3.0493
240,200,2,4.0,1,2.5493
240,254,1,4.0,1,2.3466
240,258,1,5.0,1,2.8466
240,286,2,4.0,1,2.5493
241,16,1,3.0,1,1.8466
241,61,2,4.0,1,2.5493
241,63,6,5.0,2,3.473
241,64,2,4.0,1,2.5493
241,67,5,4.5,2,3.1459
241,71,6,4.5,2,3.223
241,72,2,5.0,1,3.0493
241,78,4,4.5,2,3.0547
241,99,1,5.0,1,2.8466
241,101,2,4.0,1,2.5493
241,102,5,4.3,3,3.0459
241,103,6,3.7,3,2.823
241,105,2,4.0,1,2.5493
241,109,1,3.0,1,1.8466
241,111,3,3.0,1,2.1931
241,115,6,4.0,3,2.973
241,119,8,4.2,4,3.1986
241,145,2,3.0,1,2.0493
241,211,1,4.0,1,2.3466
241,218,1,5.0,1,2.8466
241,240,1,5.0,1,2.8466
241,241,1,5.0,1,2.8466
241,244,1,5.0,1,2.8466
241,254,2,4.0,1,2.5493
241,255,1,5.0,1,2.8466
241,257,2,4.0,1,2.5493
241,258,2,4.5,2,2.7993
242,21,3,5.0,1,3.1931
242,24,2,4.0,1,2.5493
242,26,1,5.0,1,2.8466
242,30,1,3.0,1,1.8466
242,33,4,4.5,2,3.0547
242,34,3,4.5,2,2.9431
242,37,3,4.0,1,2.6931
242,38,4,4.0,2,2.8047
242,76,1,4.0,1,2.3466
242,78,2,4.0,1,2.5493
242,104,3,4.0,2,2.6931
242,106,3,3.0,1,2.1931
242,107,2,5.0,1,3.0493
242,110,4,4.0,2,2.8047
242,114,2,4.0,1,2.5493
242,115,2,5.0,1,3.0493
242,141,3,3.0,1,2.1931
242,174,3,3.5,2,2.4431
242,176,2,4.0,1,2.5493
242,244,1,5.0,1,2.8466
242,248,3,5.0,1,3.1931
242,254,2,4.0,1,2.5493
242,255,2,4.0,1,2.5493
242,325,2,5.0,1,3.0493
243,1,2,4.0,1,2.5493
243,3,3,4.5,2,2.9431
243,9,5,5.0,2,3.3959
243,16,2,5.0,1,3.0493
243,19,8,4.0,3,3.0986
243,46,2,3.0,1,2.0493
243,107,2,4.0,1,2.5493
243,112,2,4.5,2,2.7993
243,117,1,5.0,1,2.8466
243,118,8,4.5,4,3.3486
243,134,2,5.0,1,3.0493
243,135,2,4.0,1,2.5493
243,152,2,4.0,1,2.5493
243,158,3,5.0,1,3.1931
243,172,2,4.0,1,2.5493
243,248,3,3.0,1,2.1931
243,276,3,5.0,1,3.1931
244,26,2,5.0,1,3.0493
244,30,3,4.0,1,2.6931
244,57,2,4.0,1,2.5493
244,109,3,4.5,2,2.9431
244,112,4,4.5,2,3.0547
244,115,4,5.0,1,3.3047
244,117,5,5.0,2,3.3959
244,118,4,4.0,2,2.8047
244,120,3,4.3,3,2.8431
244,222,2,4.0,1,2.5493
244,241,4,5.0,1,3.3047
244,242,4,5.0,2,3.3047
244,243,1,5.0,1,2.8466
244,252,2,5.0,1,3.0493
244,257,2,3.0,1,2.0493
244,260,2,3.0,1,2.0493
244,347,3,3.0,1,2.1931
245,1,1,4.0,1,2.3466
245,2,8,4.2,4,3.1986
245,3,1,4.0,1,2.3466
245,5,3,5.0,1,3.1931
245,15,1,5.0,1,2.8466
245,17,1,5.0,1,2.8466
245,23,1,5.0,1,2.8466
245,24,4,4.0,2,2.8047
245,28,5,5.0,2,3.3959
245,29,5,3.7,3,2.7459
245,31,1,5.0,1,2.8466
245,36,6,4.0,2,2.973
245,39,1,5.0,1,2.8466
245,52,1,4.0,1,2.3466
245,65,1,5.0,1,2.8466
245,77,1,5.0,1,2.8466
245,129,3,4.0,1,2.6931
245,134,2,5.0,1,3.0493
245,169,2,4.0,1,2.5493
245,170,1,5.0,1,2.8466
245,175,1,5.0,1,2.8466
245,177,1,5.0,1,2.8466
245,213,1,3.0,1,1.8466
245,264,2,5.0,1,3.0493
245,273,1,4.0,1,2.3466
245,301,1,4.0,1,2.3466
246,38,3,4.0,1,2.6931
246,88,1,5.0,1,2.8466
246,91,4,4.5,2,3.0547
246,94,2,4.0,2,2.5493
246,97,4,3.5,2,2.5547
246,122,1,5.0,1,2.8466
246,128,1,3.0,1,1.8466
246,130,1,3.0,1,1.8466
246,131,4,5.0,2,3.3047
246,133,2,5.0,1,3.0493
246,137,1,5.0,1,2.8466
246,140,3,4.0,1,2.6931
246,238,1,5.0,1,2.8466
246,270,1,4.0,1,2.3466
247,8,2,5.0,1,3.0493
247,10,3,4.0,1,2.6931
247,12,3,5.0,1,3.1931
247,15,1,4.0,1,2.3466
247,20,2,5.0,1,3.0493
247,42,3,5.0,1,3.1931
247,43,3,5.0,1,3.1931
247,51,3,3.0,1,2.1931
247,59,2,4.0,1,2.5493
247,126,2,5.0,1,3.0493
247,133,1,3.0,1,1.8466
247,140,7,4.7,3,3.3897
247,142,3,5.0,1,3.1931
247,149,2,5.0,1,3.0493
247,186,2,5.0,1,3.0493
247,197,2,4.0,1,2.5493
247,200,1,4.0,1,2.3466
247,249,1,5.0,1,2.8466
247,255,2,5.0,1,3.0493
247,267,2,4.0,1,2.5493
247,342,2,4.0,1,2.5493
248,81,5,4.5,2,3.1459
248,82,1,3.0,1,1.8466
248,83,8,4.3,3,3.2486
248,85,5,5.0,4,3.3959
248,87,2,5.0,1,3.0493
248,95,1,4.0,1,2.3466
248,96,3,5.0,1,3.1931
248,98,3,5.0,1,3.1931
248,99,3,4.0,1,2.6931
248,100,1,5.0,1,2.8466
248,126,1,4.0,1,2.3466
248,129,5,3.7,3,2.7459
248,134,5,5.0,2,3.3959
248,136,7,4.0,3,3.0397
249,61,1,4.0,1,2.3466
249,65,3,5.0,2,3.1931
249,73,2,5.0,2,3.0493
249,77,2,5.0,1,3.0493
249,180,1,4.0,1,2.3466
249,204,2,4.0,1,2.5493
249,207,2,3.0,1,2.0493
249,213,1,4.0,1,2.3466
249,331,1,4.0,1,2.3466
250,23,3,4.0,1,2.6931
250,56,1,3.0,1,1.8466
250,83,3,4.0,1,2.6931
250,95,4,5.0,2,3.3047
250,99,1,5.0,1,2.8466
250,102,3,4.0,1,2.6931
250,111,1,3.0,1,1.8466
250,168,1,4.0,1,2.3466
250,224,1,4.0,1,2.3466
250,229,1,3.0,1,1.8466
250,238,1,4.0,1,2.3466
251,24,1,4.0,1,2.3466
251,28,1,5.0,1,2.8466
251,81,2,4.0,1,2.5493
251,82,5,3.7,3,2.7459
251,85,4,4.0,3,2.8047
251,86,1,4.0,1,2.3466
251,87,5,5.0,2,3.3959
251,89,2,3.0,1,2.0493
251,95,4,5.0,2,3.3047
251,98,4,4.3,3,2.9547
251,99,5,4.3,3,3.0459
251,223,1,4.0,1,2.3466
251,227,1,4.0,1,2.3466
251,228,1,4.0,1,2.3466
251,233,1,5.0,1,2.8466
251,237,2,3.0,1,2.0493
251,238,2,5.0,1,3.0493
251,289,1,4.0,1,2.3466
251,342,1,3.0,1,1.8466
252,21,4,4.5,2,3.0547
252,26,3,5.0,1,3.1931
252,34,10,4.6,5,3.4989
252,37,1,3.0,1,1.8466
252,38,3,5.0,2,3.1931
252,104,3,4.0,2,2.6931
252,106,3,5.0,1,3.1931
252,107,6,4.3,3,3.123
252,108,3,4.0,2,2.6931
252,109,2,4.0,1,2.5493
252,112,2,4.0,1,2.5493
252,114,4,4.5,2,3.0547
252,116,4,5.0,2,3.3047
252,178,2,4.0,1,2.5493
252,260,1,5.0,1,2.8466
252,261,2,3.0,1,2.0493
252,281,1,4.0,1,2.3466
252,339,2,3.0,1,2.0493
253,22,7,4.8,4,3.4397
253,25,4,4.5,2,3.0547
253,27,5,4.3,3,3.0459
253,32,1,5.0,1,2.8466
253,35,7,4.7,3,3.3897
253,39,5,5.0,2,3.3959
253,40,6,4.7,3,3.323
253,108,4,4.0,1,2.8047
253,112,4,5.0,2,3.3047
253,117,3,4.5,2,2.9431
253,118,6,3.3,3,2.623
253,119,2,4.0,1,2.5493
253,120,3,3.0,1,2.1931
253,166,4,4.0,2,2.8047
253,175,3,3.0,1,2.1931
253,274,1,5.0,1,2.8466
253,339,1,5.0,1,2.8466
254,81,5,5.0,3,3.3959
254,82,5,4.0,2,2.8959
254,83,4,5.0,2,3.3047
254,86,1,4.0,1,2.3466
254,87,7,4.0,3,3.0397
254,89,6,4.7,3,3.323
254,95,3,3.5,2,2.4431
254,96,3,3.0,1,2.1931
254,99,3,3.5,2,2.4431
254,100,1,5.0,1,2.8466
254,123,1,5.0,1,2.8466
254,128,1,5.0,1,2.8466
254,129,4,4.5,2,3.0547
254,134,4,4.5,2,3.0547
254,136,3,3.0,1,2.1931
254,221,1,5.0,1,2.8466
254,222,1,3.0,1,1.8466
254,224,1,3.0,1,1.8466
254,226,1,5.0,1,2.8466
254,236,1,5.0,1,2.8466
254,266,1,5.0,1,2.8466
254,276,1,3.0,1,1.8466
254,277,1,4.0,1,2.3466
254,314,1,4.0,1,2.3466
255,22,3,4.0,1,2.6931
255,25,3,4.0,1,2.6931
255,27,1,4.0,1,2.3466
255,29,3,3.0,1,2.1931
255,32,3,5.0,1,3.1931
255,33,2,4.0,1,2.5493
255,35,3,4.5,2,2.9431
255,86,3,4.0,1,2.6931
255,90,1,5.0,1,2.8466
255,91,2,4.0,1,2.5493
255,94,2,4.0,1,2.5493
255,97,4,5.0,1,3.3047
255,121,8,4.0,3,3.0986
255,122,2,5.0,1,3.0493
255,123,4,5.0,2,3.3047
255,124,1,4.0,1,2.3466
255,125,3,3.0,1,2.1931
255,126,2,5.0,1,3.0493
255,128,2,5.0,1,3.0493
255,135,2,4.0,1,2.5493
255,168,1,4.0,1,2.3466
255,174,1,5.0,1,2.8466
255,180,2,5.0,1,3.0493
255,198,3,4.0,1,2.6931
255,223,1,5.0,1,2.8466
255,239,2,4.0,1,2.5493
255,279,3,5.0,1,3.1931
255,288,2,4.0,1,2.5493
255,300,1,5.0,1,2.8466
256,84,2,4.0,1,2.5493
256,123,2,5.0,2,3.0493
256,127,1,5.0,1,2.8466
256,129,11,4.1,7,3.2925
256,130,1,4.0,1,2.3466
256,134,6,4.0,4,2.973
256,135,2,5.0,1,3.0493
256,136,11,4.2,4,3.3425
256,139,2,5.0,2,3.0493
256,255,2,3.0,1,2.0493
256,263,1,5.0,1,2.8466
257,22,3,4.0,1,2.6931
257,24,4,5.0,1,3.3047
257,33,2,5.0,1,3.0493
257,35,1,5.0,1,2.8466
257,39,3,5.0,1,3.1931
257,40,3,5.0,1,3.1931
257,50,2,5.0,1,3.0493
257,56,2,3.0,1,2.0493
257,112,1,5.0,1,2.8466
257,117,1,5.0,1,2.8466
257,166,1,5.0,1,2.8466
257,241,3,4.0,1,2.6931
257,249,6,4.5,2,3.223
257,317,2,4.0,1,2.5493
257,322,2,4.0,1,2.5493
258,62,4,3.5,2,2.5547
258,63,2,5.0,1,3.0493
258,65,2,5.0,1,3.0493
258,66,5,4.0,2,2.8959
258,69,3,4.0,1,2.6931
258,70,9,5.0,4,3.6513
258,74,5,5.0,2,3.3959
258,75,5,4.5,2,3.1459
258,76,8,4.0,3,3.0986
258,100,3,4.0,1,2.6931
258,190,3,5.0,1,3.1931
258,201,2,3.0,1,2.0493
258,202,1,5.0,1,2.8466
258,203,2,3.0,1,2.0493
258,207,2,4.0,1,2.5493
258,209,2,5.0,1,3.0493
258,213,3,3.0,1,2.1931
258,217,2,5.0,1,3.0493
259,22,2,5.0,1,3.0493
259,25,7,4.0,2,3.0397
259,27,3,5.0,1,3.1931
259,32,3,4.0,2,2.6931
259,37,1,4.0,1,2.3466
259,40,4,5.0,2,3.3047
259,62,5,4.0,2,2.8959
259,67,2,5.0,1,3.0493
259,72,1,5.0,1,2.8466
259,75,3,3.5,2,2.4431
259,76,5,4.7,3,3.2459
259,170,1,5.0,1,2.8466
260,26,2,5.0,1,3.0493
260,95,1,5.0,1,2.8466
260,101,1,4.0,1,2.3466
260,102,2,3.0,1,2.0493
260,103,1,5.0,1,2.8466
260,108,1,5.0,1,2.8466
260,109,2,5.0,1,3.0493
260,119,2,4.5,2,2.7993
260,260,1,5.0,1,2.8466
261,21,5,4.5,2,3.1459
261,30,3,5.0,1,3.1931
261,33,1,5.0,1,2.8466
261,34,2,3.0,1,2.0493
261,38,1,4.0,1,2.3466
261,39,2,5.0,1,3.0493
261,65,4,5.0,2,3.3047
261,68,1,5.0,1,2.8466
261,72,1,4.0,1,2.3466
261,77,2,4.5,2,2.7993
261,80,2,5.0,1,3.0493
261,83,2,5.0,1,3.0493
261,95,1,5.0,1,2.8466
261,152,2,5.0,1,3.0493
261,170,1,5.0,1,2.8466
261,175,2,4.0,1,2.5493
261,178,3,5.0,1,3.1931
261,199,1,4.0,1,2.3466
261,202,1,4.0,1,2.3466
261,203,1,3.0,1,1.8466
261,321,2,4.0,1,2.5493
262,44,2,5.0,1,3.0493
262,46,2,5.0,1,3.0493
262,52,1,4.0,1,2.3466
262,54,1,4.0,1,2.3466
262,58,1,3.0,1,1.8466
262,116,1,5.0,1,2.8466
262,117,1,5.0,1,2.8466
262,123,1,4.0,1,2.3466
262,126,1,5.0,1,2.8466
262,132,3,5.0,1,3.1931
262,133,3,4.0,1,2.6931
262,181,1,4.0,1,2.3466
262,185,1,4.0,1,2.3466
262,197,2,4.0,1,2.5493
262,198,2,3.0,1,2.0493
262,242,2,4.0,1,2.5493
262,244,1,4.0,1,2.3466
262,247,2,3.0,1,2.0493
262,250,1,5.0,1,2.8466
262,253,3,5.0,2,3.1931
262,255,3,5.0,1,3.1931
262,270,3,5.0,1,3.1931
262,275,1,5.0,1,2.8466
262,325,2,5.0,1,3.0493
262,331,2,5.0,1,3.0493
262,342,3,5.0,1,3.1931
263,10,1,5.0,1,2.8466
263,13,2,5.0,1,3.0493
263,21,3,5.0,1,3.1931
263,26,2,5.0,1,3.0493
263,38,4,4.0,2,2.8047
263,53,4,4.3,3,2.9547
263,56,1,5.0,1,2.8466
263,166,2,4.0,1,2.5493
263,330,2,5.0,1,3.0493
263,349,1,5.0,1,2.8466
264,23,5,4.0,3,2.8959
264,28,1,5.0,1,2.8466
264,29,1,4.0,1,2.3466
264,32,2,4.0,1,2.5493
264,39,2,4.0,1,2.5493
264,44,2,4.0,1,2.5493
264,122,1,5.0,1,2.8466
264,150,1,4.0,1,2.3466
264,170,3,4.0,1,2.6931
264,174,1,4.0,1,2.3466
264,176,1,5.0,1,2.8466
264,180,1,4.0,1,2.3466
264,194,1,4.0,1,2.3466
264,292,1,3.0,1,1.8466
264,308,1,3.0,1,1.8466
264,309,1,5.0,1,2.8466
264,329,1,5.0,1,2.8466
265,21,3,5.0,1,3.1931
265,30,2,5.0,1,3.0493
265,38,1,3.0,1,1.8466
265,61,2,4.0,1,2.5493
265,65,2,3.0,1,2.0493
265,66,3,5.0,1,3.1931
265,68,1,5.0,1,2.8466
265,69,1,5.0,1,2.8466
265,72,3,5.0,1,3.1931
265,104,2,4.0,1,2.5493
265,107,3,3.0,1,2.1931
265,114,3,3.0,1,2.1931
265,129,2,4.0,1,2.5493
265,132,2,4.0,1,2.5493
265,202,2,5.0,1,3.0493
265,280,1,5.0,1,2.8466
266,62,1,4.0,1,2.3466
266,66,3,5.0,1,3.1931
266,68,2,5.0,1,3.0493
266,69,1,3.0,1,1.8466
266,70,3,3.0,1,2.1931
266,74,1,3.0,1,1.8466
266,75,4,3.5,2,2.5547
267,12,1,5.0,1,2.8466
267,20,8,4.7,3,3.4486
267,126,2,3.0,1,2.0493
267,130,6,4.5,2,3.223
267,131,2,5.0,1,3.0493
267,139,3,5.0,1,3.1931
267,140,2,3.0,1,2.0493
268,47,1,3.0,1,1.8466
268,84,2,4.0,1,2.5493
268,88,4,4.0,3,2.8047
268,91,4,4.5,2,3.0547
268,93,5,4.0,2,2.8959
268,94,2,4.0,1,2.5493
268,97,7,5.0,3,3.5397
268,104,1,5.0,1,2.8466
268,227,1,5.0,1,2.8466
268,228,3,4.0,1,2.6931
268,231,2,5.0,1,3.0493
268,238,3,5.0,1,3.1931
268,239,3,5.0,1,3.1931
268,271,3,5.0,1,3.1931
269,27,1,5.0,1,2.8466
269,86,2,4.0,1,2.5493
269,90,5,4.3,3,3.0459
269,92,5,3.5,2,2.6459
269,110,1,5.0,1,2.8466
269,112,4,4.3,3,2.9547
269,117,3,4.5,2,2.9431
269,118,1,5.0,1,2.8466
269,120,2,5.0,1,3.0493
269,168,2,4.0,1,2.5493
270,95,1,4.0,1,2.3466
270,98,2,4.0,1,2.5493
270,126,1,5.0,1,2.8466
270,127,1,4.0,1,2.3466
270,129,12,4.2,6,3.3825
270,134,14,4.0,9,3.354
270,136,11,4.3,7,3.3925
270,137,2,5.0,1,3.0493
270,187,1,5.0,1,2.8466
270,232,1,4.0,1,2.3466
270,246,1,5.0,1,2.8466
270,264,2,4.0,1,2.5493
270,266,1,4.0,1,2.3466
270,270,1,3.0,1,1.8466
270,277,1,5.0,1,2.8466
270,298,2,5.0,1,3.0493
270,300,1,3.0,1,1.8466
270,323,1,3.0,1,1.8466
271,41,2,5.0,1,3.0493
271,50,2,5.0,1,3.0493
271,52,3,5.0,1,3.1931
271,54,4,4.0,2,2.8047
271,58,3,4.0,1,2.6931
271,61,1,4.0,1,2.3466
271,62,1,3.0,1,1.8466
271,63,3,3.0,1,2.1931
271,64,1,4.0,1,2.3466
271,75,1,3.0,1,1.8466
271,77,1,5.0,1,2.8466
271,124,2,3.0,1,2.0493
271,129,5,4.0,2,2.8959
271,136,5,4.7,3,3.2459
271,218,1,5.0,1,2.8466
271,231,1,4.0,1,2.3466
272,21,1,5.0,1,2.8466
272,30,1,5.0,1,2.8466
272,37,1,5.0,1,2.8466
272,49,1,4.0,1,2.3466
272,57,3,5.0,1,3.1931
272,59,1,5.0,1,2.8466
272,72,3,4.0,1,2.6931
272,84,3,5.0,1,3.1931
272,88,3,5.0,1,3.1931
272,96,2,4.0,1,2.5493
272,161,1,4.0,1,2.3466
272,162,1,5.0,1,2.8466
272,166,1,4.0,1,2.3466
272,189,1,5.0,1,2.8466
272,225,1,3.0,1,1.8466
272,245,1,4.0,1,2.3466
272,345,2,5.0,1,3.0493
273,84,5,4.0,2,2.8959
273,88,2,5.0,1,3.0493
273,93,3,3.0,1,2.1931
273,96,1,5.0,1,2.8466
273,97,2,4.0,1,2.5493
273,126,5,5.0,2,3.3959
273,129,3,4.5,2,2.9431
273,130,2,4.5,2,2.7993
273,131,1,5.0,1,2.8466
273,132,2,3.0,1,2.0493
273,139,2,4.5,2,2.7993
273,140,8,4.2,4,3.1986
273,229,1,5.0,1,2.8466
273,262,1,5.0,1,2.8466
273,270,1,4.0,1,2.3466
273,293,2,3.0,1,2.0493
273,327,1,4.0,1,2.3466
273,334,2,4.0,1,2.5493
274,4,5,4.2,4,2.9959
274,8,4,4.5,2,3.0547
274,10,4,5.0,2,3.3047
274,11,2,5.0,1,3.0493
274,12,5,4.0,2,2.8959
274,13,2,5.0,1,3.0493
274,14,4,4.5,2,3.0547
274,15,3,4.0,2,2.6931
274,18,3,5.0,1,3.1931
274,20,6,4.0,2,2.973
274,156,1,5.0,1,2.8466
274,159,2,5.0,1,3.0493
274,238,1,3.0,1,1.8466
275,23,2,5.0,1,3.0493
275,24,3,4.0,1,2.6931
275,27,1,4.0,1,2.3466
275,28,5,4.0,3,2.8959
275,29,4,5.0,2,3.3047
275,30,1,3.0,1,1.8466
275,31,6,5.0,3,3.473
275,33,1,5.0,1,2.8466
275,35,1,5.0,1,2.8466
275,36,2,4.0,1,2.5493
275,59,1,3.0,1,1.8466
275,79,1,3.0,1,1.8466
275,129,6,5.0,3,3.473
275,134,2,5.0,1,3.0493
275,136,1,5.0,1,2.8466
275,162,1,5.0,1,2.8466
275,169,1,4.0,1,2.3466
275,170,1,4.0,1,2.3466
275,174,2,4.0,1,2.5493
275,178,1,4.0,1,2.3466
275,204,2,4.0,1,2.5493
275,211,1,3.0,1,1.8466
275,223,1,5.0,1,2.8466
275,260,2,3.0,1,2.0493
275,263,1,4.0,1,2.3466
275,265,1,5.0,1,2.8466
275,275,1,5.0,1,2.8466
275,276,2,4.5,2,2.7993
276,5,3,4.5,2,2.9431
276,6,1,4.0,1,2.3466
276,13,1,5.0,1,2.8466
276,18,1,5.0,1,2.8466
276,29,1,3.0,1,1.8466
276,72,1,5.0,1,2.8466
276,102,4,3.5,2,2.5547
276,103,2,5.0,1,3.0493
276,104,2,5.0,1,3.0493
276,105,3,5.0,1,3.1931
276,106,1,5.0,1,2.8466
276,111,4,4.0,2,2.8047
276,113,3,4.5,2,2.9431
276,115,3,5.0,1,3.1931
276,117,2,5.0,1,3.0493
276,118,1,5.0,1,2.8466
276,124,1,4.0,1,2.3466
276,131,1,5.0,1,2.8466
276,146,1,5.0,1,2.8466
276,147,2,5.0,1,3.0493
276,160,1,4.0,1,2.3466
276,210,1,5.0,1,2.8466
276,264,2,5.0,1,3.0493
276,271,1,5.0,1,2.8466
276,324,1,5.0,1,2.8466
277,22,4,5.0,2,3.3047
277,23,3,4.0,1,2.6931
277,25,3,4.3,3,2.8431
277,27,2,4.0,1,2.5493
277,32,7,4.3,3,3.1897
277,35,3,5.0,1,3.1931
277,39,5,4.0,3,2.8959
277,47,2,5.0,1,3.0493
277,53,1,4.0,1,2.3466
277,82,1,5.0,1,2.8466
277,86,3,4.5,2,2.9431
277,90,1,3.0,1,1.8466
277,92,10,4.2,4,3.2989
277,93,1,5.0,1,2.8466
277,96,3,4.0,1,2.6931
277,98,3,5.0,1,3.1931
277,161,3,4.0,1,2.6931
277,163,3,5.0,1,3.1931
277,171,2,4.0,2,2.5493
277,172,1,5.0,1,2.8466
277,206,2,4.0,1,2.5493
277,224,2,4.0,1,2.5493
277,225,3,5.0,1,3.1931
277,235,2,3.0,1,2.0493
277,239,2,4.0,1,2.5493
278,22,1,4.0,1,2.3466
278,27,1,4.0,1,2.3466
278,32,4,3.5,2,2.5547
278,62,4,4.5,2,3.0547
278,70,1,5.0,1,2.8466
278,71,3,5.0,1,3.1931
278,75,4,4.5,2,3.0547
278,142,2,4.0,1,2.5493
278,173,3,5.0,1,3.1931
278,212,3,4.0,1,2.6931
278,342,2,5.0,1,3.0493
279,84,4,4.0,2,2.8047
279,91,2,3.5,2,2.2993
279,93,2,4.0,1,2.5493
279,94,5,4.0,2,2.8959
279,97,6,4.0,2,2.973
279,100,1,5.0,1,2.8466
279,102,1,4.0,1,2.3466
279,104,2,4.0,1,2.5493
279,106,5,4.5,2,3.1459
279,108,3,3.0,1,2.1931
279,110,5,5.0,2,3.3959
279,113,1,4.0,1,2.3466
279,114,3,3.0,1,2.1931
279,116,2,5.0,1,3.0493
279,117,3,4.0,1,2.6931
279,119,1,4.0,1,2.3466
279,126,4,5.0,2,3.3047
279,130,1,5.0,1,2.8466
279,131,3,3.5,2,2.4431
279,132,2,5.0,1,3.0493
279,133,2,4.0,1,2.5493
279,140,1,5.0,1,2.8466
279,254,1,5.0,1,2.8466
279,270,1,5.0,1,2.8466
279,282,2,4.0,1,2.5493
280,42,2,3.0,1,2.0493
280,43,3,5.0,2,3.1931
280,44,3,4.0,1,2.6931
280,45,3,5.0,1,3.1931
280,46,1,4.0,1,2.3466
280,53,6,4.7,3,3.323
280,54,7,4.3,2,3.1897
280,55,2,4.0,1,2.5493
280,58,3,5.0,1,3.1931
280,59,4,5.0,2,3.3047
280,169,1,3.0,1,1.8466
280,175,2,5.0,1,3.0493
280,183,2,4.0,1,2.5493
280,184,1,4.0,1,2.3466
280,187,2,5.0,1,3.0493
280,188,1,5.0,1,2.8466
280,190,1,5.0,1,2.8466
280,199,1,5.0,1,2.8466
280,334,2,4.0,1,2.5493
281,6,1,5.0,1,2.8466
281,71,4,5.0,1,3.3047
281,74,3,3.0,1,2.1931
281,118,4,4.5,2,3.0547
281,120,3,5.0,2,3.1931
281,122,1,5.0,1,2.8466
281,123,3,5.0,2,3.1931
281,124,4,5.0,2,3.3047
281,125,3,5.0,1,3.1931
281,128,1,5.0,1,2.8466
281,133,2,4.0,1,2.5493
281,134,1,5.0,1,2.8466
281,135,5,3.5,2,2.6459
281,249,2,5.0,1,3.0493
282,7,3,3.0,1,2.1931
282,44,8,4.2,4,3.1986
282,51,9,3.8,4,3.0513
282,56,12,4.6,5,3.5825
282,112,6,5.0,5,3.473
282,113,1,3.0,1,1.8466
282,117,4,4.0,2,2.8047
282,118,5,4.5,2,3.1459
282,120,1,5.0,1,2.8466
282,121,1,4.0,1,2.3466
282,129,2,5.0,1,3.0493
282,243,2,5.0,1,3.0493
282,245,2,4.0,1,2.5493
282,253,2,4.0,1,2.5493
282,260,2,5.0,1,3.0493
283,8,3,3.0,1,2.1931
283,22,3,4.5,2,2.9431
283,25,5,4.5,2,3.1459
283,27,2,4.0,1,2.5493
283,35,3,4.0,2,2.6931
283,38,2,5.0,1,3.0493
283,40,1,4.0,1,2.3466
283,62,1,3.0,1,1.8466
283,66,11,4.6,5,3.5425
283,69,5,5.0,2,3.3959
283,70,7,4.3,3,3.1897
283,75,2,5.0,1,3.0493
283,86,1,3.0,1,1.8466
283,90,3,4.0,2,2.6931
283,92,1,3.0,1,1.8466
283,97,3,5.0,1,3.1931
283,135,4,5.0,1,3.3047
283,161,1,5.0,1,2.8466
283,175,2,4.0,1,2.5493
283,178,2,4.0,1,2.5493
283,223,2,5.0,1,3.0493
284,1,4,4.5,2,3.0547
284,3,1,3.0,1,1.8466
284,7,3,5.0,2,3.1931
284,9,1,4.0,1,2.3466
284,11,3,3.0,1,2.1931
284,17,1,4.0,1,2.3466
284,18,1,5.0,1,2.8466
284,19,6,4.7,3,3.323
284,22,5,3.7,3,2.7459
284,25,3,5.0,1,3.1931
284,27,5,5.0,2,3.3959
284,31,2,3.0,1,2.0493
284,32,3,4.0,2,2.6931
284,35,2,5.0,2,3.0493
284,38,2,5.0,1,3.0493
284,39,5,4.0,3,2.8959
284,40,3,4.0,2,2.6931
284,86,5,3.0,2,2.3959
284,90,8,4.3,3,3.2486
284,91,4,5.0,1,3.3047
284,92,7,5.0,3,3.5397
284,180,2,5.0,1,3.0493
285,9,1,5.0,1,2.8466
285,48,2,5.0,1,3.0493
285,49,4,3.7,3,2.6547
285,58,2,3.0,1,2.0493
285,63,2,5.0,1,3.0493
285,67,3,5.0,1,3.1931
285,75,2,4.0,1,2.5493
285,78,4,4.0,2,2.8047
285,138,2,5.0,1,3.0493
285,212,1,5.0,1,2.8466
285,215,3,5.0,2,3.1931
285,314,2,3.0,1,2.0493
285,330,1,3.0,1,1.8466
286,9,2,4.0,1,2.5493
286,37,3,5.0,1,3.1931
286,66,3,5.0,1,3.1931
286,69,1,5.0,1,2.8466
286,70,1,4.0,1,2.3466
286,73,1,3.0,1,1.8466
286,74,1,4.0,1,2.3466
286,75,2,5.0,1,3.0493
286,76,2,5.0,1,3.0493
286,86,3,3.0,1,2.1931
286,90,2,5.0,1,3.0493
286,125,3,5.0,1,3.1931
286,127,3,5.0,1,3.1931
286,130,3,3.0,1,2.1931
286,137,5,4.0,2,2.8959
286,212,1,3.0,1,1.8466
286,225,2,5.0,1,3.0493
286,241,2,4.0,1,2.5493
286,264,2,5.0,1,3.0493
286,274,2,4.0,1,2.5493
286,279,2,5.0,1,3.0493
287,32,1,5.0,1,2.8466
287,84,4,5.0,2,3.3047
287,87,1,3.0,1,1.8466
287,91,10,4.8,4,3.5989
287,94,2,5.0,1,3.0493
287,97,5,4.5,2,3.1459
287,100,5,4.0,2,2.8959
287,105,3,5.0,1,3.1931
287,130,1,4.0,1,2.3466
287,228,1,4.0,1,2.3466
287,230,1,5.0,1,2.8466
288,21,2,4.0,1,2.5493
288,23,2,5.0,1,3.0493
288,26,5,5.0,3,3.3959
288,33,3,3.0,1,2.1931
288,34,2,5.0,1,3.0493
288,35,1,5.0,1,2.8466
288,37,5,4.0,2,2.8959
288,38,3,5.0,2,3.1931
288,42,3,3.5,2,2.4431
288,43,4,5.0,2,3.3047
288,45,2,5.0,1,3.0493
288,53,3,5.0,1,3.1931
288,57,1,4.0,1,2.3466
288,162,1,5.0,1,2.8466
288,166,1,5.0,1,2.8466
288,195,3,5.0,1,3.1931
289,104,3,5.0,1,3.1931
289,111,4,4.0,1,2.8047
289,117,3,4.0,1,2.6931
289,118,2,5.0,1,3.0493
289,119,3,5.0,1,3.1931
289,120,4,4.5,2,3.0547
289,123,3,5.0,1,3.1931
289,129,2,5.0,1,3.0493
289,134,3,4.0,1,2.6931
289,138,2,5.0,1,3.0493
289,220,3,5.0,1,3.1931
289,256,1,3.0,1,1.8466
289,264,1,5.0,1,2.8466
289,269,1,5.0,1,2.8466
289,270,2,4.5,2,2.7993
289,280,1,5.0,1,2.8466
289,298,2,4.0,1,2.5493
289,321,1,4.0,1,2.3466
290,10,1,5.0,1,2.8466
290,21,3,5.0,1,3.1931
290,27,1,5.0,1,2.8466
290,33,3,4.0,1,2.6931
290,34,1,3.0,1,1.8466
290,37,3,5.0,1,3.1931
290,38,4,4.3,3,2.9547
290,39,2,5.0,1,3.0493
290,105,3,4.0,1,2.6931
290,130,4,5.0,2,3.3047
290,131,1,5.0,1,2.8466
290,132,4,3.5,2,2.5547
290,134,3,5.0,1,3.1931
290,140,2,5.0,2,3.0493
290,165,1,4.0,1,2.3466
290,270,2,4.0,2,2.5493
290,278,2,4.0,1,2.5493
291,42,2,5.0,1,3.0493
291,43,1,5.0,1,2.8466
291,44,6,4.5,2,3.223
291,45,4,4.0,1,2.8047
291,46,1,5.0,1,2.8466
291,51,1,4.0,1,2.3466
291,56,2,4.0,1,2.5493
291,102,1,5.0,1,2.8466
291,121,2,5.0,2,3.0493
291,122,4,4.0,2,2.8047
291,123,6,5.0,2,3.473
291,124,1,3.0,1,1.8466
291,127,5,3.3,3,2.5459
291,128,3,4.5,2,2.9431
291,130,1,5.0,1,2.8466
291,131,3,5.0,1,3.1931
291,135,1,3.0,1,1.8466
291,137,2,5.0,1,3.0493
291,138,5,4.0,2,2.8959
291,177,2,3.0,1,2.0493
291,183,2,4.0,1,2.5493
291,185,1,4.0,1,2.3466
291,191,4,4.5,2,3.0547
291,195,3,4.0,1,2.6931
291,200,3,3.0,1,2.1931
291,222,2,5.0,1,3.0493
291,233,1,4.0,1,2.3466
291,240,3,3.0,1,2.1931
291,267,3,4.0,1,2.6931
291,271,3,5.0,1,3.1931
291,273,4,5.0,3,3.3047
291,278,3,3.0,1,2.1931
292,44,8,4.5,4,3.3486
292,46,3,3.0,1,2.1931
292,51,1,3.0,1,1.8466
292,53,2,5.0,1,3.0493
292,56,5,5.0,2,3.3959
292,92,3,5.0,1,3.1931
292,96,4,4.0,1,2.8047
292,108,4,4.0,1,2.8047
292,135,3,4.0,1,2.6931
292,138,1,3.0,1,1.8466
292,189,1,4.0,1,2.3466
292,193,3,4.0,1,2.6931
292,197,1,4.0,1,2.3466
292,232,1,5.0,1,2.8466
292,235,1,5.0,1,2.8466
292,317,1,5.0,1,2.8466
293,68,3,4.5,2,2.9431
293,79,4,5.0,2,3.3047
293,80,3,4.5,2,2.9431
293,88,2,5.0,1,3.0493
293,91,3,5.0,1,3.1931
293,94,3,4.0,2,2.6931
293,106,1,3.0,1,1.8466
293,107,5,5.0,2,3.3959
293,114,3,5.0,2,3.1931
293,116,2,3.0,1,2.0493
293,151,2,3.0,1,2.0493
293,230,1,5.0,1,2.8466
293,257,1,5.0,1,2.8466
294,41,3,5.0,1,3.1931
294,44,7,4.6,5,3.3397
294,46,6,4.6,5,3.273
294,47,3,5.0,2,3.1931
294,51,9,4.5,4,3.4013
294,56,9,4.0,3,3.1513
294,58,4,5.0,1,3.3047
294,185,2,4.0,1,2.5493
294,249,2,5.0,1,3.0493
295,49,3,5.0,1,3.1931
295,52,2,4.0,1,2.5493
295,61,1,4.0,1,2.3466
295,63,2,4.0,1,2.5493
295,67,3,5.0,1,3.1931
295,78,2,5.0,1,3.0493
295,105,1,3.0,1,1.8466
295,113,4,4.0,2,2.8047
296,23,2,5.0,1,3.0493
296,28,1,5.0,1,2.8466
296,49,1,4.0,1,2.3466
296,58,3,3.0,1,2.1931
296,101,1,3.0,1,1.8466
296,102,2,4.0,1,2.5493
296,105,1,5.0,1,2.8466
296,109,2,5.0,1,3.0493
296,111,3,3.0,1,2.1931
296,115,3,5.0,1,3.1931
296,167,1,4.0,1,2.3466
296,244,1,4.0,1,2.3466
297,3,2,4.0,1,2.5493
297,7,3,3.0,1,2.1931
297,10,3,4.0,1,2.6931
297,11,1,5.0,1,2.8466
297,16,1,5.0,1,2.8466
297,121,4,4.0,1,2.8047
297,144,2,5.0,1,3.0493
297,148,3,5.0,1,3.1931
297,158,1,5.0,1,2.8466
297,224,3,5.0,1,3.1931
298,2,10,4.0,5,3.1989
298,5,6,4.0,4,2.973
298,6,5,5.0,3,3.3959
298,18,14,3.8,6,3.254
298,153,1,5.0,1,2.8466
298,158,1,5.0,1,2.8466
299,62,1,3.0,1,1.8466
299,101,6,4.5,2,3.223
299,102,6,4.5,2,3.223
299,103,5,4.7,3,3.2459
299,105,3,4.0,2,2.6931
299,109,3,4.0,2,2.6931
299,111,3,3.0,1,2.1931
299,113,4,4.0,3,2.8047
299,115,4,3.5,2,2.5547
299,116,2,4.5,2,2.7993
299,119,4,4.5,2,3.0547
299,228,2,5.0,1,3.0493
299,243,1,5.0,1,2.8466
299,244,1,5.0,1,2.8466
299,246,1,5.0,1,2.8466
299,251,1,3.0,1,1.8466
299,257,1,3.0,1,1.8466
299,260,2,5.0,1,3.0493
300,68,3,4.0,1,2.6931
300,80,2,5.0,1,3.0493
300,106,2,4.5,2,2.7993
300,108,3,5.0,1,3.1931
300,116,1,4.0,1,2.3466
301,42,2,4.0,1,2.5493
301,47,3,5.0,1,3.1931
301,48,3,4.0,2,2.6931
301,50,6,4.0,3,2.973
301,52,3,4.5,2,2.9431
301,53,1,4.0,1,2.3466
301,55,4,4.5,2,3.0547
301,58,2,4.5,2,2.7993
301,102,6,5.0,2,3.473
301,103,3,4.0,1,2.6931
301,105,4,4.5,2,3.0547
301,109,1,5.0,1,2.8466
301,111,5,4.0,3,2.8959
301,119,3,5.0,1,3.1931
301,133,1,3.0,1,1.8466
301,157,1,5.0,1,2.8466
301,189,1,4.0,1,2.3466
301,190,2,4.0,1,2.5493
301,191,2,4.0,1,2.5493
301,243,1,4.0,1,2.3466
301,250,2,5.0,1,3.0493
302,18,5,4.0,2,2.8959
302,109,2,4.0,1,2.5493
302,119,1,3.0,1,1.8466
302,129,1,3.0,1,1.8466
302,134,1,4.0,1,2.3466
302,145,1,5.0,1,2.8466
302,257,1,5.0,1,2.8466
302,263,2,5.0,1,3.0493
302,265,1,4.0,1,2.3466
302,280,1,5.0,1,2.8466
303,61,1,4.0,1,2.3466
303,63,7,4.7,3,3.3897
303,64,1,5.0,1,2.8466
303,67,6,4.3,3,3.123
303,71,3,3.0,1,2.1931
303,72,3,5.0,1,3.1931
303,73,1,3.0,1,1.8466
303,74,2,5.0,1,3.0493
303,78,3,5.0,1,3.1931
303,128,2,5.0,1,3.0493
303,129,3,4.0,1,2.6931
303,134,3,4.0,2,2.6931
303,136,6,4.0,3,2.973
303,202,1,4.0,1,2.3466
303,203,1,4.0,1,2.3466
303,209,1,5.0,1,2.8466
303,268,1,3.0,1,1.8466
303,269,1,4.0,1,2.3466
303,271,1,4.0,1,2.3466
303,296,1,3.0,1,1.8466
304,20,1,3.0,1,1.8466
304,81,5,4.0,2,2.8959
304,84,1,4.0,1,2.3466
304,87,3,4.5,2,2.9431
304,89,2,5.0,2,3.0493
304,95,1,3.0,1,1.8466
304,136,1,5.0,1,2.8466
304,233,1,4.0,1,2.3466
304,266,1,3.0,1,1.8466
304,267,2,4.0,1,2.5493
304,279,2,5.0,2,3.0493
305,61,1,5.0,1,2.8466
305,64,1,5.0,1,2.8466
305,67,6,4.3,3,3.123
305,71,2,4.0,2,2.5493
305,82,1,3.0,1,1.8466
305,95,1,3.0,1,1.8466
305,98,3,5.0,1,3.1931
305,99,1,5.0,1,2.8466
305,134,1,4.0,1,2.3466
305,136,2,3.0,1,2.0493
305,237,2,3.0,1,2.0493
305,261,2,4.0,1,2.5493
305,300,1,3.0,1,1.8466
305,311,1,3.0,1,1.8466
306,37,1,3.0,1,1.8466
306,129,17,4.1,7,3.4952
306,134,16,4.1,8,3.4666
306,136,12,3.8,6,3.1825
306,263,1,5.0,1,2.8466
306,265,2,3.5,1,2.2993
306,269,1,4.0,1,2.3466
306,273,1,5.0,1,2.8466
306,275,1,4.0,1,2.3466
307,23,1,4.0,1,2.3466
307,26,1,4.0,1,2.3466
307,28,2,3.5,2,2.2993
307,29,2,5.0,1,3.0493
307,31,4,4.5,2,3.0547
307,36,3,5.0,1,3.1931
307,40,1,5.0,1,2.8466
307,47,4,4.5,2,3.0547
307,48,6,5.0,2,3.473
307,49,1,4.0,1,2.3466
307,50,3,5.0,1,3.1931
307,52,3,3.5,2,2.4431
307,54,4,4.7,3,3.1547
307,55,1,3.0,1,1.8466
307,60,3,5.0,1,3.1931
307,101,3,3.0,1,2.1931
307,102,2,4.0,1,2.5493
307,103,4,4.0,2,2.8047
307,109,4,3.5,2,2.5547
307,111,3,5.0,1,3.1931
307,115,3,5.0,1,3.1931
307,162,1,4.0,1,2.3466
307,181,1,5.0,1,2.8466
307,184,2,5.0,1,3.0493
307,245,1,5.0,1,2.8466
307,247,1,4.0,1,2.3466
307,256,1,3.0,1,1.8466
308,22,3,4.0,1,2.6931
308,27,2,5.0,1,3.0493
308,31,3,5.0,1,3.1931
308,35,3,5.0,1,3.1931
308,38,1,5.0,1,2.8466
308,40,3,4.0,1,2.6931
308,109,2,4.0,1,2.5493
308,115,2,5.0,1,3.0493
308,117,4,4.0,2,2.8047
308,120,2,4.0,1,2.5493
308,121,3,3.0,1,2.1931
308,122,2,5.0,1,3.0493
308,123,5,4.5,2,3.1459
308,124,3,4.5,2,2.9431
308,125,6,4.3,3,3.123
308,133,3,5.0,1,3.1931
308,137,2,4.0,1,2.5493
308,138,1,5.0,1,2.8466
308,169,1,5.0,1,2.8466
308,176,4,5.0,1,3.3047
308,243,2,4.0,1,2.5493
308,245,3,5.0,1,3.1931
308,247,2,4.0,1,2.5493
308,275,1,4.0,1,2.3466
309,3,2,4.0,1,2.5493
309,11,3,5.0,1,3.1931
309,16,1,5.0,1,2.8466
309,44,3,5.0,1,3.1931
309,46,3,4.0,1,2.6931
309,47,1,5.0,1,2.8466
309,51,3,5.0,1,3.1931
309,62,6,4.5,2,3.223
309,70,3,5.0,1,3.1931
309,74,3,5.0,1,3.1931
309,75,3,4.0,1,2.6931
309,203,2,4.0,1,2.5493
310,28,3,4.0,2,2.6931
310,29,1,4.0,1,2.3466
310,41,3,4.5,2,2.9431
310,45,2,3.0,1,2.0493
310,49,1,3.0,1,1.8466
310,50,5,4.0,2,2.8959
310,55,1,5.0,1,2.8466
310,58,3,4.0,1,2.6931
310,60,1,4.0,1,2.3466
310,168,1,5.0,1,2.8466
310,174,4,4.0,2,2.8047
310,176,2,4.0,1,2.5493
310,186,1,4.0,1,2.3466
310,267,1,4.0,1,2.3466
310,292,2,5.0,1,3.0493
311,41,2,5.0,1,3.0493
311,42,2,5.0,1,3.0493
311,43,3,5.0,2,3.1931
311,45,2,5.0,1,3.0493
311,59,3,4.0,1,2.6931
311,73,2,4.0,1,2.5493
311,126,2,4.5,2,2.7993
311,130,2,4.0,1,2.5493
311,131,3,5.0,1,3.1931
311,132,1,5.0,1,2.8466
311,139,3,5.0,2,3.1931
311,140,4,4.5,2,3.0547
311,195,1,4.0,1,2.3466
311,220,1,5.0,1,2.8466
311,227,2,4.0,1,2.5493
311,272,1,4.0,1,2.3466
311,273,1,5.0,1,2.8466
311,274,1,4.0,1,2.3466
311,277,1,4.0,1,2.3466
311,279,1,5.0,1,2.8466
311,280,3,5.0,1,3.1931
312,44,9,4.6,5,3.4513
312,46,6,4.7,3,3.323
312,51,3,4.0,3,2.6931
312,56,4,4.5,2,3.0547
312,93,2,3.0,1,2.0493
312,97,3,3.0,1,2.1931
312,192,3,4.0,1,2.6931
312,194,1,5.0,1,2.8466
313,18,2,5.0,1,3.0493
313,47,1,5.0,1,2.8466
313,48,5,5.0,2,3.3959
313,50,1,3.0,1,1.8466
313,54,1,3.0,1,1.8466
313,55,2,3.0,1,2.0493
313,60,3,4.5,2,2.9431
313,61,4,4.5,2,3.0547
313,63,1,4.0,1,2.3466
313,64,4,3.3,3,2.4547
313,67,2,4.0,1,2.5493
313,78,6,4.3,3,3.123
313,145,1,4.0,1,2.3466
313,149,2,5.0,1,3.0493
313,342,2,4.0,1,2.5493
314,1,6,4.0,3,2.973
314,3,2,3.0,1,2.0493
314,7,4,4.5,2,3.0547
314,11,1,5.0,1,2.8466
314,16,2,5.0,1,3.0493
314,17,3,5.0,1,3.1931
314,19,4,5.0,2,3.3047
314,102,4,4.0,1,2.8047
314,112,5,3.5,2,2.6459
314,114,1,4.0,1,2.3466
314,117,2,5.0,1,3.0493
314,118,1,4.0,1,2.3466
314,120,1,3.0,1,1.8466
314,233,1,3.0,1,1.8466
314,345,3,4.0,1,2.6931
315,23,6,4.5,2,3.223
315,24,3,4.5,2,2.9431
315,28,1,3.0,1,1.8466
315,29,5,4.5,2,3.1459
315,31,3,5.0,1,3.1931
315,36,4,5.0,2,3.3047
315,100,1,5.0,1,2.8466
315,167,1,5.0,1,2.8466
315,172,1,5.0,1,2.8466
315,188,2,4.0,1,2.5493
316,36,2,5.0,1,3.0493
316,44,4,4.5,2,3.0547
316,46,4,4.7,3,3.1547
316,51,6,3.8,4,2.873
316,56,7,3.8,4,2.9397
316,62,2,5.0,1,3.0493
316,68,1,4.0,1,2.3466
316,69,4,4.5,2,3.0547
316,70,2,3.0,1,2.0493
316,74,3,4.0,2,2.6931
316,75,1,3.0,1,1.8466
316,76,5,4.0,2,2.8959
316,86,7,4.0,3,3.0397
316,90,7,4.5,4,3.2897
316,92,6,4.5,2,3.223
316,120,1,4.0,1,2.3466
316,232,1,5.0,1,2.8466
316,236,2,4.0,1,2.5493
316,317,1,4.0,1,2.3466
317,22,3,5.0,1,3.1931
317,24,1,4.0,1,2.3466
317,25,1,5.0,1,2.8466
317,27,6,4.5,2,3.223
317,28,3,4.0,1,2.6931
317,32,4,4.5,2,3.0547
317,39,1,5.0,1,2.8466
317,40,5,5.0,2,3.3959
317,110,1,4.0,1,2.3466
317,117,5,4.0,2,2.8959
317,118,3,4.0,1,2.6931
317,120,3,5.0,1,3.1931
317,121,1,5.0,1,2.8466
317,141,1,4.0,1,2.3466
317,176,2,4.0,1,2.5493
317,262,2,4.0,1,2.5493
317,264,4,3.0,1,2.3047
318,85,1,5.0,1,2.8466
318,88,1,3.0,1,1.8466
318,93,6,3.0,2,2.473
318,94,2,4.0,1,2.5493
318,98,1,5.0,1,2.8466
318,100,2,4.0,1,2.5493
318,104,3,3.0,1,2.1931
318,106,3,4.0,1,2.6931
318,108,3,4.5,2,2.9431
318,110,2,5.0,1,3.0493
318,116,2,4.0,1,2.5493
318,135,2,5.0,1,3.0493
318,169,3,5.0,1,3.1931
318,223,3,5.0,1,3.1931
318,235,2,5.0,1,3.0493
318,238,1,5.0,1,2.8466
318,240,1,4.0,1,2.3466
318,261,1,5.0,1,2.8466
319,121,1,4.0,1,2.3466
319,122,1,4.0,1,2.3466
319,128,1,4.0,1,2.3466
319,135,3,4.5,2,2.9431
319,138,2,5.0,1,3.0493
320,51,1,5.0,1,2.8466
320,122,1,3.0,1,1.8466
320,125,1,5.0,1,2.8466
320,127,4,4.5,2,3.0547
320,128,1,5.0,1,2.8466
320,135,1,4.0,1,2.3466
320,137,1,5.0,1,2.8466
320,191,3,4.0,1,2.6931
321,83,2,5.0,1,3.0493
321,111,1,4.0,1,2.3466
321,112,3,4.0,1,2.6931
321,117,4,5.0,2,3.3047
321,118,5,5.0,3,3.3959
321,244,2,3.0,1,2.0493
322,4,3,5.0,1,3.1931
322,13,1,3.0,1,1.8466
322,14,5,5.0,2,3.3959
322,15,5,5.0,2,3.3959
322,20,3,4.0,1,2.6931
322,126,6,4.0,2,2.973
322,130,2,4.5,2,2.7993
322,131,3,4.7,3,3.0431
322,132,1,4.0,1,2.3466
322,133,3,4.5,2,2.9431
322,137,2,5.0,1,3.0493
322,139,4,5.0,2,3.3047
322,158,2,5.0,1,3.0493
322,160,2,4.0,1,2.5493
322,278,2,4.0,1,2.5493
322,279,1,4.0,1,2.3466
323,1,1,4.0,1,2.3466
323,3,2,5.0,2,3.0493
323,7,2,5.0,1,3.0493
323,9,5,4.7,3,3.2459
323,11,1,4.0,1,2.3466
323,16,3,5.0,2,3.1931
323,17,7,5.0,3,3.5397
323,19,6,5.0,3,3.473
323,83,1,3.0,1,1.8466
323,86,2,5.0,1,3.0493
323,90,1,4.0,1,2.3466
323,146,3,5.0,1,3.1931
323,208,2,3.0,1,2.0493
324,3,4,5.0,2,3.3047
324,5,2,5.0,1,3.0493
324,15,2,4.5,2,2.7993
324,19,3,4.0,1,2.6931
324,44,5,4.5,2,3.1459
324,46,6,4.5,2,3.223
324,51,5,3.5,2,2.6459
324,56,3,5.0,1,3.1931
324,58,2,3.0,1,2.0493
324,59,1,5.0,1,2.8466
324,141,3,4.0,1,2.6931
324,155,2,5.0,1,3.0493
324,191,1,4.0,1,2.3466
324,330,2,5.0,1,3.0493
325,64,1,5.0,1,2.8466
325,65,7,4.7,3,3.3897
325,68,6,4.3,3,3.123
325,73,2,5.0,1,3.0493
325,74,1,4.0,1,2.3466
325,75,1,5.0,1,2.8466
325,77,1,3.0,1,1.8466
325,79,9,4.7,3,3.5013
325,80,5,3.5,2,2.6459
325,208,1,4.0,1,2.3466
325,215,1,5.0,1,2.8466
326,61,3,4.5,2,2.9431
326,63,6,5.0,2,3.473
326,64,9,4.2,4,3.2513
326,66,1,5.0,1,2.8466
326,67,13,4.8,5,3.7195
326,69,1,4.0,1,2.3466
326,71,8,4.5,4,3.3486
326,72,7,4.8,4,3.4397
326,78,10,3.4,5,2.8989
326,208,2,5.0,1,3.0493
326,217,2,4.0,1,2.5493
327,121,5,5.0,2,3.3959
327,122,3,4.5,2,2.9431
327,123,2,5.0,1,3.0493
327,124,3,4.5,2,2.9431
327,125,3,4.0,1,2.6931
327,127,3,4.0,2,2.6931
327,129,3,4.0,1,2.6931
327,130,1,5.0,1,2.8466
327,133,2,4.0,1,2.5493
327,135,3,3.0,1,2.1931
327,137,2,4.0,1,2.5493
327,138,2,4.0,1,2.5493
327,139,2,4.0,1,2.5493
327,261,1,4.0,1,2.3466
327,341,1,3.0,1,1.8466
327,345,1,4.0,1,2.3466
328,68,2,5.0,2,3.0493
328,69,1,5.0,1,2.8466
328,77,3,5.0,2,3.1931
328,79,2,3.0,1,2.0493
328,80,4,5.0,2,3.3047
328,81,2,5.0,1,3.0493
328,121,2,5.0,1,3.0493
328,130,1,5.0,1,2.8466
328,131,3,4.0,2,2.6931
328,132,3,4.0,1,2.6931
328,133,6,3.5,2,2.723
328,139,3,5.0,1,3.1931
328,155,2,5.0,1,3.0493
328,207,2,5.0,1,3.0493
328,208,1,5.0,1,2.8466
328,253,1,3.0,1,1.8466
328,265,2,5.0,1,3.0493
328,327,1,3.0,1,1.8466
329,2,5,5.0,2,3.3959
329,5,2,4.0,1,2.5493
329,7,1,5.0,1,2.8466
329,18,1,4.0,1,2.3466
329,49,2,5.0,1,3.0493
329,50,4,4.0,3,2.8047
329,52,3,5.0,1,3.1931
329,54,3,4.0,1,2.6931
329,58,3,4.0,1,2.6931
329,59,1,5.0,1,2.8466
329,60,1,5.0,1,2.8466
329,64,2,5.0,1,3.0493
329,124,1,5.0,1,2.8466
329,129,2,4.0,1,2.5493
329,134,5,3.7,3,2.7459
329,189,2,5.0,1,3.0493
329,195,2,5.0,1,3.0493
329,269,2,5.0,1,3.0493
329,270,1,4.0,1,2.3466
330,40,1,5.0,1,2.8466
330,101,17,4.5,6,3.6952
330,102,10,4.4,5,3.3989
330,103,5,4.3,3,3.0459
330,104,1,5.0,1,2.8466
330,105,1,5.0,1,2.8466
330,107,1,5.0,1,2.8466
330,109,10,4.0,5,3.1989
330,110,1,5.0,1,2.8466
330,111,8,4.3,3,3.2486
330,113,9,4.2,4,3.2513
330,115,3,5.0,1,3.1931
330,119,5,4.5,4,3.1459
330,241,1,5.0,1,2.8466
331,11,3,4.0,1,2.6931
331,67,2,3.0,1,2.0493
331,88,2,4.0,1,2.5493
331,106,2,4.0,1,2.5493
331,113,6,5.0,1,3.473
331,120,4,4.0,2,2.8047
331,121,2,5.0,1,3.0493
331,123,3,5.0,1,3.1931
331,124,3,5.0,1,3.1931
331,125,1,5.0,1,2.8466
331,127,5,3.3,3,2.5459
331,128,3,3.0,1,2.1931
331,135,5,5.0,2,3.3959
331,137,3,5.0,1,3.1931
331,162,3,3.0,1,2.1931
331,246,4,4.0,1,2.8047
331,251,2,5.0,1,3.0493
331,252,3,4.0,2,2.6931
331,255,1,4.0,1,2.3466
331,257,3,4.0,1,2.6931
331,261,1,4.0,1,2.3466
331,262,1,3.0,1,1.8466
331,275,1,4.0,1,2.3466
331,291,2,3.0,1,2.0493
331,311,2,5.0,1,3.0493
332,21,14,3.9,7,3.304
332,26,4,4.5,2,3.0547
332,30,14,3.8,5,3.254
332,32,3,4.0,1,2.6931
332,33,6,4.0,2,2.973
332,34,7,4.0,3,3.0397
332,37,7,4.0,4,3.0397
332,38,5,5.0,2,3.3959
332,75,1,4.0,1,2.3466
332,116,2,5.0,1,3.0493
332,166,1,5.0,1,2.8466
332,179,2,4.0,1,2.5493
332,221,2,5.0,1,3.0493
332,265,2,5.0,1,3.0493
332,342,1,4.0,1,2.3466
333,31,1,4.0,1,2.3466
333,88,1,5.0,1,2.8466
333,101,7,4.7,3,3.3897
333,102,1,5.0,1,2.8466
333,103,2,5.0,2,3.0493
333,105,3,4.5,2,2.9431
333,109,8,4.7,3,3.4486
333,111,13,3.5,6,3.0695
333,113,12,4.1,7,3.3325
333,115,2,4.0,1,2.5493
333,117,1,3.0,1,1.8466
333,118,1,4.0,1,2.3466
333,119,4,3.3,3,2.4547
333,136,1,3.0,1,1.8466
333,244,1,5.0,1,2.8466
333,251,1,5.0,1,2.8466
333,255,1,5.0,1,2.8466
334,23,8,3.5,4,2.8486
334,24,9,4.3,6,3.3013
334,28,6,5.0,3,3.473
334,29,10,4.5,4,3.4489
334,31,3,4.5,2,2.9431
334,33,1,4.0,1,2.3466
334,36,5,4.0,4,2.8959
334,225,1,5.0,1,2.8466
334,255,1,3.0,1,1.8466
335,34,2,5.0,1,3.0493
335,62,5,4.0,3,2.8959
335,66,4,4.0,2,2.8047
335,69,5,4.7,3,3.2459
335,70,4,4.5,2,3.0547
335,74,2,4.5,2,2.7993
335,75,4,4.0,2,2.8047
335,76,7,4.7,3,3.3897
335,79,1,3.0,1,1.8466
335,166,4,4.0,1,2.8047
335,207,3,4.0,1,2.6931
335,208,4,4.0,1,2.8047
335,216,4,5.0,1,3.3047
336,25,2,5.0,2,3.0493
336,27,2,5.0,1,3.0493
336,35,1,3.0,1,1.8466
336,39,5,4.3,3,3.0459
336,40,5,3.5,2,2.6459
336,66,3,4.5,2,2.9431
336,69,2,4.0,1,2.5493
336,70,2,4.0,2,2.5493
336,74,1,3.0,1,1.8466
336,75,1,5.0,1,2.8466
336,76,5,4.7,3,3.2459
336,166,3,4.0,1,2.6931
336,177,3,3.0,1,2.1931
336,259,1,4.0,1,2.3466
337,21,1,4.0,1,2.3466
337,22,2,5.0,1,3.0493
337,26,1,5.0,1,2.8466
337,30,3,5.0,1,3.1931
337,37,1,3.0,1,1.8466
337,38,1,3.0,1,1.8466
337,42,2,5.0,2,3.0493
337,45,2,5.0,1,3.0493
337,51,2,4.0,1,2.5493
337,53,4,4.7,3,3.1547
337,57,2,5.0,1,3.0493
337,58,4,4.0,2,2.8047
337,81,1,4.0,1,2.3466
337,84,3,5.0,1,3.1931
337,87,2,4.0,1,2.5493
337,88,2,5.0,1,3.0493
337,93,1,3.0,1,1.8466
337,94,2,5.0,1,3.0493
337,100,2,4.0,1,2.5493
337,193,2,5.0,1,3.0493
337,200,1,5.0,1,2.8466
337,229,1,4.0,1,2.3466
337,329,1,5.0,1,2.8466
337,344,3,5.0,1,3.1931
338,23,1,4.0,1,2.3466
338,25,1,4.0,1,2.3466
338,28,1,4.0,1,2.3466
338,29,1,3.0,1,1.8466
338,31,2,5.0,1,3.0493
338,35,1,5.0,1,2.8466
338,41,2,4.5,2,2.7993
338,47,1,4.0,1,2.3466
338,48,3,4.5,2,2.9431
338,49,4,5.0,2,3.3047
338,50,3,3.0,1,2.1931
338,52,8,4.0,3,3.0986
338,54,5,4.3,3,3.0459
338,58,2,5.0,1,3.0493
338,60,1,5.0,1,2.8466
338,96,1,5.0,1,2.8466
338,161,1,4.0,1,2.3466
338,178,1,4.0,1,2.3466
338,179,1,5.0,1,2.8466
338,184,1,5.0,1,2.8466
338,192,1,5.0,1,2.8466
339,47,3,5.0,1,3.1931
339,48,2,4.0,1,2.5493
339,49,1,4.0,1,2.3466
339,50,4,4.0,2,2.8047
339,52,7,4.2,4,3.1397
339,54,4,3.5,2,2.5547
339,55,4,3.5,2,2.5547
339,58,2,4.0,1,2.5493
339,59,1,3.0,1,1.8466
339,60,5,4.3,3,3.0459
339,93,1,3.0,1,1.8466
339,129,3,5.0,1,3.1931
339,131,1,4.0,1,2.3466
339,134,1,4.0,1,2.3466
339,139,1,5.0,1,2.8466
339,140,1,4.0,1,2.3466
339,193,1,3.0,1,1.8466
339,194,1,5.0,1,2.8466
339,195,2,4.0,1,2.5493
339,202,2,4.0,1,2.5493
339,203,1,4.0,1,2.3466
339,261,1,3.0,1,1.8466
339,267,1,5.0,1,2.8466
339,275,1,3.0,1,1.8466
339,277,1,4.0,1,2.3466
340,47,1,4.0,1,2.3466
340,66,3,5.0,1,3.1931
340,73,9,4.0,4,3.1513
340,84,1,4.0,1,2.3466
340,85,2,4.0,1,2.5493
340,91,5,4.5,2,3.1459
340,93,2,4.0,1,2.5493
340,94,2,5.0,1,3.0493
340,100,4,5.0,2,3.3047
340,104,2,5.0,1,3.0493
340,106,4,4.0,2,2.8047
340,107,1,5.0,1,2.8466
340,108,2,3.0,1,2.0493
340,110,2,4.0,1,2.5493
340,202,1,3.0,1,1.8466
340,234,1,4.0,1,2.3466
341,42,2,4.0,1,2.5493
341,44,3,4.0,2,2.6931
341,45,4,4.0,1,2.8047
341,46,3,3.0,1,2.1931
341,56,3,4.0,1,2.6931
341,61,3,5.0,1,3.1931
341,66,1,5.0,1,2.8466
341,70,4,5.0,2,3.3047
341,73,2,3.0,1,2.0493
341,74,3,5.0,1,3.1931
341,76,4,5.0,2,3.3047
341,80,1,4.0,1,2.3466
341,86,3,5.0,1,3.1931
341,87,2,4.0,1,2.5493
341,90,6,3.5,4,2.723
341,92,2,3.0,1,2.0493
341,96,1,5.0,1,2.8466
341,136,3,4.0,1,2.6931
341,185,1,5.0,1,2.8466
341,202,1,4.0,1,2.3466
341,294,1,3.0,1,1.8466
342,22,1,5.0,1,2.8466
342,25,2,4.0,1,2.5493
342,35,2,4.0,1,2.5493
342,62,2,4.0,1,2.5493
342,64,3,4.0,1,2.6931
342,69,3,3.0,1,2.1931
342,74,1,5.0,1,2.8466
342,75,5,5.0,2,3.3959
342,79,1,4.0,1,2.3466
342,147,2,4.0,1,2.5493
342,164,2,5.0,1,3.0493
342,176,1,5.0,1,2.8466
342,177,2,5.0,1,3.0493
342,195,2,4.0,1,2.5493
342,209,1,5.0,1,2.8466
342,214,2,3.0,1,2.0493
342,310,2,4.0,1,2.5493
343,102,7,4.7,3,3.3897
343,103,4,5.0,2,3.3047
343,105,2,4.5,2,2.7993
343,109,1,4.0,1,2.3466
343,111,8,4.7,3,3.4486
343,113,2,5.0,1,3.0493
343,115,3,4.0,1,2.6931
343,129,3,4.5,2,2.9431
343,131,1,4.0,1,2.3466
343,243,2,4.0,1,2.5493
343,250,1,4.0,1,2.3466
343,256,1,4.0,1,2.3466
343,266,1,5.0,1,2.8466
344,62,9,3.3,3,2.8013
344,66,5,5.0,2,3.3959
344,67,5,3.5,2,2.6459
344,69,4,4.5,2,3.0547
344,70,8,4.7,3,3.4486
344,74,2,5.0,1,3.0493
344,75,7,4.0,3,3.0397
344,76,4,4.7,3,3.1547
344,85,5,4.5,2,3.1459
344,86,10,4.2,6,3.2989
344,87,1,5.0,1,2.8466
344,88,4,5.0,1,3.3047
344,89,1,5.0,1,2.8466
344,90,6,3.8,4,2.873
344,92,10,4.2,4,3.2989
344,97,1,5.0,1,2.8466
344,213,2,5.0,1,3.0493
344,221,1,4.0,1,2.3466
344,222,3,5.0,1,3.1931
344,226,5,4.0,2,2.8959
344,228,1,3.0,1,1.8466
344,232,3,4.0,1,2.6931
345,22,3,4.5,2,2.9431
345,25,5,4.7,3,3.2459
345,26,1,4.0,1,2.3466
345,27,5,4.0,3,2.8959
345,32,6,4.2,4,3.073
345,35,1,5.0,1,2.8466
345,38,1,5.0,1,2.8466
345,40,7,4.3,3,3.1897
345,44,5,4.3,3,3.0459
345,46,10,4.5,4,3.4489
345,51,5,5.0,2,3.3959
345,56,4,5.0,4,3.3047
345,89,4,3.0,1,2.3047
345,108,1,5.0,1,2.8466
345,142,4,4.0,1,2.8047
345,168,3,3.0,1,2.1931
345,176,2,5.0,1,3.0493
345,180,4,5.0,1,3.3047
345,183,3,4.0,1,2.6931
345,186,1,5.0,1,2.8466
345,187,1,4.0,1,2.3466
345,198,2,5.0,1,3.0493
345,241,2,4.0,1,2.5493
345,246,4,3.0,1,2.3047
346,86,5,4.0,2,2.8959
346,89,3,3.0,1,2.1931
346,90,4,4.5,2,3.0547
346,92,3,5.0,2,3.1931
346,132,1,3.0,1,1.8466
346,189,3,4.0,1,2.6931
346,230,3,5.0,1,3.1931
346,231,1,3.0,1,1.8466
347,90,7,4.7,3,3.3897
347,92,5,5.0,2,3.3959
347,99,2,5.0,1,3.0493
347,112,5,3.3,3,2.5459
347,117,10,4.2,4,3.2989
347,118,3,4.5,2,2.9431
347,120,5,4.0,2,2.8959
347,162,2,4.0,1,2.5493
347,236,2,3.0,1,2.0493
348,8,1,3.0,1,1.8466
348,81,4,4.0,2,2.8047
348,83,2,5.0,1,3.0493
348,87,1,5.0,1,2.8466
348,95,2,5.0,1,3.0493
348,98,1,3.0,1,1.8466
348,99,4,3.5,2,2.5547
348,109,2,3.0,1,2.0493
348,115,1,4.0,1,2.3466
348,117,1,5.0,1,2.8466
348,120,1,4.0,1,2.3466
348,121,1,5.0,1,2.8466
348,129,3,3.5,2,2.4431
348,136,1,5.0,1,2.8466
348,148,1,4.0,1,2.3466
348,237,1,5.0,1,2.8466
348,279,1,5.0,1,2.8466
349,5,1,5.0,1,2.8466
349,6,3,4.5,2,2.9431
349,18,1,4.0,1,2.3466
349,23,2,5.0,1,3.0493
349,24,4,5.0,2,3.3047
349,26,1,4.0,1,2.3466
349,28,2,5.0,1,3.0493
349,29,2,5.0,1,3.0493
349,30,2,4.0,1,2.5493
349,36,3,5.0,1,3.1931
349,148,1,4.0,1,2.3466
349,156,1,4.0,1,2.3466
349,170,2,5.0,1,3.0493
349,172,1,5.0,1,2.8466
349,293,1,4.0,1,2.3466
350,23,3,4.0,1,2.6931
350,25,1,5.0,1,2.8466
350,26,3,3.0,1,2.1931
350,31,3,5.0,1,3.1931
350,37,2,4.0,2,2.5493
350,38,1,4.0,1,2.3466
350,94,2,5.0,1,3.0493
350,97,2,5.0,1,3.0493
350,99,2,5.0,1,3.0493
350,107,2,5.0,1,3.0493
350,234,2,5.0,1,3.0493
351,24,4,4.0,1,2.8047
351,62,4,5.0,2,3.3047
351,65,3,3.0,1,2.1931
351,69,2,4.0,1,2.5493
351,71,2,5.0,1,3.0493
351,76,3,4.0,1,2.6931
351,79,1,5.0,1,2.8466
351,105,1,4.0,1,2.3466
351,123,5,4.3,3,3.0459
351,124,5,4.5,2,3.1459
351,125,3,4.0,1,2.6931
351,126,1,5.0,1,2.8466
351,127,1,4.0,1,2.3466
351,128,5,4.0,3,2.8959
351,130,1,4.0,1,2.3466
351,131,4,5.0,1,3.3047
351,135,6,4.5,2,3.223
351,137,3,4.0,1,2.6931
351,143,2,4.0,1,2.5493
351,212,1,4.0,1,2.3466
351,213,2,4.0,1,2.5493
351,262,2,5.0,1,3.0493
351,268,4,5.0,1,3.3047
351,272,1,4.0,1,2.3466
351,276,4,5.0,1,3.3047
352,42,1,3.0,1,1.8466
352,43,3,5.0,1,3.1931
352,45,7,4.2,4,3.1397
352,57,4,4.5,2,3.0547
352,59,3,3.5,2,2.4431
352,84,5,4.5,2,3.1459
352,91,4,4.0,2,2.8047
352,94,2,5.0,1,3.0493
352,97,2,4.0,1,2.5493
352,100,3,4.7,3,3.0431
352,276,2,4.0,1,2.5493
353,4,1,3.0,1,1.8466
353,26,1,5.0,1,2.8466
353,27,1,5.0,1,2.8466
353,30,2,5.0,1,3.0493
353,33,1,4.0,1,2.3466
353,57,2,4.0,1,2.5493
353,59,2,3.0,1,2.0493
353,184,2,4.0,1,2.5493
353,202,1,4.0,1,2.3466
353,232,2,3.0,1,2.0493
354,101,2,5.0,1,3.0493
354,102,2,4.5,2,2.7993
354,103,6,3.7,3,2.823
354,105,5,5.0,3,3.3959
354,109,6,4.0,3,2.973
354,111,4,4.5,2,3.0547
354,113,2,4.0,2,2.5493
354,115,4,3.5,2,2.5547
354,119,3,4.0,2,2.6931
354,217,1,3.0,1,1.8466
354,244,2,5.0,1,3.0493
354,248,1,4.0,1,2.3466
354,259,2,4.0,1,2.5493
355,3,1,5.0,1,2.8466
355,65,1,5.0,1,2.8466
355,68,4,5.0,2,3.3047
355,72,1,5.0,1,2.8466
355,73,1,5.0,1,2.8466
355,75,3,4.0,1,2.6931
355,91,1,3.0,1,1.8466
355,92,2,5.0,1,3.0493
355,94,4,5.0,2,3.3047
355,99,2,3.0,1,2.0493
355,104,3,5.0,1,3.1931
355,106,5,5.0,2,3.3959
355,107,2,5.0,1,3.0493
355,110,2,5.0,1,3.0493
355,170,1,5.0,1,2.8466
355,208,1,5.0,1,2.8466
355,226,1,3.0,1,1.8466
355,246,3,5.0,1,3.1931
355,259,3,4.0,1,2.6931
355,272,3,4.0,1,2.6931
355,350,3,3.0,1,2.1931
356,61,1,5.0,1,2.8466
356,62,1,3.0,1,1.8466
356,64,1,5.0,1,2.8466
356,66,10,4.8,5,3.5989
356,69,13,4.5,6,3.5695
356,70,8,4.3,3,3.2486
356,74,4,4.5,2,3.0547
356,75,3,3.5,2,2.4431
356,76,17,4.1,7,3.4952
356,119,1,5.0,1,2.8466
356,204,3,5.0,1,3.1931
356,209,3,4.0,1,2.6931
356,216,1,4.0,1,2.3466
356,218,1,3.0,1,1.8466
356,320,2,3.0,1,2.0493
356,342,3,3.0,1,2.1931
357,14,1,5.0,1,2.8466
357,43,5,4.5,2,3.1459
357,45,3,5.0,2,3.1931
357,52,1,5.0,1,2.8466
357,53,2,5.0,1,3.0493
357,57,7,5.0,3,3.5397
357,59,3,4.0,1,2.6931
357,106,2,5.0,1,3.0493
357,116,1,5.0,1,2.8466
357,120,2,5.0,1,3.0493
357,126,2,4.0,1,2.5493
357,139,1,4.0,1,2.3466
357,183,1,5.0,1,2.8466
357,189,2,5.0,1,3.0493
357,200,2,4.0,1,2.5493
357,256,4,4.5,2,3.0547
357,262,3,5.0,1,3.1931
357,288,1,4.0,1,2.3466
358,82,1,3.0,1,1.8466
358,104,1,3.0,1,1.8466
358,106,4,5.0,3,3.3047
358,107,3,4.0,1,2.6931
358,108,3,4.5,2,2.9431
358,110,5,4.7,3,3.2459
358,114,12,4.4,5,3.4825
358,116,12,4.0,5,3.2825
358,117,2,4.0,1,2.5493
358,210,3,5.0,1,3.1931
358,242,3,4.5,2,2.9431
358,246,2,4.0,1,2.5493
358,249,1,5.0,1,2.8466
358,250,1,4.0,1,2.3466
358,253,6,4.3,2,3.123
358,256,1,5.0,1,2.8466
359,22,10,4.8,5,3.5989
359,25,5,4.3,3,3.0459
359,27,4,4.5,2,3.0547
359,31,1,3.0,1,1.8466
359,32,2,4.5,2,2.7993
359,35,2,3.0,2,2.0493
359,39,7,3.3,3,2.6897
359,40,3,3.5,2,2.4431
359,68,2,4.0,1,2.5493
359,85,2,5.0,1,3.0493
359,86,5,4.3,3,3.0459
359,90,3,5.0,1,3.1931
359,92,5,5.0,3,3.3959
359,93,3,5.0,1,3.1931
359,144,3,5.0,1,3.1931
360,121,3,4.0,1,2.6931
360,122,5,4.3,3,3.0459
360,123,3,4.5,2,2.9431
360,124,1,5.0,1,2.8466
360,128,1,4.0,1,2.3466
360,135,2,5.0,1,3.0493
360,137,4,5.0,2,3.3047
360,138,2,4.0,1,2.5493
360,276,2,3.0,1,2.0493
361,111,4,4.0,1,2.8047
361,121,2,3.0,1,2.0493
361,123,2,4.0,1,2.5493
361,124,3,4.0,2,2.6931
361,125,2,5.0,1,3.0493
361,128,4,5.0,2,3.3047
361,135,2,3.0,1,2.0493
361,137,2,4.0,2,2.5493
361,138,2,5.0,1,3.0493
361,139,4,5.0,1,3.3047
361,140,1,4.0,1,2.3466
361,178,2,5.0,1,3.0493
361,186,3,3.0,1,2.1931
361,231,1,4.0,1,2.3466
361,232,1,5.0,1,2.8466
361,249,2,4.0,1,2.5493
361,267,4,4.0,2,2.8047
361,340,3,4.0,1,2.6931
362,2,9,4.8,5,3.5513
362,5,11,4.6,5,3.5425
362,6,8,4.1,7,3.1486
362,10,2,5.0,1,3.0493
362,18,8,4.4,5,3.2986
362,25,1,4.0,1,2.3466
362,133,1,3.0,1,1.8466
362,143,2,5.0,1,3.0493
362,151,1,4.0,1,2.3466
362,224,1,3.0,1,1.8466
362,325,1,4.0,1,2.3466
363,1,3,5.0,1,3.1931
363,32,4,3.0,1,2.3047
363,86,18,4.4,9,3.6722
363,87,2,5.0,1,3.0493
363,90,12,4.6,7,3.5825
363,92,11,4.5,8,3.4925
363,97,7,4.3,3,3.1897
363,98,1,5.0,1,2.8466
363,100,3,4.0,1,2.6931
363,104,1,3.0,1,1.8466
363,138,3,4.0,1,2.6931
363,173,2,4.0,1,2.5493
363,180,1,5.0,1,2.8466
363,223,2,5.0,1,3.0493
363,225,9,4.3,3,3.3013
363,275,1,5.0,1,2.8466
364,7,2,5.0,1,3.0493
364,17,1,5.0,1,2.8466
364,19,3,5.0,1,3.1931
364,61,3,5.0,1,3.1931
364,66,1,4.0,1,2.3466
364,70,2,5.0,1,3.0493
364,117,1,5.0,1,2.8466
364,120,1,4.0,1,2.3466
364,211,3,5.0,1,3.1931
364,278,3,3.0,1,2.1931
365,6,3,5.0,1,3.1931
365,86,4,4.3,3,2.9547
365,90,3,5.0,2,3.1931
365,92,5,4.3,3,3.0459
365,222,2,5.0,1,3.0493
365,223,2,4.0,1,2.5493
365,226,2,5.0,1,3.0493
365,230,4,4.0,1,2.8047
365,239,1,4.0,1,2.3466
365,267,3,4.0,1,2.6931
366,86,4,5.0,3,3.3047
366,90,9,4.2,4,3.2513
366,91,2,5.0,1,3.0493
366,92,8,4.5,4,3.3486
366,114,2,4.0,1,2.5493
366,233,2,5.0,1,3.0493
367,81,2,4.0,1,2.5493
367,82,7,5.0,3,3.5397
367,83,5,4.5,2,3.1459
367,85,6,3.5,2,2.723
367,87,11,4.2,4,3.3425
367,89,3,4.5,2,2.9431
367,95,1,3.0,1,1.8466
367,96,9,4.8,4,3.5513
367,98,6,3.7,3,2.823
367,99,5,5.0,2,3.3959
367,137,1,4.0,1,2.3466
367,232,1,3.0,1,1.8466
367,292,1,3.0,1,1.8466
367,308,1,5.0,1,2.8466
367,320,2,4.0,1,2.5493
368,42,2,3.0,1,2.0493
368,43,4,4.0,2,2.8047
368,53,4,3.5,2,2.5547
368,59,1,4.0,1,2.3466
368,106,1,5.0,1,2.8466
368,107,1,5.0,1,2.8466
368,110,1,4.0,1,2.3466
368,113,3,4.0,1,2.6931
368,126,2,5.0,2,3.0493
368,131,6,3.7,3,2.823
368,138,1,4.0,1,2.3466
368,139,2,5.0,1,3.0493
368,140,3,4.5,2,2.9431
368,186,1,4.0,1,2.3466
368,241,1,5.0,1,2.8466
368,242,3,4.0,1,2.6931
368,266,1,5.0,1,2.8466
368,279,3,5.0,1,3.1931
369,22,5,4.5,2,3.1459
369,25,2,4.0,1,2.5493
369,26,1,4.0,1,2.3466
369,27,7,4.3,3,3.1897
369,32,1,5.0,1,2.8466
369,34,2,4.0,1,2.5493
369,35,1,5.0,1,2.8466
369,36,4,5.0,2,3.3047
369,40,3,4.0,1,2.6931
369,62,3,4.0,1,2.6931
369,77,1,3.0,1,1.8466
369,81,4,5.0,1,3.3047
369,86,3,5.0,2,3.1931
369,90,3,5.0,1,3.1931
369,92,2,5.0,1,3.0493
369,93,3,5.0,1,3.1931
369,167,4,4.0,1,2.8047
369,235,1,5.0,1,2.8466
369,318,4,3.0,1,2.3047
370,23,2,5.0,1,3.0493
370,103,3,5.0,1,3.1931
370,109,1,5.0,1,2.8466
370,111,2,5.0,1,3.0493
370,112,14,4.3,6,3.504
370,113,3,4.0,1,2.6931
370,117,7,4.5,4,3.2897
370,118,9,4.5,4,3.4013
370,120,14,4.5,5,3.604
370,139,1,4.0,1,2.3466
370,185,1,4.0,1,2.3466
370,244,1,3.0,1,1.8466
370,245,1,3.0,1,1.8466
370,247,1,5.0,1,2.8466
370,248,3,4.0,1,2.6931
370,250,3,5.0,1,3.1931
370,251,2,5.0,1,3.0493
370,252,2,5.0,1,3.0493
370,254,1,5.0,1,2.8466
370,256,2,4.0,1,2.5493
370,260,1,5.0,1,2.8466
371,65,4,5.0,2,3.3047
371,75,3,4.0,2,2.6931
371,77,2,5.0,1,3.0493
371,80,2,5.0,1,3.0493
371,82,1,5.0,1,2.8466
371,84,1,5.0,1,2.8466
371,90,2,5.0,1,3.0493
371,91,1,5.0,1,2.8466
371,132,1,5.0,1,2.8466
371,219,3,5.0,1,3.1931
371,222,1,5.0,1,2.8466
371,234,2,5.0,1,3.0493
371,235,3,5.0,1,3.1931
371,337,1,4.0,1,2.3466
372,4,4,4.0,2,2.8047
372,5,1,5.0,1,2.8466
372,8,1,5.0,1,2.8466
372,10,1,4.0,1,2.3466
372,12,4,4.5,2,3.0547
372,13,8,3.8,4,2.9986
372,14,6,4.5,2,3.223
372,15,7,4.7,3,3.3897
372,19,2,5.0,1,3.0493
372,20,3,5.0,1,3.1931
372,145,1,5.0,1,2.8466
372,147,1,5.0,1,2.8466
372,152,1,5.0,1,2.8466
372,157,2,5.0,1,3.0493
372,293,1,4.0,1,2.3466
372,300,3,4.0,1,2.6931
372,306,1,4.0,1,2.3466
373,81,5,4.5,2,3.1459
373,82,4,4.0,3,2.8047
373,83,11,4.2,5,3.3425
373,85,1,5.0,1,2.8466
373,87,1,4.0,1,2.3466
373,89,1,3.0,1,1.8466
373,94,1,5.0,1,2.8466
373,95,4,4.0,2,2.8047
373,225,2,4.0,1,2.5493
373,227,2,5.0,1,3.0493
373,231,2,4.0,1,2.5493
374,5,2,4.0,1,2.5493
374,7,1,5.0,1,2.8466
374,18,3,5.0,1,3.1931
374,19,1,4.0,1,2.3466
374,41,1,5.0,1,2.8466
374,47,1,5.0,1,2.8466
374,48,1,5.0,1,2.8466
374,49,5,4.5,2,3.1459
374,50,9,4.0,4,3.1513
374,52,2,5.0,1,3.0493
374,54,1,5.0,1,2.8466
374,55,4,4.0,3,2.8047
374,58,1,4.0,1,2.3466
374,60,2,4.5,2,2.7993
374,61,4,4.5,2,3.0547
374,63,2,5.0,2,3.0493
374,64,1,5.0,1,2.8466
374,66,2,4.0,2,2.5493
374,71,2,5.0,1,3.0493
374,72,1,5.0,1,2.8466
374,78,2,3.0,1,2.0493
374,155,1,4.0,1,2.3466
374,157,1,5.0,1,2.8466
374,183,1,5.0,1,2.8466
374,195,2,5.0,2,3.0493
374,208,1,4.0,1,2.3466
374,275,1,3.0,1,1.8466
374,315,1,5.0,1,2.8466
375,2,3,5.0,1,3.1931
375,5,9,4.0,4,3.1513
375,6,2,5.0,2,3.0493
375,18,4,4.0,2,2.8047
375,24,2,4.0,1,2.5493
375,28,3,5.0,1,3.1931
375,29,4,4.0,2,2.8047
375,31,3,3.0,1,2.1931
375,36,2,4.5,2,2.7993
375,43,2,3.0,1,2.0493
375,47,2,4.0,1,2.5493
375,48,9,4.8,4,3.5513
375,50,1,3.0,1,1.8466
375,52,1,4.0,1,2.3466
375,55,2,5.0,2,3.0493
375,60,3,5.0,1,3.1931
375,174,2,5.0,1,3.0493
375,189,1,5.0,1,2.8466
375,282,2,5.0,1,3.0493
376,4,2,4.0,1,2.5493
376,8,3,4.0,1,2.6931
376,10,4,4.0,2,2.8047
376,12,1,4.0,1,2.3466
376,13,5,4.0,2,2.8959
376,14,3,5.0,1,3.1931
376,15,2,5.0,1,3.0493
376,65,5,4.0,2,2.8959
376,67,1,3.0,1,1.8466
376,70,2,4.0,1,2.5493
376,79,2,5.0,1,3.0493
376,127,1,4.0,1,2.3466
376,130,3,5.0,1,3.1931
376,131,4,4.0,2,2.8047
376,133,3,4.3,3,2.8431
376,147,2,5.0,1,3.0493
376,148,1,3.0,1,1.8466
376,160,1,5.0,1,2.8466
376,201,1,4.0,1,2.3466
376,203,4,5.0,2,3.3047
376,283,1,5.0,1,2.8466
377,27,1,5.0,1,2.8466
377,62,1,5.0,1,2.8466
377,65,3,4.0,1,2.6931
377,69,1,4.0,1,2.3466
377,71,1,4.0,1,2.3466
377,79,2,5.0,1,3.0493
377,80,1,3.0,1,1.8466
377,84,8,4.3,3,3.2486
377,91,3,5.0,1,3.1931
377,94,1,3.0,1,1.8466
377,100,3,5.0,2,3.1931
377,109,2,5.0,1,3.0493
377,126,2,5.0,1,3.0493
377,128,2,4.0,1,2.5493
377,130,1,3.0,1,1.8466
377,131,6,4.5,2,3.223
377,132,2,4.0,1,2.5493
377,135,1,4.0,1,2.3466
377,137,3,3.0,1,2.1931
377,140,2,3.0,1,2.0493
377,148,1,3.0,1,1.8466
377,203,3,4.0,1,2.6931
377,261,2,5.0,1,3.0493
377,272,1,4.0,1,2.3466
377,282,2,5.0,1,3.0493
378,2,2,3.0,1,2.0493
378,6,2,5.0,1,3.0493
378,18,3,3.0,1,2.1931
378,44,1,5.0,1,2.8466
378,47,2,5.0,1,3.0493
378,48,3,5.0,2,3.1931
378,49,2,3.0,1,2.0493
378,50,2,5.0,1,3.0493
378,54,2,5.0,1,3.0493
378,60,4,4.5,2,3.0547
378,81,3,4.5,2,2.9431
378,82,1,5.0,1,2.8466
378,85,3,3.0,1,2.1931
378,99,4,3.0,2,2.3047
379,44,5,4.3,3,3.0459
379,46,9,5.0,5,3.6513
379,48,3,3.0,1,2.1931
379,51,14,4.2,6,3.454
379,54,2,5.0,1,3.0493
379,56,6,3.8,4,2.873
379,94,1,3.0,1,1.8466
379,123,2,5.0,1,3.0493
379,183,1,4.0,1,2.3466
379,184,2,5.0,1,3.0493
379,191,4,3.0,1,2.3047
379,193,1,5.0,1,2.8466
379,198,3,5.0,1,3.1931
379,265,1,4.0,1,2.3466
380,4,2,5.0,2,3.0493
380,8,1,5.0,1,2.8466
380,12,3,5.0,1,3.1931
380,13,2,4.0,1,2.5493
380,14,4,4.3,3,2.9547
380,15,3,3.0,1,2.1931
380,104,1,5.0,1,2.8466
380,107,2,5.0,1,3.0493
380,110,2,4.0,1,2.5493
380,113,1,3.0,1,1.8466
380,118,1,5.0,1,2.8466
380,146,3,4.0,1,2.6931
380,220,1,3.0,1,1.8466
380,243,1,5.0,1,2.8466
380,247,3,5.0,1,3.1931
380,257,5,5.0,2,3.3959
381,16,1,4.0,1,2.3466
381,64,2,5.0,1,3.0493
381,65,4,5.0,2,3.3047
381,67,1,4.0,1,2.3466
381,68,4,5.0,2,3.3047
381,73,5,4.0,2,2.8959
381,78,2,4.0,2,2.5493
381,79,1,4.0,1,2.3466
381,80,4,4.5,2,3.0547
381,82,2,5.0,1,3.0493
381,83,2,5.0,1,3.0493
381,84,2,4.5,2,2.7993
381,93,1,4.0,1,2.3466
381,94,2,5.0,1,3.0493
381,95,1,4.0,1,2.3466
381,97,1,5.0,1,2.8466
381,100,1,5.0,1,2.8466
381,129,2,5.0,1,3.0493
381,144,3,5.0,1,3.1931
381,204,1,5.0,1,2.8466
381,226,2,5.0,1,3.0493
381,228,1,5.0,1,2.8466
381,246,1,4.0,1,2.3466
381,311,1,5.0,1,2.8466
381,337,1,4.0,1,2.3466
382,4,1,3.0,1,1.8466
382,5,2,5.0,2,3.0493
382,12,1,4.0,1,2.3466
382,13,3,5.0,1,3.1931
382,14,5,4.7,3,3.2459
382,20,2,5.0,1,3.0493
382,84,3,5.0,2,3.1931
382,88,1,5.0,1,2.8466
382,91,4,4.5,2,3.0547
382,93,5,5.0,3,3.3959
382,94,1,4.0,1,2.3466
382,97,3,4.5,2,2.9431
382,100,4,4.0,2,2.8047
382,134,1,5.0,1,2.8466
382,141,5,4.5,2,3.1459
382,143,2,5.0,1,3.0493
382,154,1,4.0,1,2.3466
382,232,1,5.0,1,2.8466
382,234,1,5.0,1,2.8466
382,242,2,5.0,1,3.0493
383,26,1,5.0,1,2.8466
383,31,1,4.0,1,2.3466
383,35,1,5.0,1,2.8466
383,40,4,5.0,2,3.3047
383,43,2,4.0,1,2.5493
383,62,3,4.0,1,2.6931
383,66,2,3.0,1,2.0493
383,69,3,5.0,1,3.1931
383,74,1,4.0,1,2.3466
383,75,5,5.0,2,3.3959
383,76,4,4.0,2,2.8047
383,163,2,5.0,1,3.0493
383,203,4,5.0,1,3.3047
383,217,4,5.0,2,3.3047
383,273,3,5.0,1,3.1931
383,339,2,5.0,1,3.0493
384,2,5,3.5,2,2.6459
384,6,2,5.0,1,3.0493
384,17,2,5.0,1,3.0493
384,18,1,5.0,1,2.8466
384,47,2,4.5,2,2.7993
384,49,11,4.4,5,3.4425
384,52,5,4.0,2,2.8959
384,54,5,4.0,2,2.8959
384,58,3,5.0,1,3.1931
384,60,3,4.0,1,2.6931
384,152,1,5.0,1,2.8466
385,47,2,4.0,1,2.5493
385,48,2,5.0,1,3.0493
385,54,1,4.0,1,2.3466
385,55,2,5.0,1,3.0493
385,56,1,4.0,1,2.3466
385,58,3,4.0,1,2.6931
385,60,5,3.5,2,2.6459
385,109,1,4.0,1,2.3466
385,129,1,5.0,1,2.8466
385,132,1,5.0,1,2.8466
385,136,2,5.0,2,3.0493
385,189,1,4.0,1,2.3466
385,199,1,5.0,1,2.8466
385,217,1,5.0,1,2.8466
385,273,1,5.0,1,2.8466
385,274,1,4.0,1,2.3466
385,307,2,4.0,1,2.5493
386,62,7,5.0,2,3.5397
386,66,9,5.0,4,3.6513
386,70,3,3.5,2,2.4431
386,74,3,4.0,2,2.6931
386,75,5,3.5,2,2.6459
386,86,5,4.0,2,2.8959
386,90,3,3.5,2,2.4431
386,92,4,5.0,2,3.3047
386,96,3,5.0,1,3.1931
386,97,1,3.0,1,1.8466
386,202,3,4.0,1,2.6931
386,210,3,3.0,1,2.1931
386,212,2,5.0,1,3.0493
386,215,3,4.0,1,2.6931
386,218,4,4.0,1,2.8047
386,226,2,5.0,1,3.0493
386,231,4,5.0,1,3.3047
386,331,4,4.0,1,2.8047
386,341,2,4.0,1,2.5493
387,4,1,5.0,1,2.8466
387,6,2,5.0,1,3.0493
387,8,3,5.0,1,3.1931
387,9,1,3.0,1,1.8466
387,10,11,4.6,5,3.5425
387,12,6,4.7,3,3.323
387,13,3,5.0,1,3.1931
387,15,5,5.0,2,3.3959
387,20,4,4.7,3,3.1547
387,146,1,5.0,1,2.8466
387,148,1,5.0,1,2.8466
387,149,1,5.0,1,2.8466
387,154,3,5.0,1,3.1931
387,156,2,5.0,1,3.0493
387,159,3,4.0,1,2.6931
387,285,1,4.0,1,2.3466
387,328,1,4.0,1,2.3466
388,47,5,5.0,2,3.3959
388,49,2,5.0,1,3.0493
388,52,1,5.0,1,2.8466
388,60,1,3.0,1,1.8466
388,63,2,4.0,1,2.5493
388,67,1,3.0,1,1.8466
388,72,1,5.0,1,2.8466
388,76,1,5.0,1,2.8466
388,129,1,5.0,1,2.8466
388,134,1,5.0,1,2.8466
388,213,1,3.0,1,1.8466
388,220,1,4.0,1,2.3466
388,291,1,5.0,1,2.8466
389,95,2,4.0,1,2.5493
389,101,4,4.0,1,2.8047
389,102,2,5.0,1,3.0493
389,106,4,5.0,1,3.3047
389,111,3,5.0,1,3.1931
389,112,5,4.5,2,3.1459
389,113,1,3.0,1,1.8466
389,117,8,3.8,4,2.9986
389,118,6,4.5,2,3.223
389,119,1,5.0,1,2.8466
389,120,4,3.5,2,2.5547
389,171,2,4.0,1,2.5493
389,242,1,5.0,1,2.8466
389,250,3,5.0,1,3.1931
389,257,1,4.0,1,2.3466
389,269,1,5.0,1,2.8466
390,79,1,3.0,1,1.8466
390,104,13,4.7,7,3.6695
390,105,1,5.0,1,2.8466
390,106,10,3.8,4,3.0989
390,107,12,4.6,5,3.5825
390,108,8,4.2,4,3.1986
390,110,21,4.9,7,3.9955
390,111,2,4.0,1,2.5493
390,114,4,4.3,3,2.9547
390,116,7,4.0,4,3.0397
390,243,2,4.0,1,2.5493
390,247,2,4.0,1,2.5493
390,248,2,5.0,1,3.0493
390,252,1,5.0,1,2.8466
390,253,2,4.5,2,2.7993
390,256,1,5.0,1,2.8466
390,292,1,4.0,1,2.3466
390,297,3,5.0,1,3.1931
390,314,1,4.0,1,2.3466
390,315,2,5.0,1,3.0493
391,41,5,4.0,3,2.8959
391,47,5,4.0,2,2.8959
391,48,3,4.0,1,2.6931
391,49,4,4.5,2,3.0547
391,50,1,5.0,1,2.8466
391,52,7,4.7,3,3.3897
391,54,2,4.0,1,2.5493
391,55,1,5.0,1,2.8466
391,58,3,5.0,1,3.1931
391,61,4,4.0,2,2.8047
391,63,5,4.0,2,2.8959
391,64,3,3.0,1,2.1931
391,68,1,5.0,1,2.8466
391,71,3,4.0,2,2.6931
391,78,6,4.8,4,3.373
391,83,1,5.0,1,2.8466
391,197,1,4.0,1,2.3466
391,202,1,3.0,1,1.8466
391,206,2,4.0,1,2.5493
391,210,4,4.0,2,2.8047
391,215,1,5.0,1,2.8466
391,312,1,4.0,1,2.3466
391,330,1,4.0,1,2.3466
392,2,1,3.0,1,1.8466
392,41,1,5.0,1,2.8466
392,42,3,5.0,1,3.1931
392,43,1,4.0,1,2.3466
392,45,2,4.5,2,2.7993
392,52,1,5.0,1,2.8466
392,53,6,4.7,3,3.323
392,59,6,3.5,2,2.723
392,65,1,5.0,1,2.8466
392,68,3,4.5,2,2.9431
392,69,1,4.0,1,2.3466
392,77,1,5.0,1,2.8466
392,79,9,4.0,3,3.1513
392,80,6,5.0,3,3.473
392,127,1,3.0,1,1.8466
392,163,2,4.0,1,2.5493
392,186,2,4.0,1,2.5493
392,187,1,4.0,1,2.3466
392,195,1,4.0,1,2.3466
392,216,1,4.0,1,2.3466
392,279,2,3.0,1,2.0493
392,280,2,5.0,1,3.0493
392,286,1,5.0,1,2.8466
393,57,2,4.0,1,2.5493
393,102,3,3.0,1,2.1931
393,106,4,5.0,2,3.3047
393,107,2,4.0,1,2.5493
393,111,2,3.0,1,2.0493
393,112,11,4.4,5,3.4425
393,117,3,4.5,2,2.9431
393,118,14,4.7,7,3.704
393,119,3,3.0,1,2.1931
393,120,7,4.3,3,3.1897
393,125,2,4.0,1,2.5493
393,222,1,5.0,1,2.8466
393,247,1,3.0,1,1.8466
393,251,2,4.5,1,2.7993
393,254,4,5.0,1,3.3047
393,256,1,4.0,1,2.3466
393,260,3,5.0,1,3.1931
393,262,1,3.0,1,1.8466
394,4,1,3.0,1,1.8466
394,61,3,4.0,1,2.6931
394,64,2,4.0,1,2.5493
394,65,2,3.0,1,2.0493
394,71,1,5.0,1,2.8466
394,74,1,3.0,1,1.8466
394,76,2,5.0,1,3.0493
394,77,1,5.0,1,2.8466
394,78,3,5.0,1,3.1931
394,135,1,4.0,1,2.3466
394,152,1,5.0,1,2.8466
394,205,1,4.0,1,2.3466
394,206,3,3.5,2,2.4431
394,209,1,4.0,1,2.3466
394,210,1,5.0,1,2.8466
394,216,1,4.0,1,2.3466
394,241,1,4.0,1,2.3466
394,300,1,3.0,1,1.8466
395,41,3,3.0,1,2.1931
395,51,3,4.0,1,2.6931
395,57,2,4.5,2,2.7993
395,84,3,4.0,2,2.6931
395,90,1,5.0,1,2.8466
395,91,1,5.0,1,2.8466
395,92,2,4.0,1,2.5493
395,94,5,4.0,3,2.8959
395,95,2,5.0,1,3.0493
395,100,2,5.0,1,3.0493
395,187,2,3.0,1,2.0493
395,188,1,5.0,1,2.8466
395,194,1,5.0,1,2.8466
395,223,1,5.0,1,2.8466
395,224,2,5.0,1,3.0493
395,232,2,5.0,1,3.0493
395,327,1,3.0,1,1.8466
396,34,2,4.0,1,2.5493
396,101,4,4.0,1,2.8047
396,117,3,4.0,1,2.6931
396,123,2,5.0,1,3.0493
396,129,2,5.0,1,3.0493
396,203,3,5.0,1,3.1931
396,256,2,3.0,1,2.0493
396,261,1,4.0,1,2.3466
396,271,2,5.0,1,3.0493
396,277,2,3.0,1,2.0493
397,21,6,5.0,2,3.473
397,33,2,5.0,1,3.0493
397,36,1,5.0,1,2.8466
397,37,1,4.0,1,2.3466
397,38,4,5.0,2,3.3047
397,67,3,4.0,1,2.6931
397,73,1,5.0,1,2.8466
397,79,2,4.0,1,2.5493
397,106,1,5.0,1,2.8466
397,107,2,3.0,1,2.0493
397,108,3,3.5,2,2.4431
397,114,5,5.0,3,3.3959
397,117,1,3.0,1,1.8466
397,161,1,5.0,1,2.8466
397,169,2,5.0,1,3.0493
397,191,3,4.0,1,2.6931
397,202,1,5.0,1,2.8466
397,204,2,5.0,1,3.0493
397,205,1,4.0,1,2.3466
397,253,1,4.0,1,2.3466
397,263,3,5.0,1,3.1931
398,51,1,3.0,1,1.8466
398,112,4,4.3,3,2.9547
398,117,1,5.0,1,2.8466
398,121,4,4.0,2,2.8047
398,123,2,5.0,1,3.0493
398,124,4,4.0,2,2.8047
398,125,3,4.5,2,2.9431
398,133,1,5.0,1,2.8466
398,135,8,5.0,3,3.5986
398,137,5,3.5,2,2.6459
398,138,5,4.0,2,2.8959
398,139,2,4.0,1,2.5493
398,244,4,4.0,1,2.8047
398,252,2,4.0,1,2.5493
398,266,2,5.0,1,3.0493
398,268,3,5.0,1,3.1931
398,271,1,5.0,1,2.8466
399,7,3,5.0,1,3.1931
399,41,2,4.0,1,2.5493
399,42,2,4.0,2,2.5493
399,43,3,3.0,1,2.1931
399,45,1,5.0,1,2.8466
399,51,2,5.0,1,3.0493
399,52,3,5.0,1,3.1931
399,57,3,3.5,2,2.4431
399,59,4,4.5,2,3.0547
399,63,1,5.0,1,2.8466
399,65,1,4.0,1,2.3466
399,77,2,5.0,1,3.0493
399,79,4,3.5,2,2.5547
400,82,2,5.0,1,3.0493
400,86,7,4.0,5,3.0397
400,90,12,4.2,6,3.3825
400,91,1,3.0,1,1.8466
400,92,7,3.5,4,2.7897
400,97,2,5.0,1,3.0493
400,172,4,3.0,1,2.3047
400,235,3,5.0,1,3.1931
400,239,2,3.0,1,2.0493
400,323,3,5.0,1,3.1931
401,21,2,4.5,2,2.7993
401,30,1,5.0,1,2.8466
401,55,1,4.0,1,2.3466
401,65,2,5.0,1,3.0493
401,68,4,4.5,2,3.0547
401,77,1,4.0,1,2.3466
401,79,3,5.0,2,3.1931
401,107,1,4.0,1,2.3466
401,108,1,5.0,1,2.8466
401,110,2,5.0,1,3.0493
401,114,4,4.5,2,3.0547
401,116,2,5.0,1,3.0493
401,120,2,3.0,1,2.0493
401,165,1,4.0,1,2.3466
401,195,1,4.0,1,2.3466
401,203,3,5.0,1,3.1931
401,210,2,5.0,1,3.0493
402,21,1,4.0,1,2.3466
402,23,1,5.0,1,2.8466
402,24,2,4.0,1,2.5493
402,29,1,4.0,1,2.3466
402,31,3,4.3,3,2.8431
402,36,3,4.0,2,2.6931
402,37,1,5.0,1,2.8466
402,41,5,4.3,3,3.0459
402,48,1,4.0,1,2.3466
402,49,2,4.0,1,2.5493
402,50,6,4.5,2,3.223
402,52,4,3.5,2,2.5547
402,54,1,4.0,1,2.3466
402,58,4,5.0,2,3.3047
402,60,1,5.0,1,2.8466
402,62,1,5.0,1,2.8466
402,63,3,5.0,1,3.1931
402,71,1,5.0,1,2.8466
402,162,1,5.0,1,2.8466
402,169,1,4.0,1,2.3466
402,193,1,5.0,1,2.8466
402,258,1,5.0,1,2.8466
403,1,8,4.2,4,3.1986
403,3,4,4.0,2,2.8047
403,9,3,5.0,1,3.1931
403,16,1,4.0,1,2.3466
403,17,7,4.8,4,3.4397
403,19,2,4.5,2,2.7993
403,24,3,4.0,1,2.6931
403,62,2,4.0,2,2.5493
403,63,6,4.0,2,2.973
403,66,11,4.0,5,3.2425
403,69,3,4.5,2,2.9431
403,70,5,4.3,3,3.0459
403,74,11,4.2,5,3.3425
403,75,2,3.0,1,2.0493
403,80,3,4.0,1,2.6931
403,203,4,4.0,1,2.8047
403,214,1,5.0,1,2.8466
403,216,2,5.0,1,3.0493
404,74,2,4.0,1,2.5493
404,76,1,4.0,1,2.3466
404,80,3,4.0,1,2.6931
404,89,3,5.0,1,3.1931
404,96,2,4.0,1,2.5493
404,103,2,5.0,1,3.0493
404,113,2,4.0,1,2.5493
404,115,1,5.0,1,2.8466
404,118,3,3.0,1,2.1931
404,161,2,4.0,1,2.5493
404,205,2,3.0,1,2.0493
404,228,5,4.5,2,3.1459
404,264,3,3.0,1,2.1931
404,272,2,5.0,1,3.0493
404,345,2,5.0,1,3.0493
405,2,1,5.0,1,2.8466
405,18,5,4.0,3,2.8959
405,81,2,5.0,1,3.0493
405,83,1,3.0,1,1.8466
405,85,2,3.5,2,2.2993
405,87,5,5.0,2,3.3959
405,92,1,5.0,1,2.8466
405,96,1,4.0,1,2.3466
405,98,2,5.0,1,3.0493
405,105,5,3.7,3,2.7459
405,109,2,4.5,2,2.7993
405,111,3,5.0,1,3.1931
405,113,3,5.0,1,3.1931
405,159,1,5.0,1,2.8466
405,190,1,3.0,1,1.8466
405,221,1,5.0,1,2.8466
405,233,1,3.0,1,1.8466
405,244,1,5.0,1,2.8466
405,250,1,5.0,1,2.8466
405,350,2,4.0,1,2.5493
406,1,2,5.0,1,3.0493
406,3,1,3.0,1,1.8466
406,7,1,4.0,1,2.3466
406,9,2,3.0,1,2.0493
406,16,3,4.0,2,2.6931
406,18,4,5.0,1,3.3047
406,19,5,5.0,2,3.3959
406,84,2,4.0,1,2.5493
406,86,2,4.0,2,2.5493
406,90,1,4.0,1,2.3466
406,110,2,4.0,1,2.5493
406,121,3,3.5,2,2.4431
406,122,1,5.0,1,2.8466
406,142,1,5.0,1,2.8466
406,157,2,4.0,1,2.5493
406,227,5,4.5,2,3.1459
406,236,4,4.0,1,2.8047
406,265,4,5.0,1,3.3047
406,266,3,4.5,2,2.9431
406,268,1,5.0,1,2.8466
406,294,3,4.0,1,2.6931
407,2,4,3.5,2,2.5547
407,3,1,4.0,1,2.3466
407,4,2,5.0,1,3.0493
407,5,1,5.0,1,2.8466
407,6,2,5.0,1,3.0493
407,8,1,3.0,1,1.8466
407,18,5,5.0,2,3.3959
407,19,1,5.0,1,2.8466
407,129,1,5.0,1,2.8466
407,132,2,3.0,1,2.0493
407,134,1,5.0,1,2.8466
407,136,3,5.0,2,3.1931
407,143,1,5.0,1,2.8466
407,149,1,4.0,1,2.3466
407,171,1,5.0,1,2.8466
407,278,2,5.0,1,3.0493
408,86,1,3.0,1,1.8466
408,88,2,5.0,1,3.0493
408,91,3,5.0,1,3.1931
408,92,3,4.0,1,2.6931
408,101,3,3.0,1,2.1931
408,112,2,5.0,1,3.0493
408,117,2,4.0,1,2.5493
408,118,1,3.0,1,1.8466
408,124,7,3.7,3,2.8897
408,125,1,4.0,1,2.3466
408,127,1,5.0,1,2.8466
408,138,2,5.0,1,3.0493
408,188,3,4.0,1,2.6931
408,191,2,5.0,1,3.0493
408,217,1,5.0,1,2.8466
408,233,1,5.0,1,2.8466
408,268,2,4.0,1,2.5493
409,55,2,5.0,1,3.0493
409,63,4,5.0,1,3.3047
409,66,5,4.3,3,3.0459
409,69,4,4.0,2,2.8047
409,70,2,4.0,1,2.5493
409,76,1,5.0,1,2.8466
409,80,2,4.0,1,2.5493
409,82,3,3.0,1,2.1931
409,122,3,3.0,1,2.1931
409,123,3,4.0,1,2.6931
409,124,3,5.0,2,3.1931
409,125,5,5.0,2,3.3959
409,127,2,5.0,1,3.0493
409,128,6,3.7,3,2.823
409,135,5,3.5,2,2.6459
409,137,5,4.0,2,2.8959
409,140,1,4.0,1,2.3466
409,175,2,4.0,1,2.5493
409,202,1,3.0,1,1.8466
409,206,1,5.0,1,2.8466
409,217,3,5.0,2,3.1931
409,243,3,3.0,1,2.1931
409,273,1,4.0,1,2.3466
409,275,2,4.0,1,2.5493
409,278,2,5.0,1,3.0493
409,316,1,5.0,1,2.8466
410,1,2,5.0,1,3.0493
410,2,4,5.0,2,3.3047
410,5,1,5.0,1,2.8466
410,13,1,5.0,1,2.8466
410,18,3,4.0,2,2.6931
410,34,1,4.0,1,2.3466
410,63,1,4.0,1,2.3466
410,67,2,5.0,1,3.0493
410,72,1,4.0,1,2.3466
410,78,2,5.0,1,3.0493
410,146,2,3.0,1,2.0493
410,147,1,4.0,1,2.3466
410,206,1,5.0,1,2.8466
410,220,1,5.0,1,2.8466
411,67,3,4.0,1,2.6931
411,121,5,4.5,2,3.1459
411,122,2,4.5,2,2.7993
411,123,2,5.0,1,3.0493
411,124,2,5.0,2,3.0493
411,125,5,4.0,2,2.8959
411,127,4,5.0,2,3.3047
411,128,3,4.0,2,2.6931
411,135,5,5.0,2,3.3959
411,137,2,4.0,2,2.5493
411,138,3,3.0,1,2.1931
411,139,4,4.0,1,2.8047
411,140,2,5.0,1,3.0493
411,149,2,5.0,1,3.0493
411,168,3,3.0,1,2.1931
411,205,4,4.0,1,2.8047
411,261,1,5.0,1,2.8466
411,265,1,5.0,1,2.8466
411,266,2,5.0,1,3.0493
411,267,1,4.0,1,2.3466
411,269,3,5.0,1,3.1931
411,275,3,5.0,1,3.1931
411,276,1,5.0,1,2.8466
411,278,3,5.0,1,3.1931
412,22,2,5.0,1,3.0493
412,25,5,4.0,2,2.8959
412,32,5,4.0,2,2.8959
412,35,2,5.0,1,3.0493
412,39,2,3.0,1,2.0493
412,62,1,5.0,1,2.8466
412,69,3,5.0,1,3.1931
412,70,2,4.0,1,2.5493
412,75,4,4.0,2,2.8047
412,76,5,4.5,2,3.1459
412,79,3,5.0,1,3.1931
412,83,2,4.0,1,2.5493
412,154,2,4.0,1,2.5493
412,169,4,5.0,1,3.3047
412,174,3,3.0,1,2.1931
412,180,2,5.0,1,3.0493
412,201,3,5.0,1,3.1931
412,204,3,5.0,1,3.1931
412,205,3,5.0,1,3.1931
412,206,1,5.0,1,2.8466
412,214,1,5.0,1,2.8466
412,216,2,4.0,1,2.5493
412,218,3,4.0,1,2.6931
412,236,3,4.0,1,2.6931
413,62,8,4.5,4,3.3486
413,66,4,4.5,4,3.0547
413,69,9,4.5,4,3.4013
413,70,4,4.5,2,3.0547
413,74,9,3.8,5,3.0513
413,75,4,4.5,2,3.0547
413,76,6,4.2,4,3.073
413,202,4,4.0,1,2.8047
413,247,1,4.0,1,2.3466
413,275,3,4.0,1,2.6931
414,2,1,4.0,1,2.3466
414,5,1,4.0,1,2.3466
414,6,3,5.0,1,3.1931
414,18,1,4.0,1,2.3466
414,101,1,4.0,1,2.3466
414,102,1,4.0,1,2.3466
414,105,2,5.0,1,3.0493
414,111,1,4.0,1,2.3466
415,101,4,4.0,2,2.8047
415,102,8,4.2,5,3.1986
415,103,3,4.0,1,2.6931
415,105,7,4.5,4,3.2897
415,108,2,5.0,1,3.0493
415,109,4,4.5,2,3.0547
415,111,5,4.0,2,2.8959
415,115,8,3.8,4,2.9986
415,119,8,4.2,5,3.1986
415,120,2,3.0,1,2.0493
415,215,1,5.0,1,2.8466
415,222,1,3.0,1,1.8466
415,237,1,5.0,1,2.8466
415,244,1,5.0,1,2.8466
415,247,2,4.5,2,2.7993
415,253,1,3.0,1,1.8466
415,258,1,5.0,1,2.8466
416,21,4,3.0,2,2.3047
416,22,2,4.0,1,2.5493
416,25,1,5.0,1,2.8466
416,34,5,5.0,2,3.3959
416,37,1,4.0,1,2.3466
416,39,1,4.0,1,2.3466
416,41,3,3.0,1,2.1931
416,42,2,4.0,1,2.5493
416,43,6,5.0,3,3.473
416,45,5,4.0,2,2.8959
416,54,1,3.0,1,1.8466
416,57,7,4.7,3,3.3897
416,59,3,4.0,2,2.6931
416,84,5,3.7,3,2.7459
416,88,1,3.0,1,1.8466
416,93,2,3.0,2,2.0493
416,94,1,4.0,1,2.3466
416,97,1,4.0,1,2.3466
416,154,1,4.0,1,2.3466
416,182,3,5.0,1,3.1931
416,183,3,4.5,2,2.9431
416,194,2,5.0,1,3.0493
416,195,1,5.0,1,2.8466
416,196,3,5.0,1,3.1931
416,217,2,3.0,1,2.0493
416,318,3,4.0,1,2.6931
417,21,1,5.0,1,2.8466
417,30,1,4.0,1,2.3466
417,33,5,5.0,3,3.3959
417,38,2,5.0,1,3.0493
417,68,4,4.0,2,2.8047
417,69,2,5.0,1,3.0493
417,80,4,4.5,2,3.0547
417,130,2,5.0,1,3.0493
417,131,5,3.5,2,2.6459
417,133,6,3.7,3,2.823
417,139,2,4.0,1,2.5493
417,140,3,3.0,1,2.1931
417,250,2,3.0,1,2.0493
417,276,2,5.0,1,3.0493
418,65,4,4.5,2,3.0547
418,66,2,5.0,1,3.0493
418,68,3,3.5,2,2.4431
418,73,2,3.5,2,2.2993
418,77,3,5.0,1,3.1931
418,79,1,4.0,1,2.3466
418,80,2,5.0,1,3.0493
418,83,2,4.0,1,2.5493
418,88,3,5.0,1,3.1931
418,91,3,4.0,2,2.6931
418,94,2,3.0,1,2.0493
418,97,3,4.0,1,2.6931
418,117,3,5.0,1,3.1931
418,212,2,4.0,1,2.5493
418,224,3,5.0,1,3.1931
418,225,2,4.0,1,2.5493
418,231,2,4.0,1,2.5493
418,240,2,4.0,1,2.5493
419,101,6,4.7,3,3.323
419,102,1,5.0,1,2.8466
419,105,5,4.7,3,3.2459
419,109,3,3.0,1,2.1931
419,111,6,4.2,4,3.073
419,113,1,4.0,1,2.3466
419,119,3,4.0,1,2.6931
419,122,1,5.0,1,2.8466
419,128,3,4.0,2,2.6931
419,129,9,4.3,3,3.3013
419,133,2,4.0,1,2.5493
419,134,6,4.0,3,2.973
419,135,2,4.5,2,2.7993
419,136,6,4.5,2,3.223
419,143,2,5.0,1,3.0493
419,152,1,5.0,1,2.8466
419,245,1,5.0,1,2.8466
419,246,1,5.0,1,2.8466
419,247,1,4.0,1,2.3466
419,250,2,5.0,1,3.0493
419,261,1,3.0,1,1.8466
419,262,2,5.0,1,3.0493
419,264,1,5.0,1,2.8466
419,271,1,5.0,1,2.8466
419,277,2,4.0,1,2.5493
419,316,2,5.0,1,3.0493
419,327,1,3.0,1,1.8466
420,24,3,5.0,1,3.1931
420,43,2,4.0,1,2.5493
420,57,2,4.0,1,2.5493
420,58,2,4.0,1,2.5493
420,94,1,3.0,1,1.8466
420,190,1,5.0,1,2.8466
420,200,2,5.0,1,3.0493
420,226,1,5.0,1,2.8466
421,9,3,3.0,1,2.1931
421,17,1,4.0,1,2.3466
421,44,1,3.0,1,1.8466
421,62,5,5.0,3,3.3959
421,63,3,4.0,1,2.6931
421,66,4,4.5,2,3.0547
421,69,6,3.5,2,2.723
421,70,4,3.7,3,2.6547
421,71,3,3.0,1,2.1931
421,75,3,5.0,1,3.1931
421,76,3,4.0,2,2.6931
421,108,2,4.0,1,2.5493
421,112,7,4.7,3,3.3897
421,114,2,5.0,1,3.0493
421,117,4,4.0,2,2.8047
421,118,2,4.0,1,2.5493
421,120,1,5.0,1,2.8466
421,203,3,5.0,1,3.1931
421,204,2,5.0,1,3.0493
421,206,2,5.0,1,3.0493
421,214,3,5.0,1,3.1931
421,252,4,3.0,1,2.3047
421,254,7,5.0,2,3.5397
422,62,4,4.5,2,3.0547
422,66,5,4.3,3,3.0459
422,69,4,3.5,2,2.5547
422,70,5,4.3,3,3.0459
422,74,4,4.0,3,2.8047
422,75,1,5.0,1,2.8466
422,76,5,4.0,3,2.8959
422,86,3,5.0,1,3.1931
422,90,1,5.0,1,2.8466
422,92,5,3.7,3,2.7459
422,234,1,3.0,1,1.8466
423,22,9,4.4,5,3.3513
423,25,6,4.3,3,3.123
423,27,5,4.7,3,3.2459
423,32,1,5.0,1,2.8466
423,33,3,4.0,1,2.6931
423,35,10,4.8,4,3.5989
423,38,3,5.0,1,3.1931
423,39,3,4.0,1,2.6931
423,40,3,5.0,1,3.1931
423,86,7,3.7,3,2.8897
423,90,7,4.0,4,3.0397
423,92,4,4.5,2,3.0547
423,94,4,4.0,1,2.8047
423,99,2,5.0,2,3.0493
423,169,2,5.0,1,3.0493
423,174,4,5.0,1,3.3047
423,175,2,5.0,1,3.0493
423,178,3,4.0,1,2.6931
423,179,1,5.0,1,2.8466
423,180,3,5.0,1,3.1931
423,184,1,3.0,1,1.8466
423,223,2,4.0,1,2.5493
423,226,2,5.0,1,3.0493
423,229,3,5.0,1,3.1931
423,230,2,3.0,1,2.0493
423,239,1,4.0,1,2.3466
423,240,2,5.0,1,3.0493
423,307,1,5.0,1,2.8466
424,101,5,5.0,2,3.3959
424,102,7,3.0,3,2.5397
424,103,2,4.5,2,2.7993
424,104,2,5.0,1,3.0493
424,105,2,5.0,1,3.0493
424,106,1,4.0,1,2.3466
424,109,4,4.5,2,3.0547
424,111,4,5.0,2,3.3047
424,114,1,5.0,1,2.8466
424,115,3,4.0,1,2.6931
424,157,1,4.0,1,2.3466
424,168,1,3.0,1,1.8466
424,213,2,5.0,1,3.0493
424,217,1,5.0,1,2.8466
424,241,1,4.0,1,2.3466
424,244,1,5.0,1,2.8466
424,245,1,5.0,1,2.8466
424,246,1,5.0,1,2.8466
424,251,1,5.0,1,2.8466
424,252,1,5.0,1,2.8466
424,253,1,4.0,1,2.3466
424,260,1,5.0,1,2.8466
424,315,1,4.0,1,2.3466
424,321,1,3.0,1,1.8466
425,6,1,5.0,1,2.8466
425,8,1,5.0,1,2.8466
425,13,1,4.0,1,2.3466
425,16,2,5.0,1,3.0493
425,20,2,4.0,1,2.5493
425,21,3,5.0,1,3.1931
425,26,2,5.0,1,3.0493
425,30,9,3.3,3,2.8013
425,33,5,3.5,2,2.6459
425,34,3,4.0,1,2.6931
425,37,3,3.0,1,2.1931
425,38,6,4.5,2,3.223
425,40,2,5.0,1,3.0493
425,205,1,4.0,1,2.3466
426,27,3,5.0,2,3.1931
426,32,12,4.2,4,3.3825
426,35,4,4.3,3,2.9547
426,39,3,4.5,2,2.9431
426,40,3,5.0,1,3.1931
426,84,3,3.0,1,2.1931
426,86,1,4.0,1,2.3466
426,89,4,4.0,1,2.8047
426,90,3,4.0,2,2.6931
426,92,4,3.0,2,2.3047
426,125,2,5.0,1,3.0493
426,166,1,4.0,1,2.3466
426,224,4,4.0,1,2.8047
426,235,1,5.0,1,2.8466
426,315,2,4.0,1,2.5493
427,79,1,4.0,1,2.3466
427,86,6,5.0,3,3.473
427,90,7,4.3,3,3.1897
427,93,3,5.0,1,3.1931
427,105,3,5.0,1,3.1931
427,112,4,4.5,2,3.0547
427,113,3,5.0,1,3.1931
427,117,12,4.6,5,3.5825
427,118,6,4.5,2,3.223
427,120,7,4.3,3,3.1897
427,182,2,5.0,1,3.0493
427,243,4,5.0,1,3.3047
427,251,2,4.0,1,2.5493
427,262,2,5.0,1,3.0493
428,65,4,4.5,2,3.0547
428,68,14,4.4,7,3.554
428,73,2,4.0,1,2.5493
428,79,6,4.5,2,3.223
428,80,5,5.0,3,3.3959
428,219,2,4.0,1,2.5493
428,348,1,4.0,1,2.3466
429,13,3,3.0,1,2.1931
429,43,1,4.0,1,2.3466
429,54,1,3.0,1,1.8466
429,82,2,4.0,1,2.5493
429,90,1,5.0,1,2.8466
429,91,3,4.5,2,2.9431
429,93,2,5.0,1,3.0493
429,97,1,5.0,1,2.8466
429,98,1,5.0,1,2.8466
429,116,2,3.0,1,2.0493
429,153,2,5.0,1,3.0493
429,177,2,3.0,1,2.0493
429,190,2,4.0,1,2.5493
429,193,1,5.0,1,2.8466
429,240,1,4.0,1,2.3466
429,271,1,5.0,1,2.8466
429,273,1,4.0,1,2.3466
429,282,2,4.0,1,2.5493
430,83,1,5.0,1,2.8466
430,123,4,4.0,2,2.8047
430,126,3,5.0,1,3.1931
430,130,2,5.0,2,3.0493
430,132,1,5.0,1,2.8466
430,133,1,3.0,1,1.8466
430,140,6,4.0,3,2.973
430,240,1,4.0,1,2.3466
430,272,1,5.0,1,2.8466
430,276,2,5.0,1,3.0493
431,61,3,5.0,1,3.1931
431,64,2,5.0,1,3.0493
431,69,2,4.0,1,2.5493
431,72,1,4.0,1,2.3466
431,74,2,5.0,1,3.0493
431,77,1,5.0,1,2.8466
431,80,3,5.0,1,3.1931
431,106,1,4.0,1,2.3466
431,107,1,5.0,1,2.8466
431,108,3,5.0,1,3.1931
431,111,2,5.0,1,3.0493
431,112,1,4.0,1,2.3466
431,114,3,5.0,1,3.1931
431,135,1,5.0,1,2.8466
431,164,3,5.0,1,3.1931
431,209,3,4.0,1,2.6931
431,214,1,5.0,1,2.8466
431,255,1,5.0,1,2.8466
431,276,1,3.0,1,1.8466
431,328,1,4.0,1,2.3466
432,1,7,4.2,4,3.1397
432,7,3,5.0,2,3.1931
432,9,2,5.0,1,3.0493
432,10,2,5.0,1,3.0493
432,11,8,4.0,4,3.0986
432,16,4,4.5,2,3.0547
432,17,9,4.5,4,3.4013
432,19,7,4.3,3,3.1897
432,142,3,4.0,1,2.6931
432,151,3,3.0,1,2.1931
432,153,3,5.0,1,3.1931
432,156,5,4.3,3,3.0459
432,183,1,5.0,1,2.8466
432,254,1,4.0,1,2.3466
433,41,6,4.5,4,3.223
433,47,2,4.0,1,2.5493
433,48,5,4.0,2,2.8959
433,49,6,4.0,3,2.973
433,50,7,5.0,4,3.5397
433,52,3,4.0,1,2.6931
433,60,2,4.0,1,2.5493
433,66,1,3.0,1,1.8466
433,122,1,3.0,1,1.8466
433,142,2,5.0,1,3.0493
433,182,1,5.0,1,2.8466
433,183,1,5.0,1,2.8466
433,194,2,4.0,1,2.5493
433,197,2,5.0,1,3.0493
433,239,1,5.0,1,2.8466
433,296,1,3.0,1,1.8466
434,84,3,3.0,1,2.1931
434,88,1,4.0,1,2.3466
434,91,3,5.0,1,3.1931
434,93,3,4.0,1,2.6931
434,96,1,5.0,1,2.8466
434,97,3,4.0,1,2.6931
434,100,3,5.0,1,3.1931
434,103,1,3.0,1,1.8466
434,104,1,5.0,1,2.8466
434,106,2,5.0,1,3.0493
434,107,4,4.5,2,3.0547
434,114,2,4.0,1,2.5493
434,116,3,4.0,1,2.6931
435,4,3,4.0,1,2.6931
435,8,1,5.0,1,2.8466
435,10,2,4.0,1,2.5493
435,11,1,4.0,1,2.3466
435,12,2,4.5,2,2.7993
435,13,1,4.0,1,2.3466
435,14,5,3.5,2,2.6459
435,15,4,5.0,2,3.3047
435,20,4,4.5,2,3.0547
435,41,1,4.0,1,2.3466
435,43,4,3.5,2,2.5547
435,59,3,3.5,2,2.4431
435,84,5,5.0,2,3.3959
435,88,3,3.0,1,2.1931
435,89,1,4.0,1,2.3466
435,91,2,5.0,1,3.0493
435,93,4,4.5,2,3.0547
435,99,1,5.0,1,2.8466
435,142,2,5.0,1,3.0493
435,148,1,5.0,1,2.8466
435,183,2,4.0,1,2.5493
435,186,1,5.0,1,2.8466
435,221,3,4.0,1,2.6931
435,222,2,4.0,1,2.5493
435,227,2,4.5,2,2.7993
435,234,2,5.0,1,3.0493
435,240,1,4.0,1,2.3466
436,1,1,5.0,1,2.8466
436,7,2,4.0,1,2.5493
436,9,1,5.0,1,2.8466
436,10,2,4.0,1,2.5493
436,16,4,4.5,2,3.0547
436,17,3,5.0,1,3.1931
436,19,2,4.0,1,2.5493
436,22,1,5.0,1,2.8466
436,32,2,4.0,1,2.5493
436,35,4,4.5,2,3.0547
436,66,1,4.0,1,2.3466
436,69,4,4.5,2,3.0547
436,71,4,4.0,1,2.8047
436,74,1,5.0,1,2.8466
436,75,2,3.5,2,2.2993
436,76,3,4.5,2,2.9431
436,80,2,4.0,1,2.5493
436,108,3,3.0,1,2.1931
436,129,2,5.0,1,3.0493
436,144,1,4.0,1,2.3466
436,162,4,4.0,1,2.8047
436,168,2,4.0,1,2.5493
436,176,1,5.0,1,2.8466
436,212,2,5.0,1,3.0493
436,350,4,5.0,1,3.3047
437,41,1,3.0,1,1.8466
437,65,3,5.0,1,3.1931
437,68,7,3.3,3,2.6897
437,73,4,5.0,2,3.3047
437,75,1,5.0,1,2.8466
437,77,5,4.5,2,3.1459
437,79,3,4.5,2,2.9431
437,91,1,4.0,1,2.3466
437,101,3,3.0,1,2.1931
437,200,1,3.0,1,1.8466
437,205,2,4.0,1,2.5493
437,207,2,5.0,1,3.0493
437,209,3,5.0,1,3.1931
437,212,2,3.0,1,2.0493
437,214,1,4.0,1,2.3466
437,216,1,5.0,1,2.8466
437,280,1,4.0,1,2.3466
438,129,19,3.9,9,3.4479
438,134,17,4.2,8,3.5452
438,136,19,4.1,9,3.5479
438,151,1,3.0,1,1.8466
438,268,1,5.0,1,2.8466
439,37,1,3.0,1,1.8466
439,106,3,5.0,1,3.1931
439,112,1,3.0,1,1.8466
439,117,3,5.0,1,3.1931
439,118,1,4.0,1,2.3466
439,121,3,4.0,1,2.6931
439,122,1,4.0,1,2.3466
439,123,1,4.0,1,2.3466
439,124,4,4.0,2,2.8047
439,137,9,4.3,3,3.3013
439,138,8,4.0,3,3.0986
439,267,2,4.0,1,2.5493
439,271,2,5.0,1,3.0493
440,28,2,5.0,1,3.0493
440,31,3,4.0,1,2.6931
440,34,3,4.0,2,2.6931
440,36,1,5.0,1,2.8466
440,39,1,5.0,1,2.8466
440,103,1,4.0,1,2.3466
440,109,1,5.0,1,2.8466
440,115,4,5.0,2,3.3047
440,119,1,4.0,1,2.3466
440,120,1,5.0,1,2.8466
440,121,1,5.0,1,2.8466
440,129,2,5.0,1,3.0493
440,134,1,4.0,1,2.3466
440,161,1,5.0,1,2.8466
440,172,1,3.0,1,1.8466
440,243,2,4.0,1,2.5493
440,261,1,5.0,1,2.8466
440,266,1,5.0,1,2.8466
440,272,2,5.0,1,3.0493
440,278,1,4.0,1,2.3466
441,70,1,3.0,1,1.8466
441,81,1,4.0,1,2.3466
441,82,10,4.8,5,3.5989
441,83,7,5.0,3,3.5397
441,85,5,4.0,3,2.8959
441,87,2,4.0,1,2.5493
441,89,2,5.0,1,3.0493
441,95,1,4.0,1,2.3466
441,96,1,5.0,1,2.8466
441,98,3,3.5,2,2.4431
441,125,2,4.0,1,2.5493
441,129,2,4.0,1,2.5493
441,134,5,4.0,3,2.8959
441,136,3,4.0,2,2.6931
441,233,1,4.0,1,2.3466
441,238,1,4.0,1,2.3466
441,265,2,4.0,1,2.5493
442,2,5,4.5,2,3.1459
442,5,2,4.0,1,2.5493
442,6,5,4.5,2,3.1459
442,15,2,4.0,1,2.5493
442,18,2,5.0,1,3.0493
442,41,1,5.0,1,2.8466
442,46,1,4.0,1,2.3466
442,47,3,4.0,1,2.6931
442,48,6,3.7,3,2.823
442,50,1,5.0,1,2.8466
442,52,2,4.0,1,2.5493
442,54,6,5.0,2,3.473
442,55,2,4.0,1,2.5493
442,57,1,3.0,1,1.8466
442,58,4,4.0,2,2.8047
442,60,1,4.0,1,2.3466
442,77,1,5.0,1,2.8466
442,81,2,5.0,1,3.0493
442,82,1,3.0,1,1.8466
442,83,4,5.0,2,3.3047
442,87,4,5.0,2,3.3047
442,91,1,5.0,1,2.8466
442,95,5,5.0,2,3.3959
442,99,3,5.0,1,3.1931
442,100,1,4.0,1,2.3466
442,158,1,5.0,1,2.8466
442,189,1,5.0,1,2.8466
442,231,1,5.0,1,2.8466
442,338,1,4.0,1,2.3466
443,28,1,5.0,1,2.8466
443,101,2,5.0,1,3.0493
443,105,3,5.0,1,3.1931
443,111,2,4.0,2,2.5493
443,113,1,5.0,1,2.8466
443,115,2,5.0,1,3.0493
443,119,3,5.0,1,3.1931
443,127,1,5.0,1,2.8466
443,129,3,4.0,1,2.6931
443,136,1,5.0,1,2.8466
443,247,1,5.0,1,2.8466
443,252,2,3.0,1,2.0493
443,274,2,4.0,1,2.5493
444,27,2,5.0,1,3.0493
444,31,2,5.0,1,3.0493
444,32,2,5.0,1,3.0493
444,35,2,5.0,1,3.0493
444,38,1,5.0,1,2.8466
444,39,1,4.0,1,2.3466
444,62,5,4.7,3,3.2459
444,69,1,5.0,1,2.8466
444,72,1,4.0,1,2.3466
444,74,3,5.0,1,3.1931
444,121,2,4.0,1,2.5493
444,122,1,5.0,1,2.8466
444,127,3,5.0,1,3.1931
444,135,3,4.5,2,2.9431
444,137,4,4.0,2,2.8047
444,153,1,5.0,1,2.8466
444,165,1,4.0,1,2.3466
444,171,2,4.0,1,2.5493
444,209,1,3.0,1,1.8466
444,215,2,5.0,1,3.0493
444,263,6,5.0,2,3.473
444,273,2,5.0,1,3.0493
444,279,1,5.0,1,2.8466
445,61,4,4.5,2,3.0547
445,63,2,4.0,1,2.5493
445,64,2,5.0,2,3.0493
445,71,3,4.0,2,2.6931
445,75,1,5.0,1,2.8466
445,78,2,5.0,1,3.0493
445,129,5,4.5,2,3.1459
445,134,4,5.0,2,3.3047
445,215,1,4.0,1,2.3466
446,41,3,5.0,1,3.1931
446,42,2,4.0,1,2.5493
446,43,3,3.0,1,2.1931
446,45,5,4.3,3,3.0459
446,48,2,4.0,1,2.5493
446,53,4,4.0,2,2.8047
446,104,1,5.0,1,2.8466
446,106,4,4.0,2,2.8047
446,107,4,4.3,3,2.9547
446,108,6,4.5,2,3.223
446,112,2,5.0,1,3.0493
446,114,3,5.0,1,3.1931
446,116,5,3.5,2,2.6459
446,126,3,4.5,2,2.9431
446,131,4,4.0,2,2.8047
446,132,3,5.0,2,3.1931
446,133,3,4.0,1,2.6931
446,139,5,3.5,2,2.6459
446,140,5,3.7,3,2.7459
446,144,2,3.0,1,2.0493
446,182,1,5.0,1,2.8466
446,244,2,5.0,1,3.0493
446,325,2,4.0,1,2.5493
447,55,3,5.0,1,3.1931
447,121,1,5.0,1,2.8466
447,122,2,5.0,2,3.0493
447,123,3,4.0,2,2.6931
447,124,2,4.0,1,2.5493
447,125,4,5.0,1,3.3047
447,126,3,5.0,1,3.1931
447,127,3,5.0,1,3.1931
447,128,3,5.0,1,3.1931
447,132,2,5.0,1,3.0493
447,135,5,4.5,2,3.1459
447,136,3,4.0,1,2.6931
447,137,2,5.0,1,3.0493
447,138,1,5.0,1,2.8466
447,163,2,5.0,1,3.0493
447,166,2,5.0,1,3.0493
447,202,2,5.0,1,3.0493
447,208,3,3.0,1,2.1931
447,265,3,4.0,1,2.6931
447,266,3,5.0,1,3.1931
447,271,3,5.0,1,3.1931
447,272,3,5.0,1,3.1931
447,278,3,5.0,1,3.1931
447,281,2,5.0,1,3.0493
447,301,3,3.0,1,2.1931
448,1,6,5.0,2,3.473
448,3,2,5.0,1,3.0493
448,7,7,5.0,3,3.5397
448,9,3,4.0,2,2.6931
448,17,3,5.0,2,3.1931
448,19,3,5.0,2,3.1931
448,44,4,4.5,2,3.0547
448,46,2,3.0,1,2.0493
448,51,5,4.0,2,2.8959
448,56,4,5.0,2,3.3047
448,112,3,5.0,1,3.1931
448,117,1,5.0,1,2.8466
448,120,1,4.0,1,2.3466
448,149,2,5.0,1,3.0493
448,181,2,3.0,1,2.0493
448,186,3,4.0,1,2.6931
448,190,2,5.0,1,3.0493
448,194,1,4.0,1,2.3466
449,55,1,4.0,1,2.3466
449,62,2,3.0,1,2.0493
449,65,3,4.0,1,2.6931
449,68,12,4.3,6,3.4325
449,70,1,5.0,1,2.8466
449,73,6,4.2,4,3.073
449,77,14,4.2,6,3.454
449,79,15,4.6,7,3.6863
449,80,8,4.5,4,3.3486
449,112,2,5.0,1,3.0493
449,205,1,5.0,1,2.8466
449,211,3,5.0,1,3.1931
450,21,1,5.0,1,2.8466
450,28,1,5.0,1,2.8466
450,34,3,5.0,1,3.1931
450,37,1,3.0,1,1.8466
450,39,2,4.0,1,2.5493
450,97,3,4.0,1,2.6931
450,131,3,3.5,2,2.4431
450,132,2,3.0,1,2.0493
450,139,2,5.0,1,3.0493
450,217,3,5.0,1,3.1931
450,223,1,5.0,1,2.8466
450,224,3,3.0,1,2.1931
450,273,1,4.0,1,2.3466
450,274,1,5.0,1,2.8466
451,7,1,4.0,1,2.3466
451,92,2,3.0,1,2.0493
451,104,8,5.0,4,3.5986
451,106,6,4.5,2,3.223
451,107,10,4.0,5,3.1989
451,108,6,4.3,3,3.123
451,109,3,4.5,2,2.9431
451,110,7,4.5,4,3.2897
451,111,1,5.0,1,2.8466
451,113,5,4.3,3,3.0459
451,114,5,4.5,2,3.1459
451,116,10,4.0,4,3.1989
451,122,1,5.0,1,2.8466
451,143,3,3.0,1,2.1931
451,178,1,3.0,1,1.8466
451,234,3,4.0,1,2.6931
451,260,2,5.0,1,3.0493
451,323,3,3.0,1,2.1931
452,4,5,3.7,3,2.7459
452,12,4,4.3,3,2.9547
452,13,1,5.0,1,2.8466
452,14,10,4.5,4,3.4489
452,15,5,3.5,2,2.6459
452,18,2,5.0,1,3.0493
452,20,6,5.0,3,3.473
452,33,1,5.0,1,2.8466
452,54,1,4.0,1,2.3466
452,61,3,4.0,1,2.6931
452,62,2,5.0,1,3.0493
452,63,1,5.0,1,2.8466
452,65,2,4.0,1,2.5493
452,67,3,5.0,2,3.1931
452,68,3,3.0,1,2.1931
452,72,1,5.0,1,2.8466
452,73,3,4.0,2,2.6931
452,77,4,5.0,2,3.3047
452,78,3,4.0,1,2.6931
452,79,2,3.0,1,2.0493
452,80,6,4.0,3,2.973
452,141,2,5.0,1,3.0493
452,142,2,5.0,1,3.0493
452,148,3,5.0,1,3.1931
452,160,1,3.0,1,1.8466
452,192,2,4.0,1,2.5493
452,207,2,5.0,1,3.0493
452,212,1,5.0,1,2.8466
452,263,1,4.0,1,2.3466
452,267,1,5.0,1,2.8466
452,272,2,3.0,1,2.0493
452,305,1,4.0,1,2.3466
452,310,1,4.0,1,2.3466
452,349,1,5.0,1,2.8466
453,23,2,5.0,1,3.0493
453,24,1,5.0,1,2.8466
453,28,1,4.0,1,2.3466
453,29,4,4.0,2,2.8047
453,31,1,5.0,1,2.8466
453,32,1,5.0,1,2.8466
453,36,3,5.0,1,3.1931
453,37,1,3.0,1,1.8466
453,41,1,5.0,1,2.8466
453,46,1,5.0,1,2.8466
453,48,2,3.0,1,2.0493
453,49,4,4.5,2,3.0547
453,52,6,4.5,2,3.223
453,54,4,5.0,2,3.3047
453,55,8,4.3,3,3.2486
453,58,3,3.0,1,2.1931
453,60,6,5.0,2,3.473
453,164,1,4.0,1,2.3466
453,175,1,4.0,1,2.3466
453,184,1,4.0,1,2.3466
453,186,1,5.0,1,2.8466
453,188,1,4.0,1,2.3466
453,264,1,4.0,1,2.3466
454,44,14,4.4,7,3.554
454,46,7,3.3,3,2.6897
454,50,2,5.0,1,3.0493
454,51,12,4.4,7,3.4825
454,55,1,4.0,1,2.3466
454,56,3,5.0,2,3.1931
454,86,2,4.0,1,2.5493
454,192,1,4.0,1,2.3466
454,211,1,5.0,1,2.8466
454,254,2,5.0,1,3.0493
455,44,1,5.0,1,2.8466
455,46,3,5.0,1,3.1931
455,47,2,5.0,1,3.0493
455,52,3,4.0,1,2.6931
455,56,1,5.0,1,2.8466
455,74,1,3.0,1,1.8466
455,103,3,5.0,1,3.1931
455,112,4,4.0,2,2.8047
455,197,1,5.0,1,2.8466
455,246,3,4.0,1,2.6931
455,255,3,3.0,1,2.1931
456,92,1,4.0,1,2.3466
456,102,1,4.0,1,2.3466
456,104,1,4.0,1,2.3466
456,106,1,4.0,1,2.3466
456,113,6,4.0,3,2.973
456,119,2,4.0,2,2.5493
456,242,1,5.0,1,2.8466
457,22,4,4.0,2,2.8047
457,23,3,3.0,1,2.1931
457,24,1,5.0,1,2.8466
457,27,6,4.0,3,2.973
457,32,4,4.7,3,3.1547
457,39,7,5.0,4,3.5397
457,40,9,4.5,4,3.4013
457,164,1,5.0,1,2.8466
457,172,2,5.0,1,3.0493
457,174,1,5.0,1,2.8466
457,175,1,5.0,1,2.8466
457,179,3,5.0,1,3.1931
458,12,4,5.0,1,3.3047
458,48,1,4.0,1,2.3466
458,122,6,4.0,2,2.973
458,129,3,5.0,1,3.1931
458,135,3,5.0,1,3.1931
458,145,3,5.0,1,3.1931
458,156,3,4.0,1,2.6931
458,159,2,5.0,1,3.0493
458,261,2,4.0,1,2.5493
458,268,6,5.0,1,3.473
458,275,3,4.0,1,2.6931
458,295,3,3.0,1,2.1931
458,337,2,5.0,1,3.0493
458,338,2,4.0,1,2.5493
459,5,2,5.0,1,3.0493
459,11,1,5.0,1,2.8466
459,18,9,5.0,4,3.6513
459,28,2,3.0,1,2.0493
459,29,5,4.0,2,2.8959
459,31,2,4.0,2,2.5493
459,38,2,5.0,1,3.0493
459,63,5,3.0,2,2.3959
459,64,3,3.0,1,2.1931
459,72,1,5.0,1,2.8466
459,144,1,5.0,1,2.8466
459,216,1,5.0,1,2.8466
459,271,1,5.0,1,2.8466
460,42,12,4.0,5,3.2825
460,43,3,4.0,2,2.6931
460,45,12,3.8,6,3.1825
460,53,10,4.0,4,3.1989
460,57,5,4.0,3,2.8959
460,58,1,5.0,1,2.8466
460,59,7,4.3,3,3.1897
460,245,2,3.0,1,2.0493
460,252,1,4.0,1,2.3466
460,307,2,4.0,1,2.5493
461,110,1,5.0,1,2.8466
461,112,10,4.8,4,3.5989
461,115,1,4.0,1,2.3466
461,117,8,4.4,5,3.2986
461,118,9,4.8,6,3.5513
461,120,10,4.8,5,3.5989
461,244,1,5.0,1,2.8466
461,246,2,4.0,1,2.5493
461,253,5,5.0,2,3.3959
461,341,2,5.0,1,3.0493
462,3,2,5.0,1,3.0493
462,5,1,4.0,1,2.3466
462,8,1,5.0,1,2.8466
462,13,4,4.5,2,3.0547
462,14,1,3.0,1,1.8466
462,20,2,5.0,2,3.0493
462,30,1,4.0,1,2.3466
462,38,2,3.0,1,2.0493
462,45,2,4.0,1,2.5493
462,84,2,4.0,1,2.5493
462,93,1,5.0,1,2.8466
462,100,1,5.0,1,2.8466
462,176,3,5.0,1,3.1931
462,224,2,5.0,1,3.0493
462,312,1,4.0,1,2.3466
463,22,2,5.0,1,3.0493
463,25,3,5.0,1,3.1931
463,27,2,4.0,1,2.5493
463,28,3,3.0,1,2.1931
463,35,1,4.0,1,2.3466
463,39,2,4.0,1,2.5493
463,62,1,4.0,1,2.3466
463,66,1,4.0,1,2.3466
463,69,3,4.0,1,2.6931
463,70,4,5.0,2,3.3047
463,74,5,5.0,2,3.3959
463,75,5,3.5,2,2.6459
463,76,1,4.0,1,2.3466
463,83,4,5.0,1,3.3047
463,86,3,3.0,1,2.1931
463,88,3,4.0,1,2.6931
463,89,1,5.0,1,2.8466
463,90,4,4.5,2,3.0547
463,92,3,5.0,1,3.1931
463,124,4,4.0,1,2.8047
463,165,3,3.0,1,2.1931
463,166,3,3.0,1,2.1931
463,177,1,4.0,1,2.3466
464,24,4,3.5,2,2.5547
464,28,5,4.5,2,3.1459
464,29,2,4.0,1,2.5493
464,31,2,4.0,1,2.5493
464,36,3,5.0,2,3.1931
464,40,1,4.0,1,2.3466
464,165,1,5.0,1,2.8466
464,169,1,5.0,1,2.8466
464,227,1,4.0,1,2.3466
465,21,1,5.0,1,2.8466
465,23,1,5.0,1,2.8466
465,26,1,4.0,1,2.3466
465,29,1,4.0,1,2.3466
465,31,2,4.0,1,2.5493
465,33,1,4.0,1,2.3466
465,37,1,4.0,1,2.3466
465,52,3,4.0,1,2.6931
465,53,1,4.0,1,2.3466
465,58,1,5.0,1,2.8466
465,59,2,4.0,1,2.5493
465,97,1,5.0,1,2.8466
465,164,1,5.0,1,2.8466
465,167,1,5.0,1,2.8466
465,178,1,5.0,1,2.8466
465,190,1,5.0,1,2.8466
465,192,1,5.0,1,2.8466
465,280,1,4.0,1,2.3466
465,329,1,3.0,1,1.8466
466,71,3,4.0,1,2.6931
466,77,3,4.0,1,2.6931
466,84,2,3.0,1,2.0493
466,88,1,5.0,1,2.8466
466,90,1,4.0,1,2.3466
466,91,1,5.0,1,2.8466
466,94,3,4.0,2,2.6931
466,100,2,5.0,1,3.0493
466,104,4,4.5,2,3.0547
466,105,1,5.0,1,2.8466
466,106,3,3.0,1,2.1931
466,110,2,5.0,1,3.0493
466,113,2,5.0,1,3.0493
466,116,3,5.0,1,3.1931
466,125,2,4.0,1,2.5493
466,130,2,4.0,1,2.5493
466,133,3,4.0,2,2.6931
466,138,1,5.0,1,2.8466
466,143,1,4.0,1,2.3466
466,220,1,4.0,1,2.3466
466,228,1,4.0,1,2.3466
466,237,1,4.0,1,2.3466
466,240,2,5.0,1,3.0493
466,250,1,5.0,1,2.8466
466,269,1,5.0,1,2.8466
466,278,2,5.0,1,3.0493
467,22,3,4.0,1,2.6931
467,25,1,5.0,1,2.8466
467,35,5,4.7,3,3.2459
467,39,2,4.0,1,2.5493
467,40,3,3.0,1,2.1931
467,90,5,4.5,2,3.1459
467,92,1,4.0,1,2.3466
467,123,1,4.0,1,2.3466
467,124,2,3.0,1,2.0493
467,125,3,4.0,1,2.6931
467,127,3,4.0,1,2.6931
467,128,2,5.0,1,3.0493
467,129,4,5.0,1,3.3047
467,137,5,4.5,2,3.1459
467,138,3,5.0,1,3.1931
468,121,1,5.0,1,2.8466
468,127,1,5.0,1,2.8466
468,129,10,5.0,4,3.6989
468,131,1,5.0,1,2.8466
468,134,14,4.3,7,3.504
468,136,11,4.3,6,3.3925
468,149,1,3.0,1,1.8466
468,192,1,4.0,1,2.3466
468,222,2,3.0,1,2.0493
468,276,1,5.0,1,2.8466
468,322,2,3.0,1,2.0493
469,62,8,4.5,4,3.3486
469,66,3,4.0,2,2.6931
469,69,4,4.5,2,3.0547
469,70,7,3.7,3,2.8897
469,74,2,5.0,1,3.0493
469,75,4,3.5,2,2.5547
469,76,2,4.5,2,2.7993
469,79,4,3.0,1,2.3047
469,92,2,4.0,1,2.5493
469,213,3,4.0,1,2.6931
469,217,1,4.0,1,2.3466
470,42,5,5.0,2,3.3959
470,43,4,5.0,2,3.3047
470,45,2,3.0,2,2.0493
470,46,1,5.0,1,2.8466
470,53,5,4.5,2,3.1459
470,54,5,4.5,2,3.1459
470,57,3,5.0,1,3.1931
470,64,1,3.0,1,1.8466
470,136,3,5.0,1,3.1931
470,190,2,5.0,1,3.0493
470,191,1,5.0,1,2.8466
470,195,2,5.0,1,3.0493
471,46,8,4.0,5,3.0986
471,51,2,5.0,1,3.0493
471,53,1,5.0,1,2.8466
471,56,1,5.0,1,2.8466
471,59,1,5.0,1,2.8466
471,69,3,3.0,1,2.1931
471,86,1,5.0,1,2.8466
471,90,11,4.8,4,3.6425
471,92,3,3.5,2,2.4431
471,188,1,3.0,1,1.8466
471,196,4,5.0,1,3.3047
471,319,4,5.0,1,3.3047
472,81,1,5.0,1,2.8466
472,82,6,4.0,2,2.973
472,99,1,4.0,1,2.3466
472,222,2,5.0,1,3.0493
472,239,1,4.0,1,2.3466
473,4,2,5.0,1,3.0493
473,8,4,4.5,2,3.0547
473,11,3,5.0,1,3.1931
473,13,2,3.0,1,2.0493
473,14,5,3.5,2,2.6459
473,69,3,3.0,1,2.1931
473,78,1,3.0,1,1.8466
473,177,3,4.0,1,2.6931
473,277,3,4.0,1,2.6931
473,333,1,3.0,1,1.8466
474,62,5,4.0,2,2.8959
474,66,8,4.0,3,3.0986
474,69,7,4.5,4,3.2897
474,74,1,3.0,1,1.8466
474,75,4,5.0,2,3.3047
474,80,2,5.0,1,3.0493
474,86,3,3.0,1,2.1931
474,90,1,4.0,1,2.3466
474,92,4,5.0,2,3.3047
474,112,1,4.0,1,2.3466
474,118,5,3.5,2,2.6459
474,120,5,5.0,2,3.3959
475,26,3,5.0,1,3.1931
475,32,3,5.0,1,3.1931
475,88,1,5.0,1,2.8466
475,112,2,4.0,1,2.5493
475,133,2,5.0,1,3.0493
475,140,2,5.0,1,3.0493
475,148,1,4.0,1,2.3466
475,178,2,3.0,1,2.0493
475,179,2,5.0,2,3.0493
475,180,1,4.0,1,2.3466
475,267,2,4.0,1,2.5493
476,10,1,5.0,1,2.8466
476,21,3,4.0,1,2.6931
476,26,4,5.0,2,3.3047
476,27,3,5.0,1,3.1931
476,28,3,3.0,1,2.1931
476,33,1,5.0,1,2.8466
476,37,3,5.0,2,3.1931
476,39,1,4.0,1,2.3466
476,81,1,4.0,1,2.3466
476,82,2,5.0,1,3.0493
476,84,2,3.0,1,2.0493
476,93,2,4.5,2,2.7993
476,97,1,4.0,1,2.3466
476,131,1,5.0,1,2.8466
476,151,1,3.0,1,1.8466
476,168,1,4.0,1,2.3466
476,232,1,4.0,1,2.3466
476,238,2,5.0,1,3.0493
476,280,3,4.0,1,2.6931
477,1,2,5.0,1,3.0493
477,4,6,4.3,3,3.123
477,8,1,5.0,1,2.8466
477,10,2,5.0,1,3.0493
477,12,3,5.0,1,3.1931
477,13,2,3.0,1,2.0493
477,15,4,5.0,2,3.3047
477,20,5,4.0,2,2.8959
477,73,2,4.0,1,2.5493
477,104,3,4.5,2,2.9431
477,107,4,4.5,2,3.0547
477,108,1,5.0,1,2.8466
477,110,5,5.0,2,3.3959
477,114,2,5.0,1,3.0493
477,116,3,5.0,1,3.1931
477,126,1,4.0,1,2.3466
477,130,3,4.0,2,2.6931
477,131,3,3.5,2,2.4431
477,133,3,5.0,1,3.1931
477,139,3,5.0,1,3.1931
477,140,2,4.0,1,2.5493
477,259,2,5.0,1,3.0493
477,280,1,5.0,1,2.8466
478,4,3,4.0,1,2.6931
478,8,5,5.0,2,3.3959
478,10,5,4.5,2,3.1459
478,12,2,5.0,1,3.0493
478,13,1,5.0,1,2.8466
478,14,7,4.0,3,3.0397
478,20,3,4.0,1,2.6931
478,81,1,5.0,1,2.8466
478,95,2,4.0,1,2.5493
478,118,3,4.0,1,2.6931
478,133,2,4.0,1,2.5493
478,153,2,4.0,1,2.5493
478,155,1,4.0,1,2.3466
479,2,3,4.0,2,2.6931
479,5,1,4.0,1,2.3466
479,6,3,4.0,1,2.6931
479,13,2,4.0,1,2.5493
479,23,3,5.0,1,3.1931
479,24,1,5.0,1,2.8466
479,28,4,5.0,2,3.3047
479,29,1,4.0,1,2.3466
479,31,1,3.0,1,1.8466
479,36,2,5.0,1,3.0493
479,41,3,5.0,2,3.1931
479,49,1,5.0,1,2.8466
479,50,4,4.5,2,3.0547
479,52,7,4.0,3,3.0397
479,58,3,5.0,1,3.1931
479,60,1,5.0,1,2.8466
479,64,1,4.0,1,2.3466
479,114,1,4.0,1,2.3466
479,149,2,5.0,1,3.0493
479,191,1,4.0,1,2.3466
479,192,1,5.0,1,2.8466
479,327,2,3.0,1,2.0493
480,17,2,5.0,1,3.0493
480,25,1,4.0,1,2.3466
480,26,2,5.0,1,3.0493
480,28,2,3.0,1,2.0493
480,30,1,5.0,1,2.8466
480,33,4,4.0,2,2.8047
480,34,2,4.5,2,2.7993
480,36,1,4.0,1,2.3466
480,37,2,4.5,2,2.7993
480,38,5,4.0,2,2.8959
480,40,1,4.0,1,2.3466
480,144,1,3.0,1,1.8466
480,163,1,4.0,1,2.3466
480,170,3,5.0,1,3.1931
480,172,2,5.0,1,3.0493
480,173,1,5.0,1,2.8466
480,176,1,5.0,1,2.8466
480,177,3,4.0,1,2.6931
480,180,2,4.0,1,2.5493
480,221,3,3.0,1,2.1931
481,22,1,4.0,1,2.3466
481,23,3,4.0,1,2.6931
481,24,1,4.0,1,2.3466
481,28,1,5.0,1,2.8466
481,33,2,3.0,1,2.0493
481,41,1,5.0,1,2.8466
481,46,1,5.0,1,2.8466
481,48,3,3.0,1,2.1931
481,52,1,5.0,1,2.8466
481,54,2,4.0,1,2.5493
481,57,1,4.0,1,2.3466
481,87,1,5.0,1,2.8466
481,117,1,5.0,1,2.8466
481,129,3,5.0,1,3.1931
481,136,1,5.0,1,2.8466
481,162,1,5.0,1,2.8466
481,193,1,4.0,1,2.3466
481,245,1,5.0,1,2.8466
481,265,1,5.0,1,2.8466
481,271,1,4.0,1,2.3466
481,345,2,5.0,1,3.0493
482,65,3,5.0,2,3.1931
482,67,1,5.0,1,2.8466
482,77,3,5.0,1,3.1931
482,79,1,5.0,1,2.8466
482,80,2,4.5,2,2.7993
482,125,3,5.0,1,3.1931
482,126,2,4.0,1,2.5493
482,129,2,4.0,1,2.5493
482,130,7,4.0,3,3.0397
482,131,4,4.5,2,3.0547
482,132,1,5.0,1,2.8466
482,133,7,4.3,3,3.1897
482,139,1,4.0,1,2.3466
482,140,3,3.0,1,2.1931
482,203,2,5.0,1,3.0493
482,212,1,4.0,1,2.3466
483,4,1,4.0,1,2.3466
483,8,4,3.5,2,2.5547
483,15,1,4.0,1,2.3466
483,19,1,5.0,1,2.8466
483,20,3,5.0,1,3.1931
483,32,1,5.0,1,2.8466
483,84,2,3.0,1,2.0493
483,88,3,3.0,1,2.1931
483,93,6,4.7,2,3.323
483,94,3,3.0,1,2.1931
483,96,3,5.0,1,3.1931
483,100,3,5.0,1,3.1931
483,102,1,5.0,1,2.8466
483,104,3,3.0,1,2.1931
483,110,2,5.0,1,3.0493
483,114,4,4.0,2,2.8047
483,145,1,4.0,1,2.3466
483,168,1,4.0,1,2.3466
483,227,2,4.0,1,2.5493
483,235,3,5.0,1,3.1931
483,260,1,5.0,1,2.8466
483,336,1,4.0,1,2.3466
484,25,2,4.0,1,2.5493
484,62,3,4.0,1,2.6931
484,63,3,4.0,1,2.6931
484,66,2,4.0,1,2.5493
484,69,2,5.0,1,3.0493
484,70,5,4.7,3,3.2459
484,72,2,3.0,1,2.0493
484,74,2,4.5,2,2.7993
484,75,7,4.0,3,3.0397
484,76,3,4.0,1,2.6931
484,80,2,5.0,1,3.0493
484,143,2,3.0,1,2.0493
484,205,1,5.0,1,2.8466
484,206,1,5.0,1,2.8466
484,219,2,4.0,1,2.5493
485,1,1,4.0,1,2.3466
485,3,1,4.0,1,2.3466
485,7,5,4.0,3,2.8959
485,9,1,5.0,1,2.8466
485,11,2,3.0,1,2.0493
485,13,3,5.0,1,3.1931
485,16,6,3.5,2,2.723
485,19,1,4.0,1,2.3466
485,121,6,4.0,2,2.973
485,122,1,5.0,1,2.8466
485,123,3,3.0,1,2.1931
485,124,5,5.0,2,3.3959
485,125,2,5.0,1,3.0493
485,127,6,4.5,2,3.223
485,128,5,4.3,3,3.0459
485,131,2,3.0,1,2.0493
485,137,3,4.0,2,2.6931
485,265,2,4.0,1,2.5493
485,272,3,4.0,1,2.6931
485,275,2,4.0,1,2.5493
486,1,2,4.0,2,2.5493
486,2,6,5.0,2,3.473
486,3,2,3.0,1,2.0493
486,5,2,5.0,1,3.0493
486,6,8,4.3,3,3.2486
486,11,1,5.0,1,2.8466
486,15,2,5.0,1,3.0493
486,16,1,4.0,1,2.3466
486,17,1,4.0,1,2.3466
486,18,1,3.0,1,1.8466
486,40,1,4.0,1,2.3466
486,86,1,4.0,1,2.3466
486,145,1,4.0,1,2.3466
486,150,1,5.0,1,2.8466
486,153,1,4.0,1,2.3466
486,159,1,5.0,1,2.8466
486,242,1,5.0,1,2.8466
486,289,2,5.0,1,3.0493
486,313,1,4.0,1,2.3466
487,23,5,5.0,3,3.3959
487,24,2,4.0,1,2.5493
487,25,1,4.0,1,2.3466
487,27,2,5.0,1,3.0493
487,28,4,4.0,2,2.8047
487,29,4,4.0,3,2.8047
487,30,1,5.0,1,2.8466
487,31,4,4.0,2,2.8047
487,33,2,5.0,1,3.0493
487,36,9,3.7,3,3.0013
487,61,6,4.0,4,2.973
487,63,2,3.0,1,2.0493
487,64,1,4.0,1,2.3466
487,67,5,4.7,3,3.2459
487,70,1,5.0,1,2.8466
487,71,7,4.0,3,3.0397
487,77,1,5.0,1,2.8466
487,78,5,4.0,2,2.8959
487,92,1,4.0,1,2.3466
487,143,1,5.0,1,2.8466
487,147,1,4.0,1,2.3466
487,161,2,5.0,2,3.0493
487,177,1,4.0,1,2.3466
487,208,2,4.5,2,2.7993
487,222,1,4.0,1,2.3466
487,229,1,3.0,1,1.8466
487,247,2,5.0,1,3.0493
488,31,2,4.0,1,2.5493
488,35,1,5.0,1,2.8466
488,39,1,4.0,1,2.3466
488,50,2,5.0,1,3.0493
488,51,2,4.0,1,2.5493
488,58,1,3.0,1,1.8466
488,60,3,3.0,1,2.1931
488,161,1,5.0,1,2.8466
488,167,1,5.0,1,2.8466
489,9,2,4.0,1,2.5493
489,55,1,5.0,1,2.8466
489,73,3,5.0,1,3.1931
489,84,7,4.0,3,3.0397
489,88,9,4.5,4,3.4013
489,90,3,5.0,1,3.1931
489,91,8,4.2,4,3.1986
489,93,8,4.4,5,3.2986
489,94,3,4.5,2,2.9431
489,97,11,4.6,5,3.5425
489,99,2,5.0,1,3.0493
489,100,4,5.0,2,3.3047
489,189,1,5.0,1,2.8466
489,221,2,5.0,1,3.0493
489,223,3,5.0,1,3.1931
489,226,1,5.0,1,2.8466
489,233,2,5.0,1,3.0493
490,24,4,5.0,2,3.3047
490,27,1,4.0,1,2.3466
490,28,3,5.0,2,3.1931
490,29,6,4.0,3,2.973
490,31,7,4.7,3,3.3897
490,36,1,4.0,1,2.3466
490,140,2,4.0,1,2.5493
490,165,1,5.0,1,2.8466
490,168,1,5.0,1,2.8466
490,178,2,5.0,1,3.0493
490,311,1,4.0,1,2.3466
491,1,2,4.0,1,2.5493
491,65,5,4.7,3,3.2459
491,68,6,4.5,2,3.223
491,69,2,5.0,1,3.0493
491,71,2,4.5,2,2.7993
491,77,9,4.5,4,3.4013
491,79,5,4.0,2,2.8959
491,80,5,4.0,2,2.8959
491,202,3,5.0,1,3.1931
491,212,2,5.0,1,3.0493
491,215,2,4.0,1,2.5493
491,216,1,5.0,1,2.8466
491,217,2,5.0,1,3.0493
491,220,1,5.0,1,2.8466
491,343,2,5.0,1,3.0493
491,348,2,4.0,1,2.5493
492,2,2,5.0,1,3.0493
492,5,4,4.0,2,2.8047
492,18,3,5.0,1,3.1931
492,41,1,5.0,1,2.8466
492,47,5,4.5,2,3.1459
492,49,1,4.0,1,2.3466
492,50,1,5.0,1,2.8466
492,54,4,4.5,2,3.0547
492,55,2,3.0,1,2.0493
492,58,4,3.5,2,2.5547
492,61,1,3.0,1,1.8466
492,62,2,5.0,1,3.0493
492,63,2,5.0,1,3.0493
492,71,4,4.5,2,3.0547
492,78,2,3.0,1,2.0493
492,80,1,4.0,1,2.3466
492,156,1,4.0,1,2.3466
492,218,1,5.0,1,2.8466
493,21,2,4.0,1,2.5493
493,26,1,4.0,1,2.3466
493,37,1,4.0,1,2.3466
493,38,1,4.0,1,2.3466
493,66,1,5.0,1,2.8466
493,70,2,3.0,1,2.0493
493,88,2,5.0,1,3.0493
493,89,2,4.0,1,2.5493
493,93,3,5.0,1,3.1931
493,176,1,4.0,1,2.3466
494,4,2,4.0,1,2.5493
494,24,3,3.0,2,2.1931
494,28,6,4.0,2,2.973
494,36,3,4.0,1,2.6931
494,40,1,5.0,1,2.8466
494,82,3,4.0,1,2.6931
494,95,2,3.0,1,2.0493
494,96,1,4.0,1,2.3466
494,98,3,3.5,2,2.4431
494,102,1,5.0,1,2.8466
494,111,1,5.0,1,2.8466
494,113,2,5.0,1,3.0493
494,117,1,5.0,1,2.8466
494,237,1,4.0,1,2.3466
494,300,1,3.0,1,1.8466
495,8,1,5.0,1,2.8466
495,10,1,4.0,1,2.3466
495,12,6,4.5,2,3.223
495,13,1,5.0,1,2.8466
495,15,2,5.0,1,3.0493
495,43,3,4.0,1,2.6931
495,49,1,4.0,1,2.3466
495,53,9,4.2,4,3.2513
495,57,5,4.3,3,3.0459
495,59,7,4.3,3,3.1897
495,104,2,4.0,1,2.5493
495,106,3,5.0,1,3.1931
495,107,2,3.0,1,2.0493
495,108,3,4.0,2,2.6931
495,114,6,4.5,2,3.223
495,116,2,4.0,1,2.5493
495,151,1,4.0,1,2.3466
495,192,3,5.0,1,3.1931
495,278,1,5.0,1,2.8466
496,22,1,5.0,1,2.8466
496,23,1,4.0,1,2.3466
496,24,2,5.0,1,3.0493
496,27,3,4.0,2,2.6931
496,32,1,4.0,1,2.3466
496,35,3,5.0,1,3.1931
496,39,2,5.0,1,3.0493
496,40,1,5.0,1,2.8466
496,87,2,4.0,1,2.5493
496,147,1,5.0,1,2.8466
496,167,2,4.0,1,2.5493
496,168,4,5.0,1,3.3047
496,171,3,5.0,1,3.1931
496,174,2,5.0,1,3.0493
496,185,1,3.0,1,1.8466
496,314,2,5.0,1,3.0493
497,22,4,3.0,1,2.3047
497,27,4,3.0,2,2.3047
497,32,5,4.0,3,2.8959
497,35,4,4.0,2,2.8047
497,36,3,5.0,1,3.1931
497,39,1,5.0,1,2.8466
497,40,3,4.5,2,2.9431
497,89,1,4.0,1,2.3466
497,170,3,4.0,1,2.6931
497,178,4,5.0,2,3.3047
497,179,1,4.0,1,2.3466
498,77,1,4.0,1,2.3466
498,121,3,5.0,1,3.1931
498,122,4,4.0,3,2.8047
498,123,3,4.0,1,2.6931
498,124,6,4.7,3,3.323
498,125,4,4.0,2,2.8047
498,127,5,4.7,3,3.2459
498,128,2,4.0,2,2.5493
498,131,1,5.0,1,2.8466
498,133,2,4.0,1,2.5493
498,135,3,3.5,2,2.4431
498,137,2,3.0,1,2.0493
498,138,3,5.0,1,3.1931
499,1,3,5.0,1,3.1931
499,3,1,5.0,1,2.8466
499,4,2,5.0,1,3.0493
499,7,3,4.0,1,2.6931
499,11,4,4.3,3,2.9547
499,16,3,5.0,1,3.1931
499,17,3,4.0,1,2.6931
499,19,3,5.0,2,3.1931
499,81,2,5.0,1,3.0493
499,92,2,5.0,2,3.0493
499,122,2,5.0,1,3.0493
499,123,2,5.0,2,3.0493
499,124,5,4.0,2,2.8959
499,128,2,4.0,1,2.5493
499,135,3,3.5,2,2.4431
499,137,2,5.0,1,3.0493
499,138,4,5.0,2,3.3047
499,159,2,5.0,1,3.0493
499,181,2,3.0,1,2.0493
499,213,1,4.0,1,2.3466
499,229,1,5.0,1,2.8466
499,265,3,5.0,1,3.1931
499,266,2,5.0,1,3.0493
500,1,2,5.0,1,3.0493
500,9,1,5.0,1,2.8466
500,11,2,5.0,1,3.0493
500,22,2,5.0,1,3.0493
500,40,1,4.0,1,2.3466
500,68,4,5.0,1,3.3047
500,70,2,5.0,1,3.0493
500,72,3,4.0,1,2.6931
500,74,3,4.5,2,2.9431
500,75,1,4.0,1,2.3466
500,89,1,4.0,1,2.3466
500,147,3,4.0,1,2.6931
500,229,1,4.0,1,2.3466
500,232,1,4.0,1,2.3466
500,241,3,4.0,1,2.6931
500,282,1,5.0,1,2.8466
500,287,3,5.0,1,3.1931
501,22,2,5.0,1,3.0493
501,25,1,3.0,1,1.8466
501,180,1,5.0,1,2.8466
501,210,1,4.0,1,2.3466
501,286,1,5.0,1,2.8466
501,290,2,4.5,2,2.7993
501,295,2,4.0,1,2.5493
501,298,2,5.0,1,3.0493
501,302,1,3.0,1,1.8466
501,331,1,5.0,1,2.8466
501,334,1,4.0,1,2.3466
501,336,1,3.0,1,1.8466
501,342,2,4.0,1,2.5493
502,127,1,4.0,1,2.3466
502,135,1,5.0,1,2.8466
502,220,2,4.0,1,2.5493
502,250,1,5.0,1,2.8466
502,252,1,5.0,1,2.8466
503,98,2,4.0,1,2.5493
503,292,5,5.0,2,3.3959
503,317,2,4.0,1,2.5493
503,323,2,4.0,1,2.5493
504,121,1,5.0,1,2.8466
504,122,1,5.0,1,2.8466
504,126,2,5.0,1,3.0493
504,129,1,5.0,1,2.8466
504,136,1,3.0,1,1.8466
505,151,1,4.0,1,2.3466
505,152,1,4.0,1,2.3466
505,159,1,5.0,1,2.8466
505,305,1,5.0,1,2.8466
505,321,1,4.0,1,2.3466
506,18,1,4.0,1,2.3466
506,41,1,3.0,1,1.8466
506,45,1,5.0,1,2.8466
506,110,1,4.0,1,2.3466
506,119,1,3.0,1,1.8466
506,195,1,4.0,1,2.3466
506,241,1,4.0,1,2.3466
506,248,1,4.0,1,2.3466
506,250,2,4.0,1,2.5493
506,255,1,4.0,1,2.3466
506,291,1,4.0,1,2.3466
506,295,2,3.0,1,2.0493
506,306,2,4.0,1,2.5493
506,307,1,5.0,1,2.8466
506,312,1,5.0,1,2.8466
506,313,1,4.0,1,2.3466
506,316,1,5.0,1,2.8466
506,329,1,5.0,1,2.8466
507,224,2,3.0,1,2.0493
507,309,2,5.0,1,3.0493
507,320,3,5.0,1,3.1931
507,329,3,5.0,1,3.1931
507,331,1,5.0,1,2.8466
507,333,1,3.0,1,1.8466
508,33,1,5.0,1,2.8466
508,44,1,4.0,1,2.3466
508,54,2,3.0,1,2.0493
508,89,1,5.0,1,2.8466
508,155,1,5.0,1,2.8466
508,174,1,5.0,1,2.8466
508,178,1,5.0,1,2.8466
508,223,2,3.0,1,2.0493
508,235,3,4.0,1,2.6931
508,261,1,4.0,1,2.3466
508,277,2,5.0,1,3.0493
509,65,1,4.0,1,2.3466
509,71,1,5.0,1,2.8466
509,167,1,5.0,1,2.8466
509,201,1,5.0,1,2.8466
509,202,2,5.0,1,3.0493
509,212,1,5.0,1,2.8466
509,215,1,3.0,1,1.8466
509,334,1,5.0,1,2.8466
509,345,1,5.0,1,2.8466
510,35,1,3.0,1,1.8466
510,67,1,5.0,1,2.8466
510,94,1,4.0,1,2.3466
510,130,2,3.0,1,2.0493
510,170,1,5.0,1,2.8466
510,203,1,5.0,1,2.8466
510,207,2,5.0,1,3.0493
511,121,1,5.0,1,2.8466
511,125,1,4.0,1,2.3466
511,138,2,4.0,1,2.5493
511,139,1,4.0,1,2.3466
511,172,2,5.0,1,3.0493
511,237,3,4.0,1,2.6931
511,264,1,5.0,1,2.8466
511,274,1,5.0,1,2.8466
512,3,1,5.0,1,2.8466
512,4,1,5.0,1,2.8466
512,8,2,5.0,1,3.0493
512,9,3,5.0,1,3.1931
512,13,1,4.0,1,2.3466
512,38,3,4.0,1,2.6931
512,43,1,4.0,1,2.3466
512,49,1,3.0,1,1.8466
512,58,1,4.0,1,2.3466
512,74,2,4.0,1,2.5493
512,115,3,5.0,1,3.1931
512,146,1,5.0,1,2.8466
512,156,1,5.0,1,2.8466
512,200,1,5.0,1,2.8466
512,210,2,4.0,1,2.5493
512,211,1,5.0,1,2.8466
512,212,2,5.0,1,3.0493
512,224,1,4.0,1,2.3466
513,59,2,4.0,1,2.5493
513,111,2,5.0,1,3.0493
513,116,1,5.0,1,2.8466
513,247,2,5.0,1,3.0493
513,252,6,3.5,2,2.723
513,257,2,5.0,1,3.0493
513,317,1,5.0,1,2.8466
513,323,1,5.0,1,2.8466
513,324,3,5.0,1,3.1931
513,344,1,5.0,1,2.8466
514,297,1,4.0,1,2.3466
514,337,1,5.0,1,2.8466
514,339,2,4.0,1,2.5493
514,345,1,5.0,1,2.8466
514,350,1,4.0,1,2.3466
515,1,2,5.0,1,3.0493
515,77,2,5.0,1,3.0493
515,205,2,4.0,1,2.5493
515,206,2,5.0,1,3.0493
515,208,1,4.0,1,2.3466
515,210,3,3.0,1,2.1931
515,219,1,4.0,1,2.3466
515,287,1,4.0,1,2.3466
515,297,1,4.0,1,2.3466
515,305,1,4.0,1,2.3466
516,334,1,4.0,1,2.3466
516,335,1,5.0,1,2.8466
517,95,1,5.0,1,2.8466
517,124,3,5.0,1,3.1931
517,217,3,5.0,1,3.1931
517,229,2,4.0,2,2.5493
517,233,3,5.0,1,3.1931
517,301,4,4.0,1,2.8047
518,28,3,5.0,1,3.1931
518,62,1,3.0,1,1.8466
518,80,2,5.0,1,3.0493
518,207,1,5.0,1,2.8466
518,218,2,5.0,1,3.0493
518,294,2,4.0,1,2.5493
518,296,3,5.0,1,3.1931
518,308,3,5.0,1,3.1931
518,321,2,3.0,1,2.0493
519,77,1,5.0,1,2.8466
519,148,1,5.0,1,2.8466
519,153,1,5.0,1,2.8466
519,158,2,4.5,2,2.7993
519,225,2,5.0,1,3.0493
519,331,1,5.0,1,2.8466
519,343,1,4.0,1,2.3466
519,345,2,5.0,1,3.0493
519,347,1,4.0,1,2.3466
519,350,1,5.0,1,2.8466
520,27,2,5.0,1,3.0493
520,34,2,5.0,1,3.0493
520,44,2,5.0,1,3.0493
520,50,2,4.0,1,2.5493
520,117,2,4.0,1,2.5493
520,162,2,5.0,1,3.0493
520,168,2,4.0,1,2.5493
520,169,2,5.0,1,3.0493
520,183,3,4.0,1,2.6931
520,195,2,5.0,1,3.0493
520,342,2,5.0,1,3.0493
521,31,1,5.0,1,2.8466
521,67,1,5.0,1,2.8466
521,76,2,5.0,1,3.0493
521,80,2,3.0,1,2.0493
521,112,1,5.0,1,2.8466
521,169,1,4.0,1,2.3466
521,202,1,5.0,1,2.8466
521,216,1,4.0,1,2.3466
521,270,1,3.0,1,1.8466
521,282,1,5.0,1,2.8466
521,283,1,5.0,1,2.8466
521,293,1,5.0,1,2.8466
521,303,1,5.0,1,2.8466
521,313,1,3.0,1,1.8466
522,58,1,5.0,1,2.8466
522,147,1,4.0,1,2.3466
522,247,2,4.0,1,2.5493
522,310,3,5.0,1,3.1931
522,317,2,4.0,1,2.5493
522,324,2,5.0,1,3.0493
522,327,2,4.0,1,2.5493
522,328,1,4.0,1,2.3466
522,329,1,3.0,1,1.8466
522,333,1,3.0,1,1.8466
522,350,3,5.0,1,3.1931
523,42,2,4.0,1,2.5493
523,47,2,3.0,1,2.0493
523,96,1,4.0,1,2.3466
523,283,1,5.0,1,2.8466
523,300,1,5.0,1,2.8466
524,21,2,4.0,1,2.5493
524,34,3,4.0,1,2.6931
524,111,2,4.0,1,2.5493
524,124,2,3.0,1,2.0493
524,163,3,3.0,1,2.1931
524,214,3,4.0,1,2.6931
524,284,1,5.0,1,2.8466
524,285,1,5.0,1,2.8466
524,288,3,5.0,1,3.1931
524,290,4,4.0,2,2.8047
524,301,4,4.5,2,3.0547
524,302,2,5.0,1,3.0493
524,304,3,5.0,1,3.1931
524,308,1,5.0,1,2.8466
524,310,3,4.0,2,2.6931
524,315,4,5.0,1,3.3047
524,317,1,5.0,1,2.8466
524,319,3,5.0,1,3.1931
524,322,3,5.0,1,3.1931
524,324,1,5.0,1,2.8466
524,326,1,4.0,1,2.3466
524,327,2,5.0,1,3.0493
525,103,2,4.0,1,2.5493
525,252,1,5.0,1,2.8466
525,300,1,5.0,1,2.8466
525,339,1,3.0,1,1.8466
526,64,2,5.0,1,3.0493
526,78,3,4.0,1,2.6931
526,79,1,5.0,1,2.8466
526,165,1,4.0,1,2.3466
526,201,2,5.0,1,3.0493
526,211,2,5.0,1,3.0493
526,333,2,4.0,1,2.5493
526,334,1,4.0,1,2.3466
526,337,4,5.0,1,3.3047
526,339,2,5.0,1,3.0493
526,344,2,4.0,1,2.5493
527,34,1,3.0,1,1.8466
527,51,1,4.0,1,2.3466
527,121,2,5.0,1,3.0493
527,134,1,4.0,1,2.3466
527,136,1,5.0,1,2.8466
527,139,2,4.0,1,2.5493
527,186,1,3.0,1,1.8466
527,261,1,4.0,1,2.3466
527,267,1,5.0,1,2.8466
527,268,2,4.0,1,2.5493
527,274,1,4.0,1,2.3466
527,275,1,5.0,1,2.8466
527,299,1,5.0,1,2.8466
527,313,1,3.0,1,1.8466
528,66,1,4.0,1,2.3466
528,74,1,4.0,1,2.3466
528,77,4,3.5,2,2.5547
528,126,1,5.0,1,2.8466
528,140,1,5.0,1,2.8466
528,208,1,5.0,1,2.8466
528,214,1,5.0,1,2.8466
528,218,3,5.0,1,3.1931
528,220,1,5.0,1,2.8466
529,14,1,3.0,1,1.8466
529,29,1,3.0,1,1.8466
529,144,1,5.0,1,2.8466
529,202,2,4.0,1,2.5493
529,208,1,5.0,1,2.8466
529,230,2,3.0,1,2.0493
529,244,3,5.0,1,3.1931
529,318,1,4.0,1,2.3466
530,97,1,5.0,1,2.8466
530,98,1,4.0,1,2.3466
530,119,2,4.0,1,2.5493
530,138,2,5.0,1,3.0493
530,165,1,4.0,1,2.3466
530,220,1,5.0,1,2.8466
530,310,1,4.0,1,2.3466
531,10,2,5.0,1,3.0493
531,87,2,4.0,1,2.5493
531,108,3,5.0,1,3.1931
531,110,2,5.0,1,3.0493
531,126,1,5.0,1,2.8466
531,279,1,4.0,1,2.3466
531,280,4,5.0,2,3.3047
531,281,2,4.0,1,2.5493
531,285,2,5.0,1,3.0493
531,288,2,4.0,1,2.5493
531,302,2,4.0,1,2.5493
531,303,3,5.0,1,3.1931
532,14,1,4.0,1,2.3466
532,15,2,3.0,1,2.0493
532,23,3,3.0,1,2.1931
532,151,2,4.0,1,2.5493
532,258,2,5.0,1,3.0493
532,276,2,3.0,1,2.0493
532,284,1,5.0,1,2.8466
532,288,1,5.0,1,2.8466
532,311,1,5.0,1,2.8466
532,314,2,5.0,1,3.0493
532,316,2,5.0,1,3.0493
532,317,1,4.0,1,2.3466
532,319,1,4.0,1,2.3466
532,323,2,5.0,1,3.0493
532,328,3,4.0,3,2.6931
533,59,3,5.0,1,3.1931
533,69,2,5.0,1,3.0493
533,71,2,5.0,1,3.0493
533,211,3,3.0,1,2.1931
533,220,2,4.0,1,2.5493
533,309,1,5.0,1,2.8466
534,162,3,5.0,1,3.1931
534,168,1,5.0,1,2.8466
534,170,1,4.0,1,2.3466
534,177,1,5.0,1,2.8466
534,310,2,5.0,1,3.0493
534,320,2,5.0,1,3.0493
534,325,3,5.0,1,3.1931
534,327,1,4.0,1,2.3466
535,10,3,5.0,1,3.1931
535,14,3,4.0,1,2.6931
535,88,1,4.0,1,2.3466
535,145,1,5.0,1,2.8466
535,147,1,5.0,1,2.8466
535,227,1,4.0,1,2.3466
535,231,3,5.0,1,3.1931
536,46,2,4.0,1,2.5493
536,313,1,3.0,1,1.8466
537,22,1,4.0,1,2.3466
537,28,1,5.0,1,2.8466
537,121,2,4.5,2,2.7993
537,125,2,5.0,1,3.0493
537,126,1,5.0,1,2.8466
537,127,3,5.0,1,3.1931
537,128,1,3.0,1,1.8466
537,146,2,4.0,1,2.5493
537,169,1,5.0,1,2.8466
537,268,1,5.0,1,2.8466
537,270,1,5.0,1,2.8466
537,272,3,5.0,1,3.1931
537,274,1,4.0,1,2.3466
537,279,3,3.0,1,2.1931
537,280,1,4.0,1,2.3466
538,150,1,4.0,1,2.3466
538,173,2,3.0,1,2.0493
538,197,3,5.0,1,3.1931
538,252,2,4.0,1,2.5493
538,268,3,3.0,1,2.1931
539,3,1,4.0,1,2.3466
539,4,1,5.0,1,2.8466
539,8,1,5.0,1,2.8466
539,18,3,4.0,1,2.6931
539,88,3,4.0,1,2.6931
539,144,4,4.0,2,2.8047
539,151,3,5.0,1,3.1931
539,155,3,5.0,1,3.1931
540,79,1,5.0,1,2.8466
540,281,2,5.0,1,3.0493
540,286,1,5.0,1,2.8466
540,294,1,4.0,1,2.3466
540,297,1,5.0,1,2.8466
540,305,1,5.0,1,2.8466
541,4,1,5.0,1,2.8466
541,8,1,5.0,1,2.8466
541,13,1,5.0,1,2.8466
541,18,2,3.0,1,2.0493
541,64,1,5.0,1,2.8466
541,121,1,5.0,1,2.8466
541,152,1,5.0,1,2.8466
541,154,2,5.0,1,3.0493
541,160,1,4.0,1,2.3466
541,207,1,4.0,1,2.3466
541,213,1,5.0,1,2.8466
541,218,1,5.0,1,2.8466
541,275,1,5.0,1,2.8466
541,279,1,5.0,1,2.8466
541,324,1,5.0,1,2.8466
541,342,1,3.0,1,1.8466
542,68,3,4.0,1,2.6931
542,75,1,4.0,1,2.3466
542,201,1,4.0,1,2.3466
542,211,2,5.0,1,3.0493
542,218,2,4.0,1,2.5493
542,278,3,3.0,1,2.1931
543,106,1,5.0,1,2.8466
543,309,5,4.5,2,3.1459
543,310,2,5.0,1,3.0493
543,314,3,4.0,1,2.6931
543,315,3,5.0,1,3.1931
543,316,1,4.0,1,2.3466
543,326,3,5.0,1,3.1931
543,328,3,5.0,1,3.1931
543,329,3,4.0,1,2.6931
543,333,2,3.0,1,2.0493
544,61,3,4.0,1,2.6931
544,63,2,4.0,1,2.5493
544,65,3,5.0,1,3.1931
544,81,2,3.0,1,2.0493
544,91,1,4.0,1,2.3466
544,97,1,5.0,1,2.8466
544,120,1,4.0,1,2.3466
544,201,1,5.0,1,2.8466
544,238,1,5.0,1,2.8466
544,249,1,5.0,1,2.8466
544,305,2,5.0,1,3.0493
544,335,1,3.0,1,1.8466
545,44,1,5.0,1,2.8466
545,127,1,4.0,1,2.3466
545,198,1,4.0,1,2.3466
545,279,2,4.0,1,2.5493
545,299,1,5.0,1,2.8466
545,305,1,4.0,1,2.3466
545,335,1,3.0,1,1.8466
546,48,2,5.0,1,3.0493
546,52,2,4.0,1,2.5493
546,55,1,5.0,1,2.8466
546,60,1,5.0,1,2.8466
546,125,1,5.0,1,2.8466
546,127,1,4.0,1,2.3466
546,193,1,5.0,1,2.8466
547,7,2,5.0,1,3.0493
547,297,1,5.0,1,2.8466
548,89,2,3.0,1,2.0493
548,101,2,5.0,1,3.0493
548,106,4,4.0,1,2.8047
548,107,1,5.0,1,2.8466
548,111,1,4.0,1,2.3466
548,117,2,4.0,1,2.5493
548,178,1,4.0,1,2.3466
548,230,3,5.0,1,3.1931
548,253,2,5.0,1,3.0493
548,258,3,4.0,1,2.6931
548,265,3,5.0,1,3.1931
548,274,2,5.0,1,3.0493
548,346,3,3.0,1,2.1931
549,58,3,3.0,1,2.1931
549,148,1,5.0,1,2.8466
549,150,2,5.0,1,3.0493
549,153,1,3.0,1,1.8466
549,156,1,5.0,1,2.8466
549,323,1,3.0,1,1.8466
550,68,1,5.0,1,2.8466
550,76,1,4.0,1,2.3466
550,83,1,3.0,1,1.8466
550,111,1,5.0,1,2.8466
550,124,1,4.0,1,2.3466
550,202,1,5.0,1,2.8466
550,213,2,5.0,1,3.0493
550,218,3,4.0,1,2.6931
550,246,2,5.0,1,3.0493
550,249,3,4.0,1,2.6931
550,283,2,3.0,1,2.0493
550,294,1,5.0,1,2.8466
550,301,1,5.0,1,2.8466
550,302,1,3.0,1,1.8466
550,308,2,3.0,1,2.0493
550,318,1,5.0,1,2.8466
550,326,3,4.0,1,2.6931
551,66,2,5.0,1,3.0493
551,68,1,5.0,1,2.8466
551,69,2,5.0,1,3.0493
551,165,1,5.0,1,2.8466
551,211,1,5.0,1,2.8466
551,221,1,3.0,1,1.8466
551,294,1,5.0,1,2.8466
551,337,1,4.0,1,2.3466
552,223,1,5.0,1,2.8466
552,289,1,5.0,1,2.8466
552,294,3,3.0,1,2.1931
552,296,1,3.0,1,1.8466
552,305,1,4.0,1,2.3466
552,312,1,4.0,1,2.3466
552,319,2,5.0,1,3.0493
552,323,3,5.0,1,3.1931
552,328,1,5.0,1,2.8466
553,64,1,5.0,1,2.8466
553,77,1,3.0,1,1.8466
553,194,1,4.0,1,2.3466
553,197,2,5.0,1,3.0493
553,210,3,5.0,1,3.1931
553,255,2,5.0,1,3.0493
553,256,3,5.0,1,3.1931
553,299,1,4.0,1,2.3466
554,6,1,5.0,1,2.8466
554,56,1,5.0,1,2.8466
554,61,1,5.0,1,2.8466
554,122,1,4.0,1,2.3466
554,134,2,4.0,1,2.5493
554,139,1,4.0,1,2.3466
554,173,2,4.0,1,2.5493
554,205,1,5.0,1,2.8466
554,242,2,3.0,1,2.0493
554,253,1,3.0,1,1.8466
554,266,2,5.0,1,3.0493
554,274,1,4.0,1,2.3466
554,275,1,5.0,1,2.8466
554,276,1,4.0,1,2.3466
554,307,1,4.0,1,2.3466
554,321,1,4.0,1,2.3466
554,330,1,5.0,1,2.8466
555,87,1,5.0,1,2.8466
555,101,1,5.0,1,2.8466
555,106,1,5.0,1,2.8466
555,119,2,4.0,1,2.5493
555,225,1,4.0,1,2.3466
555,290,1,5.0,1,2.8466
555,303,2,5.0,1,3.0493
556,18,3,4.0,1,2.6931
556,41,2,5.0,1,3.0493
556,45,1,5.0,1,2.8466
556,146,1,5.0,1,2.8466
556,302,2,5.0,1,3.0493
557,48,1,4.0,1,2.3466
557,105,1,3.0,1,1.8466
557,125,2,5.0,1,3.0493
557,139,2,4.0,2,2.5493
557,261,1,5.0,1,2.8466
557,262,1,4.0,1,2.3466
557,263,2,4.0,1,2.5493
557,267,1,4.0,1,2.3466
557,268,1,5.0,1,2.8466
557,272,2,5.0,1,3.0493
557,275,1,5.0,1,2.8466
557,276,3,4.5,2,2.9431
557,277,2,4.5,2,2.7993
557,278,1,5.0,1,2.8466
557,280,2,5.0,2,3.0493
558,94,1,4.0,1,2.3466
558,141,1,5.0,1,2.8466
558,143,1,5.0,1,2.8466
558,155,1,4.0,1,2.3466
558,240,1,4.0,1,2.3466
558,247,2,4.0,1,2.5493
558,283,1,3.0,1,1.8466
558,284,2,5.0,1,3.0493
558,298,1,5.0,1,2.8466
559,83,3,4.0,1,2.6931
559,316,4,5.0,1,3.3047
559,325,1,5.0,1,2.8466
559,326,1,5.0,1,2.8466
559,330,3,4.0,1,2.6931
559,332,3,5.0,1,3.1931
560,27,2,4.5,2,2.7993
560,40,1,4.0,1,2.3466
560,53,1,5.0,1,2.8466
560,60,1,5.0,1,2.8466
560,161,1,3.0,1,1.8466
560,169,1,5.0,1,2.8466
560,174,2,5.0,1,3.0493
560,175,1,5.0,1,2.8466
560,178,1,3.0,1,1.8466
561,25,2,4.0,1,2.5493
561,30,2,5.0,1,3.0493
561,74,1,3.0,1,1.8466
561,83,2,5.0,1,3.0493
561,171,1,4.0,1,2.3466
561,241,2,3.0,1,2.0493
561,337,1,5.0,1,2.8466
562,1,1,5.0,1,2.8466
562,14,2,5.0,1,3.0493
562,16,1,5.0,1,2.8466
562,17,3,5.0,1,3.1931
562,20,1,4.0,1,2.3466
562,69,2,4.0,1,2.5493
562,80,1,4.0,1,2.3466
562,141,2,5.0,1,3.0493
562,156,1,4.0,1,2.3466
562,159,1,5.0,1,2.8466
562,197,1,5.0,1,2.8466
562,230,1,4.0,1,2.3466
562,306,1,4.0,1,2.3466
563,27,2,5.0,1,3.0493
563,66,2,4.0,1,2.5493
564,1,1,4.0,1,2.3466
564,2,1,5.0,1,2.8466
564,5,2,5.0,1,3.0493
564,35,2,4.0,1,2.5493
564,68,2,4.0,1,2.5493
564,69,1,5.0,1,2.8466
564,73,2,5.0,1,3.0493
564,76,2,4.0,1,2.5493
564,206,1,5.0,1,2.8466
564,241,1,5.0,1,2.8466
564,273,1,3.0,1,1.8466
564,300,1,5.0,1,2.8466
564,306,1,5.0,1,2.8466
564,311,1,5.0,1,2.8466
564,321,1,5.0,1,2.8466
565,1,2,5.0,1,3.0493
565,7,3,5.0,1,3.1931
565,9,2,5.0,1,3.0493
565,11,1,4.0,1,2.3466
565,48,1,5.0,1,2.8466
565,78,2,5.0,1,3.0493
565,184,2,5.0,1,3.0493
565,341,3,5.0,1,3.1931
565,343,2,4.0,1,2.5493
565,344,1,5.0,1,2.8466
566,90,1,5.0,1,2.8466
566,93,1,4.0,1,2.3466
566,173,1,4.0,1,2.3466
566,177,2,3.0,1,2.0493
566,180,1,4.0,1,2.3466
566,203,1,4.0,1,2.3466
566,222,1,5.0,1,2.8466
567,26,1,4.0,1,2.3466
567,53,2,3.0,1,2.0493
567,71,2,5.0,1,3.0493
567,93,3,3.0,1,2.1931
567,190,2,4.0,1,2.5493
567,263,1,3.0,1,1.8466
567,267,3,4.0,1,2.6931
567,280,2,5.0,1,3.0493
568,110,1,5.0,1,2.8466
568,115,1,5.0,1,2.8466
568,129,2,5.0,1,3.0493
568,216,3,4.0,1,2.6931
568,252,2,5.0,1,3.0493
568,256,6,4.0,2,2.973
568,344,2,4.0,1,2.5493
569,292,1,3.0,1,1.8466
569,299,1,5.0,1,2.8466
569,301,3,5.0,1,3.1931
569,303,1,5.0,1,2.8466
569,332,2,5.0,1,3.0493
569,334,3,5.0,1,3.1931
570,31,1,5.0,1,2.8466
570,33,1,4.0,1,2.3466
570,36,1,4.0,1,2.3466
570,38,1,3.0,1,1.8466
570,52,1,5.0,1,2.8466
570,84,2,5.0,1,3.0493
570,87,2,4.5,2,2.7993
570,107,1,5.0,1,2.8466
570,172,1,5.0,1,2.8466
570,222,1,5.0,1,2.8466
570,235,1,5.0,1,2.8466
570,280,2,5.0,1,3.0493
570,294,1,4.0,1,2.3466
570,333,1,4.0,1,2.3466
571,123,2,3.5,2,2.2993
571,125,1,5.0,1,2.8466
571,137,2,4.0,1,2.5493
571,138,1,5.0,1,2.8466
571,159,1,4.0,1,2.3466
571,210,1,4.0,1,2.3466
571,264,1,3.0,1,1.8466
571,266,2,5.0,1,3.0493
571,267,1,5.0,1,2.8466
571,269,2,4.0,1,2.5493
571,276,1,4.0,1,2.3466
572,36,3,5.0,1,3.1931
572,45,3,5.0,1,3.1931
572,71,1,3.0,1,1.8466
572,169,2,5.0,1,3.0493
572,186,2,4.0,1,2.5493
572,195,3,4.0,1,2.6931
572,201,2,3.0,1,2.0493
572,267,1,4.0,1,2.3466
573,107,2,4.0,1,2.5493
573,108,1,4.0,1,2.3466
573,117,3,5.0,1,3.1931
573,196,1,3.0,1,1.8466
573,245,1,5.0,1,2.8466
573,247,1,3.0,1,1.8466
573,252,1,5.0,1,2.8466
573,254,2,5.0,1,3.0493
573,297,2,5.0,1,3.0493
574,37,1,3.0,1,1.8466
574,128,2,3.0,1,2.0493
574,130,1,4.0,1,2.3466
574,138,1,4.0,1,2.3466
574,178,2,5.0,1,3.0493
574,192,2,5.0,1,3.0493
574,201,2,3.0,1,2.0493
574,263,3,5.0,1,3.1931
574,305,1,4.0,1,2.3466
575,31,1,5.0,1,2.8466
575,43,1,5.0,1,2.8466
575,97,1,5.0,1,2.8466
575,99,1,4.0,1,2.3466
575,161,1,4.0,1,2.3466
575,223,2,4.0,1,2.5493
575,231,1,4.0,1,2.3466
575,236,1,5.0,1,2.8466
575,281,2,5.0,2,3.0493
575,283,2,5.0,1,3.0493
575,300,1,3.0,1,1.8466
575,304,1,3.0,1,1.8466
576,64,1,4.0,1,2.3466
576,69,3,4.0,1,2.6931
576,71,2,3.0,1,2.0493
576,76,1,5.0,1,2.8466
576,82,2,5.0,1,3.0493
576,85,1,5.0,1,2.8466
576,90,2,4.5,2,2.7993
576,201,1,4.0,1,2.3466
576,206,1,5.0,1,2.8466
576,218,3,3.0,1,2.1931
576,223,1,5.0,1,2.8466
576,229,3,4.0,1,2.6931
576,237,1,5.0,1,2.8466
576,254,2,4.0,1,2.5493
576,274,1,4.0,1,2.3466
576,288,1,4.0,1,2.3466
576,305,1,4.0,1,2.3466
577,68,2,4.0,1,2.5493
577,122,1,4.0,1,2.3466
577,259,1,4.0,1,2.3466
577,273,2,5.0,1,3.0493
577,274,2,4.0,1,2.5493
577,338,2,3.0,1,2.0493
578,90,2,4.0,1,2.5493
578,222,3,5.0,1,3.1931
578,224,4,4.0,1,2.8047
578,285,1,4.0,1,2.3466
580,45,3,5.0,1,3.1931
580,76,3,5.0,1,3.1931
580,186,2,5.0,2,3.0493
580,191,2,4.0,1,2.5493
580,193,4,3.5,2,2.5547
580,200,3,4.0,1,2.6931
580,220,1,5.0,1,2.8466
580,261,2,3.0,1,2.0493
580,308,1,4.0,1,2.3466
580,310,1,3.0,1,1.8466
581,4,1,4.0,1,2.3466
581,39,2,4.0,1,2.5493
581,131,3,4.0,1,2.6931
581,134,1,5.0,1,2.8466
581,140,1,5.0,1,2.8466
581,173,3,5.0,1,3.1931
581,176,3,5.0,1,3.1931
581,212,2,5.0,1,3.0493
581,270,2,4.0,1,2.5493
581,271,1,4.0,1,2.3466
581,313,1,3.0,1,1.8466
581,331,1,3.0,1,1.8466
582,26,3,4.0,1,2.6931
582,38,1,5.0,1,2.8466
582,294,3,5.0,1,3.1931
582,295,1,5.0,1,2.8466
583,144,1,5.0,1,2.8466
583,157,2,3.0,1,2.0493
583,161,1,3.0,1,1.8466
583,284,2,3.0,1,2.0493
583,286,4,4.0,1,2.8047
583,312,2,4.0,1,2.5493
583,315,2,4.0,1,2.5493
583,330,1,5.0,1,2.8466
584,95,1,4.0,1,2.3466
584,113,1,5.0,1,2.8466
584,116,1,5.0,1,2.8466
584,118,1,5.0,1,2.8466
584,212,2,3.0,1,2.0493
584,234,1,3.0,1,1.8466
584,242,2,5.0,1,3.0493
584,275,2,5.0,1,3.0493
585,25,1,5.0,1,2.8466
585,32,2,4.0,1,2.5493
585,34,1,3.0,1,1.8466
585,42,1,3.0,1,1.8466
585,121,2,5.0,1,3.0493
585,151,1,4.0,1,2.3466
585,167,1,4.0,1,2.3466
585,171,2,4.0,1,2.5493
585,176,1,5.0,1,2.8466
585,178,2,4.0,1,2.5493
585,194,1,3.0,1,1.8466
585,279,1,5.0,1,2.8466
585,303,1,4.0,1,2.3466
586,32,3,3.0,1,2.1931
586,106,3,5.0,1,3.1931
586,108,1,4.0,1,2.3466
586,214,2,5.0,1,3.0493
586,232,2,5.0,1,3.0493
586,254,4,5.0,1,3.3047
586,281,2,5.0,1,3.0493
586,283,2,5.0,1,3.0493
586,286,1,5.0,1,2.8466
586,296,3,4.0,1,2.6931
586,304,1,5.0,1,2.8466
587,138,2,4.0,1,2.5493
587,240,1,4.0,1,2.3466
587,282,1,5.0,1,2.8466
587,288,1,5.0,1,2.8466
587,289,1,4.0,1,2.3466
587,294,2,4.0,1,2.5493
587,299,1,5.0,1,2.8466
587,302,2,3.0,1,2.0493
587,348,2,5.0,1,3.0493
588,103,1,5.0,1,2.8466
588,104,1,5.0,1,2.8466
588,109,2,4.0,1,2.5493
588,115,3,5.0,1,3.1931
588,117,2,4.0,1,2.5493
588,118,2,4.0,1,2.5493
588,120,3,4.0,1,2.6931
588,192,2,5.0,1,3.0493
588,211,1,4.0,1,2.3466
588,245,1,5.0,1,2.8466
588,248,2,4.0,1,2.5493
588,255,2,5.0,1,3.0493
588,258,1,5.0,1,2.8466
589,214,1,4.0,1,2.3466
590,50,1,5.0,1,2.8466
590,182,2,4.0,1,2.5493
591,121,1,4.0,1,2.3466
591,125,1,4.0,1,2.3466
591,133,1,4.0,1,2.3466
591,136,1,4.0,1,2.3466
591,270,1,5.0,1,2.8466
591,277,1,5.0,1,2.8466
592,180,1,3.0,1,1.8466
592,281,2,4.0,2,2.5493
592,283,5,3.7,3,2.7459
592,286,1,5.0,1,2.8466
592,287,1,4.0,1,2.3466
592,288,1,5.0,1,2.8466
592,289,2,4.5,1,2.7993
592,290,1,3.0,1,1.8466
592,292,1,5.0,1,2.8466
592,293,1,5.0,1,2.8466
592,295,1,3.0,1,1.8466
592,296,3,5.0,1,3.1931
592,300,2,4.0,1,2.5493
592,302,5,4.5,2,3.1459
592,304,1,4.0,1,2.3466
593,27,1,5.0,1,2.8466
593,78,2,3.0,1,2.0493
593,254,2,4.0,1,2.5493
593,331,1,5.0,1,2.8466
593,333,2,5.0,1,3.0493
593,334,1,4.0,1,2.3466
593,335,2,4.5,2,2.7993
593,339,1,4.0,1,2.3466
593,340,1,5.0,1,2.8466
593,341,1,5.0,1,2.8466
593,345,3,4.7,2,3.0431
593,346,2,5.0,1,3.0493
593,350,1,4.0,1,2.3466
594,66,1,5.0,1,2.8466
594,107,3,5.0,1,3.1931
594,113,2,4.0,1,2.5493
594,115,2,5.0,1,3.0493
594,184,2,5.0,1,3.0493
594,256,2,5.0,1,3.0493
594,306,1,5.0,1,2.8466
594,309,2,5.0,2,3.0493
594,318,1,5.0,1,2.8466
594,322,2,5.0,1,3.0493
594,326,3,4.0,1,2.6931
596,36,2,4.0,1,2.5493
596,193,1,5.0,1,2.8466
596,194,3,4.0,2,2.6931
596,261,2,5.0,1,3.0493
596,266,3,5.0,1,3.1931
596,278,5,4.0,2,2.8959
596,336,1,5.0,1,2.8466
597,26,1,3.0,1,1.8466
597,94,1,3.0,1,1.8466
597,105,1,4.0,1,2.3466
597,122,2,4.0,1,2.5493
597,162,1,4.0,1,2.3466
597,253,2,4.0,1,2.5493
597,293,1,4.0,1,2.3466
597,306,1,4.0,1,2.3466
597,307,1,4.0,1,2.3466
597,308,1,5.0,1,2.8466
597,310,2,3.5,2,2.2993
597,311,2,4.0,1,2.5493
597,313,1,5.0,1,2.8466
597,314,2,4.0,2,2.5493
597,315,1,4.0,1,2.3466
597,321,1,4.0,1,2.3466
597,326,2,4.5,2,2.7993
597,328,3,4.5,2,2.9431
597,329,2,4.0,1,2.5493
597,330,1,5.0,1,2.8466
597,343,1,4.0,1,2.3466
598,6,3,4.0,1,2.6931
598,142,2,4.0,1,2.5493
598,143,2,5.0,1,3.0493
598,146,1,5.0,1,2.8466
598,149,3,4.0,1,2.6931
598,207,3,4.0,1,2.6931
598,282,3,3.0,1,2.1931
598,288,3,5.0,1,3.1931
598,289,3,5.0,1,3.1931
598,292,2,4.0,1,2.5493
598,296,5,3.5,2,2.6459
598,306,1,3.0,1,1.8466
599,14,1,3.0,1,1.8466
599,64,1,5.0,1,2.8466
599,94,1,5.0,1,2.8466
599,126,1,4.0,1,2.3466
599,129,1,4.0,1,2.3466
599,131,1,5.0,1,2.8466
599,261,1,5.0,1,2.8466
599,270,1,4.0,1,2.3466
599,286,1,5.0,1,2.8466
599,303,1,5.0,1,2.8466
599,314,1,4.0,1,2.3466
599,334,1,4.0,1,2.3466
599,336,1,5.0,1,2.8466
600,306,4,5.0,1,3.3047
600,310,1,5.0,1,2.8466
600,314,1,4.0,1,2.3466
600,315,1,5.0,1,2.8466
600,323,2,5.0,1,3.0493
601,90,2,5.0,1,3.0493
601,100,2,5.0,1,3.0493
601,174,3,4.0,1,2.6931
601,177,2,3.0,1,2.0493
601,231,2,4.0,1,2.5493
601,331,2,5.0,1,3.0493
601,350,2,5.0,1,3.0493
602,127,2,4.0,1,2.5493
602,137,3,4.0,1,2.6931
602,138,1,5.0,1,2.8466
602,139,2,4.0,1,2.5493
602,140,1,4.0,1,2.3466
602,264,2,5.0,1,3.0493
602,268,5,4.5,2,3.1459
602,271,3,5.0,1,3.1931
602,272,6,5.0,2,3.473
602,273,2,4.0,1,2.5493
602,276,2,5.0,1,3.0493
602,277,1,5.0,1,2.8466
602,278,2,4.0,1,2.5493
602,279,4,5.0,1,3.3047
602,280,3,5.0,1,3.1931
603,30,1,5.0,1,2.8466
603,35,1,5.0,1,2.8466
603,176,1,5.0,1,2.8466
603,286,1,5.0,1,2.8466
604,2,2,5.0,1,3.0493
604,48,2,4.0,1,2.5493
604,54,1,3.0,1,1.8466
604,109,3,3.0,1,2.1931
604,124,2,4.0,1,2.5493
604,134,4,4.0,1,2.8047
604,135,3,4.0,1,2.6931
604,198,2,5.0,1,3.0493
604,246,2,4.0,1,2.5493
604,266,6,5.0,2,3.473
604,267,4,4.0,1,2.8047
604,274,2,5.0,1,3.0493
605,103,5,3.5,1,2.6459
605,104,1,4.0,1,2.3466
605,106,2,5.0,1,3.0493
605,107,2,5.0,1,3.0493
605,158,1,5.0,1,2.8466
605,242,1,3.0,1,1.8466
605,289,1,4.0,1,2.3466
605,304,1,5.0,1,2.8466
606,30,1,5.0,1,2.8466
606,52,1,5.0,1,2.8466
606,57,2,5.0,1,3.0493
606,68,1,5.0,1,2.8466
606,183,4,5.0,1,3.3047
606,188,3,5.0,1,3.1931
606,194,3,5.0,1,3.1931
606,200,1,5.0,1,2.8466
606,251,1,5.0,1,2.8466
607,40,1,5.0,1,2.8466
607,41,3,3.0,1,2.1931
607,42,2,5.0,1,3.0493
607,48,6,3.5,2,2.723
607,50,2,3.0,1,2.0493
607,54,1,5.0,1,2.8466
607,56,3,4.0,1,2.6931
607,59,4,3.0,1,2.3047
607,60,2,4.0,1,2.5493
607,82,2,3.0,1,2.0493
607,185,3,4.0,1,2.6931
607,186,1,3.0,1,1.8466
607,190,2,4.0,1,2.5493
607,191,3,5.0,1,3.1931
607,196,3,4.0,1,2.6931
607,198,2,5.0,1,3.0493
607,313,2,5.0,1,3.0493
608,115,2,5.0,1,3.0493
608,126,1,5.0,1,2.8466
608,130,1,4.0,1,2.3466
608,134,1,5.0,1,2.8466
608,276,1,4.0,1,2.3466
608,336,2,5.0,1,3.0493
608,337,1,4.0,1,2.3466
608,339,2,5.0,1,3.0493
608,344,2,5.0,1,3.0493
609,101,1,5.0,1,2.8466
609,103,2,5.0,1,3.0493
609,120,3,5.0,1,3.1931
609,134,1,4.0,1,2.3466
609,169,3,4.0,1,2.6931
609,185,1,5.0,1,2.8466
609,243,2,5.0,1,3.0493
609,248,1,4.0,1,2.3466
609,255,3,5.0,2,3.1931
609,269,3,5.0,1,3.1931
609,276,3,5.0,1,3.1931
609,283,1,5.0,1,2.8466
609,287,4,4.5,2,3.0547
609,288,1,5.0,1,2.8466
609,291,1,4.0,1,2.3466
609,292,3,5.0,1,3.1931
610,25,1,5.0,1,2.8466
610,26,1,5.0,1,2.8466
610,31,1,4.0,1,2.3466
610,40,1,5.0,1,2.8466
610,65,1,3.0,1,1.8466
610,167,2,4.0,1,2.5493
610,170,1,4.0,1,2.3466
610,171,1,5.0,1,2.8466
610,215,2,5.0,1,3.0493
610,229,1,3.0,1,1.8466
610,241,1,5.0,1,2.8466
610,252,2,4.0,1,2.5493
611,26,1,4.0,1,2.3466
611,115,2,5.0,1,3.0493
611,244,3,4.0,1,2.6931
611,252,3,5.0,1,3.1931
611,259,2,5.0,2,3.0493
611,260,1,4.0,1,2.3466
611,286,3,3.0,1,2.1931
611,324,1,5.0,1,2.8466
611,330,2,4.0,1,2.5493
612,4,3,5.0,1,3.1931
612,8,2,5.0,1,3.0493
612,15,1,3.0,1,1.8466
612,18,2,5.0,1,3.0493
612,119,3,4.0,1,2.6931
612,144,5,5.0,2,3.3959
612,145,2,5.0,1,3.0493
612,148,2,5.0,1,3.0493
612,157,3,3.0,1,2.1931
612,159,1,5.0,1,2.8466
612,175,2,4.0,1,2.5493
612,298,3,5.0,1,3.1931
613,1,1,4.0,1,2.3466
613,6,1,4.0,1,2.3466
613,19,4,5.0,1,3.3047
613,47,3,4.0,1,2.6931
613,131,1,4.0,1,2.3466
613,142,1,4.0,1,2.3466
613,149,1,5.0,1,2.8466
613,150,1,5.0,1,2.8466
613,159,1,4.0,1,2.3466
613,196,2,5.0,1,3.0493
613,223,1,4.0,1,2.3466
613,259,2,5.0,1,3.0493
613,284,2,5.0,1,3.0493
613,292,4,4.0,1,2.8047
613,301,3,5.0,1,3.1931
613,302,4,5.0,1,3.3047
614,31,1,5.0,1,2.8466
614,34,1,4.0,1,2.3466
614,107,2,4.5,1,2.7993
614,116,1,4.0,1,2.3466
614,248,1,4.0,1,2.3466
614,249,1,5.0,1,2.8466
614,263,1,5.0,1,2.8466
614,323,1,4.0,1,2.3466
614,350,1,5.0,1,2.8466
615,61,1,4.0,1,2.3466
615,69,1,5.0,1,2.8466
615,124,1,5.0,1,2.8466
615,137,1,4.0,1,2.3466
615,201,2,5.0,1,3.0493
615,211,1,3.0,1,1.8466
615,212,2,5.0,1,3.0493
615,215,2,5.0,1,3.0493
615,218,2,5.0,2,3.0493
615,219,1,4.0,1,2.3466
615,223,1,4.0,1,2.3466
615,269,2,5.0,1,3.0493
615,302,1,5.0,1,2.8466
616,166,1,5.0,1,2.8466
616,213,1,4.0,1,2.3466
616,240,1,3.0,1,1.8466
616,269,1,3.0,1,1.8466
616,309,1,3.0,1,1.8466
616,311,1,3.0,1,1.8466
616,314,1,5.0,1,2.8466
616,321,1,3.0,1,1.8466
616,322,1,3.0,1,1.8466
616,324,1,5.0,1,2.8466
617,82,1,4.0,1,2.3466
617,161,2,3.5,2,2.2993
617,175,3,4.0,2,2.6931
617,193,1,4.0,1,2.3466
617,248,1,3.0,1,1.8466
617,253,1,4.0,1,2.3466
617,284,1,4.0,1,2.3466
617,285,1,5.0,1,2.8466
617,295,1,5.0,1,2.8466
617,301,1,4.0,1,2.3466
617,315,1,4.0,1,2.3466
617,343,1,3.0,1,1.8466
618,55,4,3.0,1,2.3047
618,58,2,5.0,1,3.0493
618,126,2,4.0,1,2.5493
618,132,2,5.0,1,3.0493
618,136,2,4.0,1,2.5493
618,202,3,4.0,1,2.6931
619,46,1,4.0,1,2.3466
619,60,2,5.0,1,3.0493
619,112,1,5.0,1,2.8466
619,116,3,5.0,1,3.1931
619,182,2,5.0,1,3.0493
619,187,2,4.0,1,2.5493
619,189,3,4.0,1,2.6931
619,241,1,5.0,1,2.8466
619,249,2,3.0,1,2.0493
620,16,2,3.0,1,2.0493
620,21,4,4.0,1,2.8047
620,24,2,5.0,1,3.0493
620,25,2,4.0,1,2.5493
620,27,2,4.0,1,2.5493
620,29,2,3.0,1,2.0493
620,32,3,3.0,1,2.1931
620,165,1,5.0,1,2.8466
620,168,2,3.0,1,2.0493
620,172,2,5.0,1,3.0493
620,173,3,4.0,1,2.6931
620,179,3,5.0,1,3.1931
620,260,1,3.0,1,1.8466
620,266,2,3.0,1,2.0493
620,305,2,5.0,1,3.0493
621,44,2,4.0,1,2.5493
621,45,1,5.0,1,2.8466
621,63,1,5.0,1,2.8466
621,76,1,5.0,1,2.8466
621,175,1,4.0,1,2.3466
621,185,1,5.0,1,2.8466
621,190,1,5.0,1,2.8466
621,197,1,5.0,1,2.8466
621,207,1,5.0,1,2.8466
621,212,1,5.0,1,2.8466
621,216,2,4.0,1,2.5493
621,217,2,4.0,2,2.5493
621,306,1,5.0,1,2.8466
621,334,1,4.0,1,2.3466
622,13,3,5.0,1,3.1931
622,31,1,3.0,1,1.8466
622,61,2,4.0,1,2.5493
622,70,1,3.0,1,1.8466
622,95,2,5.0,1,3.0493
622,149,2,5.0,1,3.0493
622,152,3,5.0,1,3.1931
622,178,2,3.0,1,2.0493
622,204,2,5.0,1,3.0493
622,211,3,5.0,1,3.1931
622,234,3,5.0,1,3.1931
622,238,3,5.0,1,3.1931
622,277,3,4.0,1,2.6931
623,109,1,4.0,1,2.3466
623,283,4,4.5,2,3.0547
623,288,1,5.0,1,2.8466
623,290,1,3.0,1,1.8466
623,293,2,4.0,1,2.5493
623,295,2,4.0,2,2.5493
623,296,2,4.0,1,2.5493
623,299,4,4.7,3,3.1547
623,300,2,4.0,1,2.5493
623,305,1,4.0,1,2.3466
624,104,2,4.0,1,2.5493
624,159,2,5.0,1,3.0493
624,246,1,3.0,1,1.8466
624,250,1,3.0,1,1.8466
625,294,1,3.0,1,1.8466
625,298,2,4.0,1,2.5493
626,8,2,4.0,1,2.5493
626,82,2,5.0,1,3.0493
626,91,1,5.0,1,2.8466
626,96,1,4.0,1,2.3466
626,228,2,5.0,1,3.0493
626,231,1,4.0,1,2.3466
626,232,2,4.0,1,2.5493
626,239,1,4.0,1,2.3466
626,281,2,4.0,1,2.5493
626,315,4,4.5,2,3.0547
626,316,2,5.0,1,3.0493
626,318,1,5.0,1,2.8466
626,324,2,4.0,1,2.5493
626,325,2,5.0,1,3.0493
627,19,1,3.0,1,1.8466
627,57,1,4.0,1,2.3466
627,89,1,5.0,1,2.8466
627,146,1,4.0,1,2.3466
627,186,1,4.0,1,2.3466
627,188,2,5.0,1,3.0493
627,205,1,4.0,1,2.3466
627,236,2,4.0,1,2.5493
627,251,1,4.0,1,2.3466
627,266,1,4.0,1,2.3466
627,288,1,3.0,1,1.8466
627,310,1,4.0,1,2.3466
627,312,2,4.0,1,2.5493
627,313,1,5.0,1,2.8466
627,323,2,4.0,1,2.5493
628,31,2,4.0,1,2.5493
628,38,1,4.0,1,2.3466
628,39,2,4.0,1,2.5493
628,69,1,4.0,1,2.3466
628,73,2,5.0,1,3.0493
628,123,3,4.0,1,2.6931
628,133,2,5.0,1,3.0493
628,135,2,4.0,1,2.5493
628,139,3,5.0,1,3.1931
628,140,1,5.0,1,2.8466
628,153,2,5.0,1,3.0493
628,165,3,5.0,1,3.1931
628,169,2,5.0,1,3.0493
628,176,3,4.0,2,2.6931
628,208,2,3.0,1,2.0493
628,261,3,5.0,2,3.1931
628,273,1,5.0,1,2.8466
628,276,2,4.0,1,2.5493
628,325,1,5.0,1,2.8466
629,159,1,5.0,1,2.8466
629,164,1,3.0,1,1.8466
629,284,1,4.0,1,2.3466
629,291,3,5.0,1,3.1931
629,295,1,5.0,1,2.8466
630,43,2,5.0,1,3.0493
630,61,1,5.0,1,2.8466
630,288,1,3.0,1,1.8466
631,1,1,4.0,1,2.3466
631,45,1,5.0,1,2.8466
631,47,3,5.0,1,3.1931
631,49,3,5.0,1,3.1931
631,53,4,5.0,2,3.3047
631,59,1,5.0,1,2.8466
631,101,1,4.0,1,2.3466
631,141,1,5.0,1,2.8466
631,166,1,5.0,1,2.8466
631,181,1,5.0,1,2.8466
631,185,1,5.0,1,2.8466
631,191,2,4.0,1,2.5493
631,252,1,4.0,1,2.3466
631,263,3,5.0,1,3.1931
632,234,2,5.0,1,3.0493
632,311,1,5.0,1,2.8466
632,313,3,5.0,1,3.1931
632,318,3,5.0,1,3.1931
632,324,1,5.0,1,2.8466
632,326,1,5.0,1,2.8466
632,329,1,5.0,1,2.8466
633,8,1,5.0,1,2.8466
633,10,1,4.0,1,2.3466
633,12,1,5.0,1,2.8466
633,14,4,3.5,1,2.5547
633,91,3,5.0,1,3.1931
633,118,1,4.0,1,2.3466
633,152,1,5.0,1,2.8466
633,155,2,5.0,1,3.0493
633,191,1,3.0,1,1.8466
633,239,1,4.0,1,2.3466
633,250,2,5.0,1,3.0493
633,285,2,5.0,1,3.0493
633,287,1,5.0,1,2.8466
633,290,2,4.0,1,2.5493
633,291,1,4.0,1,2.3466
633,292,1,5.0,1,2.8466
633,303,2,5.0,1,3.0493
633,304,1,3.0,1,1.8466
633,328,3,3.0,1,2.1931
634,10,1,5.0,1,2.8466
634,24,2,3.0,1,2.0493
634,38,1,4.0,1,2.3466
634,40,1,4.0,1,2.3466
634,54,1,5.0,1,2.8466
634,61,1,4.0,1,2.3466
634,140,1,5.0,1,2.8466
634,215,1,5.0,1,2.8466
634,224,1,3.0,1,1.8466
634,348,1,4.0,1,2.3466
635,63,2,5.0,1,3.0493
635,307,1,5.0,1,2.8466
635,308,3,5.0,2,3.1931
635,316,1,5.0,1,2.8466
635,321,1,3.0,1,1.8466
635,322,1,5.0,1,2.8466
635,326,1,5.0,1,2.8466
635,330,1,4.0,1,2.3466
635,331,1,3.0,1,1.8466
636,48,1,4.0,1,2.3466
636,260,3,3.0,1,2.1931
636,300,3,5.0,1,3.1931
636,333,1,4.0,1,2.3466
636,334,2,5.0,1,3.0493
636,348,1,4.0,1,2.3466
637,77,4,3.0,1,2.3047
637,124,3,5.0,1,3.1931
637,127,2,4.0,1,2.5493
637,265,1,5.0,1,2.8466
637,272,2,3.0,1,2.0493
637,288,2,3.0,1,2.0493
638,14,2,5.0,1,3.0493
638,117,2,4.0,1,2.5493
638,253,1,5.0,1,2.8466
639,61,2,4.0,1,2.5493
639,66,1,5.0,1,2.8466
639,206,2,4.0,1,2.5493
639,209,1,4.0,1,2.3466
639,313,3,5.0,1,3.1931
639,314,2,4.0,1,2.5493
639,320,2,5.0,1,3.0493
639,325,1,5.0,1,2.8466
639,328,2,4.0,1,2.5493
640,11,2,5.0,1,3.0493
640,68,3,4.0,1,2.6931
640,102,2,3.0,1,2.0493
640,108,1,4.0,1,2.3466
640,109,2,5.0,1,3.0493
640,141,1,5.0,1,2.8466
640,146,1,5.0,1,2.8466
640,152,3,3.0,1,2.1931
640,153,4,4.0,1,2.8047
640,160,3,5.0,1,3.1931
640,251,4,4.5,2,3.0547
640,256,2,3.0,1,2.0493
640,331,1,5.0,1,2.8466
640,336,1,5.0,1,2.8466
641,122,2,5.0,1,3.0493
641,123,1,3.0,1,1.8466
641,125,3,5.0,1,3.1931
641,126,1,5.0,1,2.8466
641,129,1,5.0,1,2.8466
641,132,3,5.0,1,3.1931
641,134,1,4.0,1,2.3466
641,140,3,4.0,1,2.6931
641,260,1,3.0,1,1.8466
641,265,1,5.0,1,2.8466
641,266,1,4.0,1,2.3466
641,277,2,4.0,1,2.5493
642,7,3,5.0,1,3.1931
642,306,4,4.5,1,3.0547
643,28,2,4.0,1,2.5493
643,37,1,5.0,1,2.8466
643,50,2,4.0,1,2.5493
643,56,1,4.0,1,2.3466
643,135,1,4.0,1,2.3466
643,160,2,3.0,1,2.0493
643,187,2,4.5,2,2.7993
643,190,1,4.0,1,2.3466
643,191,1,4.0,1,2.3466
643,271,1,5.0,1,2.8466
643,277,1,3.0,1,1.8466
643,279,1,5.0,1,2.8466
644,6,1,3.0,1,1.8466
644,76,1,4.0,1,2.3466
644,101,1,4.0,1,2.3466
644,110,2,4.0,1,2.5493
644,116,1,4.0,1,2.3466
644,139,1,5.0,1,2.8466
644,256,1,5.0,1,2.8466
644,267,1,5.0,1,2.8466
644,280,1,5.0,1,2.8466
645,49,1,4.0,1,2.3466
645,176,2,5.0,1,3.0493
645,183,1,4.0,1,2.3466
645,307,2,5.0,1,3.0493
646,44,1,5.0,1,2.8466
646,137,1,3.0,1,1.8466
646,281,2,4.5,2,2.7993
646,282,1,5.0,1,2.8466
646,290,1,4.0,1,2.3466
646,292,1,3.0,1,1.8466
646,297,1,5.0,1,2.8466
646,300,2,4.5,1,2.7993
646,303,1,4.0,1,2.3466
647,10,2,5.0,1,3.0493
647,67,2,5.0,1,3.0493
647,338,1,5.0,1,2.8466
647,339,1,5.0,1,2.8466
647,345,1,5.0,1,2.8466
647,347,1,5.0,1,2.8466
648,233,1,4.0,1,2.3466
649,2,1,4.0,1,2.3466
649,49,1,5.0,1,2.8466
649,52,1,5.0,1,2.8466
649,58,3,4.5,2,2.9431
649,59,1,5.0,1,2.8466
649,64,1,3.0,1,1.8466
649,72,1,4.0,1,2.3466
649,107,1,3.0,1,1.8466
649,141,1,5.0,1,2.8466
649,160,2,3.0,1,2.0493
649,186,1,5.0,1,2.8466
649,187,2,5.0,1,3.0493
649,193,1,5.0,1,2.8466
649,307,1,3.0,1,1.8466
650,38,2,4.0,1,2.5493
650,43,2,4.0,1,2.5493
650,60,1,5.0,1,2.8466
650,101,2,3.0,1,2.0493
650,174,1,4.0,1,2.3466
650,191,1,4.0,1,2.3466
650,245,1,4.0,1,2.3466
650,350,1,5.0,1,2.8466
651,42,1,4.0,1,2.3466
651,151,1,5.0,1,2.8466
651,185,1,4.0,1,2.3466
652,4,3,5.0,1,3.1931
652,10,1,4.0,1,2.3466
652,11,1,5.0,1,2.8466
652,12,2,5.0,1,3.0493
652,121,3,5.0,1,3.1931
652,130,1,5.0,1,2.8466
652,143,2,4.0,1,2.5493
652,159,1,4.0,1,2.3466
652,261,2,5.0,1,3.0493
652,271,1,4.0,1,2.3466
652,277,1,5.0,1,2.8466
652,280,2,4.0,1,2.5493
652,286,3,4.0,1,2.6931
652,290,1,4.0,1,2.3466
652,293,2,5.0,1,3.0493
652,297,1,5.0,1,2.8466
652,299,3,4.0,1,2.6931
652,304,2,5.0,1,3.0493
653,148,1,4.0,1,2.3466
653,171,2,3.0,1,2.0493
653,183,1,4.0,1,2.3466
653,194,1,3.0,1,1.8466
653,196,3,5.0,1,3.1931
653,321,2,3.0,1,2.0493
654,142,1,5.0,1,2.8466
654,161,1,5.0,1,2.8466
654,175,1,4.0,1,2.3466
655,4,2,4.0,1,2.5493
655,6,1,4.0,1,2.3466
655,9,1,5.0,1,2.8466
655,18,2,4.0,1,2.5493
655,131,1,4.0,1,2.3466
655,138,2,5.0,1,3.0493
655,140,2,3.0,1,2.0493
655,147,4,4.5,2,3.0547
655,156,1,4.0,1,2.3466
655,158,3,5.0,1,3.1931
655,182,3,3.0,1,2.1931
655,264,2,4.0,1,2.5493
655,306,4,4.0,2,2.8047
655,323,2,4.0,1,2.5493
656,57,1,3.0,1,1.8466
656,84,1,5.0,1,2.8466
656,91,2,5.0,1,3.0493
656,183,1,5.0,1,2.8466
656,191,2,4.0,1,2.5493
656,192,3,5.0,1,3.1931
656,336,3,4.0,1,2.6931
657,249,2,4.0,1,2.5493
657,286,1,5.0,1,2.8466
657,321,2,4.0,1,2.5493
657,330,2,5.0,1,3.0493
658,3,1,4.0,1,2.3466
658,8,2,5.0,1,3.0493
658,20,1,5.0,1,2.8466
658,74,1,4.0,1,2.3466
658,117,1,5.0,1,2.8466
658,125,1,4.0,1,2.3466
658,132,1,4.0,1,2.3466
658,160,1,4.0,1,2.3466
658,204,1,5.0,1,2.8466
658,264,1,5.0,1,2.8466
659,13,1,5.0,1,2.8466
659,14,2,4.0,1,2.5493
659,43,1,3.0,1,1.8466
659,148,1,4.0,1,2.3466
660,281,2,5.0,1,3.0493
660,290,2,4.0,1,2.5493
660,304,2,5.0,1,3.0493
661,66,3,4.0,1,2.6931
661,332,2,3.0,1,2.0493
661,340,1,3.0,1,1.8466
661,342,1,4.0,1,2.3466
661,349,1,4.0,1,2.3466
662,26,1,5.0,1,2.8466
662,42,1,4.0,1,2.3466
662,43,3,5.0,1,3.1931
662,44,1,5.0,1,2.8466
662,51,1,4.0,1,2.3466
662,53,4,5.0,1,3.3047
662,56,2,4.0,1,2.5493
662,63,1,3.0,1,1.8466
662,181,2,4.0,1,2.5493
662,182,1,4.0,1,2.3466
662,190,2,5.0,1,3.0493
662,199,2,5.0,1,3.0493
663,16,1,3.0,1,1.8466
663,23,3,3.0,1,2.1931
663,101,2,5.0,1,3.0493
663,102,2,5.0,1,3.0493
663,106,3,5.0,2,3.1931
663,107,3,4.0,1,2.6931
663,111,2,5.0,1,3.0493
663,112,1,5.0,1,2.8466
663,116,1,3.0,1,1.8466
663,120,2,3.0,1,2.0493
663,134,1,4.0,1,2.3466
663,243,1,4.0,1,2.3466
663,260,1,5.0,1,2.8466
663,286,2,3.0,1,2.0493
664,29,2,5.0,1,3.0493
664,54,1,4.0,1,2.3466
664,109,3,5.0,1,3.1931
664,113,3,4.0,1,2.6931
664,126,3,4.0,1,2.6931
664,255,2,4.0,1,2.5493
664,267,2,5.0,1,3.0493
664,280,1,5.0,1,2.8466
664,281,2,5.0,1,3.0493
664,287,2,5.0,1,3.0493
664,289,2,5.0,1,3.0493
664,295,2,4.0,1,2.5493
665,80,1,5.0,1,2.8466
665,136,3,4.0,1,2.6931
665,208,1,5.0,1,2.8466
665,271,1,4.0,1,2.3466
665,299,1,5.0,1,2.8466
665,334,2,5.0,1,3.0493
665,337,2,5.0,1,3.0493
665,338,1,3.0,1,1.8466
665,341,3,5.0,1,3.1931
665,348,2,5.0,1,3.0493
665,349,3,4.0,1,2.6931
665,350,2,5.0,1,3.0493
666,5,1,3.0,1,1.8466
666,19,2,4.0,1,2.5493
666,20,2,4.0,1,2.5493
666,86,1,3.0,1,1.8466
666,132,2,5.0,1,3.0493
666,146,1,4.0,1,2.3466
666,149,2,5.0,1,3.0493
666,175,2,4.0,1,2.5493
666,256,1,4.0,1,2.3466
666,264,3,5.0,1,3.1931
666,334,1,4.0,1,2.3466
666,341,2,4.0,1,2.5493
666,342,2,4.0,1,2.5493
666,345,2,5.0,1,3.0493
667,110,2,4.0,1,2.5493
667,281,2,4.0,1,2.5493
667,282,1,4.0,1,2.3466
667,290,2,4.0,1,2.5493
667,292,1,5.0,1,2.8466
667,293,1,4.0,1,2.3466
667,301,2,5.0,1,3.0493
667,302,1,4.0,1,2.3466
667,304,1,5.0,1,2.8466
667,344,1,5.0,1,2.8466
668,102,2,4.0,1,2.5493
668,113,1,3.0,1,1.8466
668,119,1,5.0,1,2.8466
668,123,1,4.0,1,2.3466
669,8,3,5.0,1,3.1931
669,11,1,5.0,1,2.8466
669,13,2,4.0,1,2.5493
669,15,2,4.0,1,2.5493
669,154,2,5.0,1,3.0493
669,158,1,5.0,1,2.8466
669,188,1,5.0,1,2.8466
669,345,2,4.0,1,2.5493
670,102,1,4.0,1,2.3466
671,52,4,4.0,1,2.8047
671,54,4,5.0,1,3.3047
671,191,4,5.0,1,3.3047
671,194,2,5.0,1,3.0493
671,212,4,5.0,1,3.3047
671,329,3,4.0,1,2.6931
672,22,2,4.0,1,2.5493
672,26,4,4.0,2,2.8047
672,28,1,5.0,1,2.8466
672,29,1,4.0,1,2.3466
672,32,1,4.0,1,2.3466
672,36,2,5.0,1,3.0493
672,39,2,5.0,1,3.0493
672,86,2,4.0,1,2.5493
672,174,3,3.0,1,2.1931
672,176,4,4.0,1,2.8047
672,178,1,5.0,1,2.8466
672,272,2,4.0,1,2.5493
673,83,3,3.0,1,2.1931
673,101,1,5.0,1,2.8466
673,115,2,4.0,1,2.5493
673,120,4,5.0,1,3.3047
673,247,1,5.0,1,2.8466
673,255,3,4.0,1,2.6931
673,257,1,3.0,1,1.8466
673,258,1,5.0,1,2.8466
674,158,1,5.0,1,2.8466
674,275,1,4.0,1,2.3466
675,84,1,3.0,1,1.8466
675,108,1,4.0,1,2.3466
675,132,1,3.0,1,1.8466
675,143,1,5.0,1,2.8466
675,234,1,5.0,1,2.8466
675,237,1,5.0,1,2.8466
675,310,1,4.0,1,2.3466
675,318,1,5.0,1,2.8466
675,324,1,5.0,1,2.8466
675,336,1,5.0,1,2.8466
675,341,2,5.0,1,3.0493
676,107,1,4.0,1,2.3466
676,108,1,5.0,1,2.8466
676,250,1,5.0,1,2.8466
676,255,1,5.0,1,2.8466
676,257,1,4.0,1,2.3466
676,260,1,3.0,1,1.8466
676,276,2,5.0,1,3.0493
677,6,1,4.0,1,2.3466
677,13,3,5.0,1,3.1931
677,154,1,5.0,1,2.8466
677,159,1,4.0,1,2.3466
677,213,1,3.0,1,1.8466
678,5,1,5.0,1,2.8466
678,102,2,3.0,1,2.0493
678,222,2,5.0,1,3.0493
678,231,1,5.0,1,2.8466
678,281,1,5.0,1,2.8466
678,282,1,4.0,1,2.3466
678,284,2,4.5,1,2.7993
678,338,2,5.0,1,3.0493
678,349,1,5.0,1,2.8466
678,350,1,5.0,1,2.8466
679,58,1,5.0,1,2.8466
679,214,1,4.0,1,2.3466
679,289,1,3.0,1,1.8466
679,290,2,3.0,1,2.0493
679,295,2,5.0,1,3.0493
679,296,1,4.0,1,2.3466
679,298,1,5.0,1,2.8466
679,300,3,5.0,1,3.1931
679,350,2,3.0,1,2.0493
680,6,1,5.0,1,2.8466
680,23,1,5.0,1,2.8466
680,30,1,5.0,1,2.8466
680,34,2,4.0,1,2.5493
680,36,1,5.0,1,2.8466
680,46,3,3.0,1,2.1931
680,52,2,3.0,1,2.0493
680,96,2,3.0,1,2.0493
680,162,2,5.0,1,3.0493
680,164,3,4.0,1,2.6931
680,174,3,5.0,1,3.1931
680,254,1,3.0,1,1.8466
681,1,4,5.0,1,3.3047
681,11,2,5.0,1,3.0493
681,13,2,4.0,1,2.5493
681,17,2,4.0,1,2.5493
681,48,4,5.0,1,3.3047
681,123,1,4.0,1,2.3466
681,128,6,4.0,2,2.973
681,140,1,5.0,1,2.8466
681,155,2,5.0,1,3.0493
681,169,2,4.0,1,2.5493
681,262,2,3.0,1,2.0493
681,264,2,5.0,1,3.0493
681,274,1,5.0,1,2.8466
681,311,1,5.0,1,2.8466
682,22,1,3.0,1,1.8466
682,116,1,5.0,1,2.8466
682,123,1,4.0,1,2.3466
682,125,2,4.0,1,2.5493
682,277,2,4.0,1,2.5493
682,280,2,5.0,1,3.0493
682,300,1,5.0,1,2.8466
682,332,1,4.0,1,2.3466
683,21,1,3.0,1,1.8466
683,23,5,5.0,2,3.3959
683,26,1,3.0,1,1.8466
683,28,1,4.0,1,2.3466
683,35,2,5.0,1,3.0493
683,37,3,5.0,1,3.1931
683,153,2,4.0,1,2.5493
683,165,1,5.0,1,2.8466
683,178,2,4.0,1,2.5493
683,180,1,5.0,1,2.8466
683,242,2,4.0,1,2.5493
683,314,1,5.0,1,2.8466
684,86,1,3.0,1,1.8466
684,122,2,4.0,1,2.5493
684,262,1,3.0,1,1.8466
684,266,2,4.0,1,2.5493
685,23,3,5.0,1,3.1931
685,106,3,5.0,1,3.1931
685,250,1,3.0,1,1.8466
686,7,1,4.0,1,2.3466
686,64,3,5.0,1,3.1931
686,193,1,5.0,1,2.8466
686,332,1,5.0,1,2.8466
686,335,3,4.0,1,2.6931
686,337,2,3.0,1,2.0493
686,338,2,5.0,1,3.0493
686,339,5,5.0,2,3.3959
686,340,7,4.0,2,3.0397
686,342,7,4.5,2,3.2897
686,348,2,4.0,1,2.5493
686,349,5,4.0,2,2.8959
686,350,2,5.0,1,3.0493
687,32,1,4.0,1,2.3466
687,85,1,4.0,1,2.3466
687,174,1,5.0,1,2.8466
687,208,3,5.0,1,3.1931
687,336,1,4.0,1,2.3466
688,6,2,4.0,1,2.5493
688,17,1,5.0,1,2.8466
688,95,1,4.0,1,2.3466
688,171,1,4.0,1,2.3466
688,255,2,5.0,1,3.0493
688,288,2,5.0,1,3.0493
688,290,2,5.0,1,3.0493
688,291,1,4.0,1,2.3466
688,303,2,5.0,1,3.0493
689,30,3,4.0,1,2.6931
689,112,3,3.0,1,2.1931
689,210,3,5.0,1,3.1931
689,217,3,5.0,1,3.1931
689,348,1,5.0,1,2.8466
690,87,1,5.0,1,2.8466
690,97,1,5.0,1,2.8466
690,100,3,5.0,1,3.1931
690,223,1,5.0,1,2.8466
690,224,1,5.0,1,2.8466
690,229,2,5.0,1,3.0493
690,234,2,4.0,1,2.5493
690,236,3,5.0,1,3.1931
690,239,2,5.0,1,3.0493
690,320,3,5.0,1,3.1931
690,335,1,5.0,1,2.8466
690,346,2,4.0,1,2.5493
690,349,4,4.0,2,2.8047
692,24,2,3.0,1,2.0493
692,108,1,4.0,1,2.3466
692,112,1,5.0,1,2.8466
692,116,2,4.0,1,2.5493
692,185,1,5.0,1,2.8466
692,189,1,4.0,1,2.3466
692,219,3,3.0,1,2.1931
692,298,3,4.0,1,2.6931
692,301,2,5.0,1,3.0493
692,303,4,4.0,1,2.8047
692,304,4,4.0,1,2.8047
692,311,3,5.0,1,3.1931
692,314,4,4.5,2,3.0547
692,315,6,4.0,2,2.973
692,318,1,4.0,1,2.3466
692,330,4,5.0,1,3.3047
693,34,3,5.0,1,3.1931
693,46,1,5.0,1,2.8466
693,60,1,5.0,1,2.8466
693,75,3,3.0,1,2.1931
693,182,2,5.0,1,3.0493
693,332,2,5.0,1,3.0493
693,336,3,4.0,1,2.6931
693,339,2,5.0,1,3.0493
693,344,2,5.0,1,3.0493
694,3,2,5.0,1,3.0493
694,64,1,4.0,1,2.3466
694,65,2,5.0,1,3.0493
694,73,2,4.0,1,2.5493
694,99,2,4.0,1,2.5493
694,162,1,4.0,1,2.3466
694,213,2,5.0,1,3.0493
694,254,2,5.0,1,3.0493
694,259,1,5.0,1,2.8466
694,269,3,5.0,1,3.1931
695,3,1,5.0,1,2.8466
695,283,1,5.0,1,2.8466
695,286,1,5.0,1,2.8466
695,287,2,5.0,1,3.0493
695,288,1,4.0,1,2.3466
695,291,2,5.0,1,3.0493
695,292,3,4.0,1,2.6931
695,294,3,4.0,1,2.6931
695,295,1,5.0,1,2.8466
695,331,2,4.0,2,2.5493
695,336,2,4.0,1,2.5493
695,337,2,5.0,1,3.0493
695,340,2,4.0,1,2.5493
695,344,3,5.0,1,3.1931
695,348,1,5.0,1,2.8466
695,349,2,5.0,1,3.0493
696,11,2,4.0,1,2.5493
696,20,1,5.0,1,2.8466
696,91,1,4.0,1,2.3466
696,93,2,5.0,1,3.0493
696,143,1,5.0,1,2.8466
696,149,1,5.0,1,2.8466
696,152,1,5.0,1,2.8466
696,153,1,5.0,1,2.8466
696,161,1,4.0,1,2.3466
696,164,2,4.0,1,2.5493
696,165,1,5.0,1,2.8466
696,173,1,5.0,1,2.8466
696,178,1,4.0,1,2.3466
696,222,2,5.0,1,3.0493
696,225,1,5.0,1,2.8466
696,238,1,5.0,1,2.8466
696,342,1,3.0,1,1.8466
697,13,1,5.0,1,2.8466
697,67,2,5.0,1,3.0493
697,80,2,4.0,1,2.5493
697,87,2,4.0,1,2.5493
697,111,3,4.0,1,2.6931
697,157,1,5.0,1,2.8466
697,206,2,5.0,1,3.0493
697,211,2,5.0,1,3.0493
697,214,1,4.0,1,2.3466
697,232,3,3.0,1,2.1931
697,240,1,4.0,1,2.3466
697,331,1,4.0,1,2.3466
697,335,1,4.0,1,2.3466
697,336,2,4.0,1,2.5493
697,338,3,5.0,1,3.1931
697,343,2,5.0,1,3.0493
698,43,1,5.0,1,2.8466
698,58,1,5.0,1,2.8466
698,193,1,5.0,1,2.8466
698,197,1,5.0,1,2.8466
698,311,2,5.0,1,3.0493
698,330,2,4.0,1,2.5493
698,340,2,5.0,1,3.0493
699,26,1,4.0,1,2.3466
699,100,1,5.0,1,2.8466
699,131,1,5.0,1,2.8466
699,199,2,3.0,1,2.0493
699,229,1,5.0,1,2.8466
699,250,1,5.0,1,2.8466
699,261,2,4.0,1,2.5493
699,264,2,5.0,1,3.0493
699,274,1,5.0,1,2.8466
699,307,1,3.0,1,1.8466
699,315,1,5.0,1,2.8466
699,330,2,5.0,1,3.0493
700,12,4,4.0,1,2.8047
700,37,2,5.0,1,3.0493
700,155,2,4.0,1,2.5493
700,162,2,3.0,1,2.0493
700,241,3,5.0,1,3.1931
700,340,2,4.5,1,2.7993
700,347,3,4.0,2,2.6931
700,350,2,4.0,1,2.5493
701,85,1,5.0,1,2.8466
701,100,1,4.0,1,2.3466
701,232,1,3.0,1,1.8466
701,319,1,3.0,1,1.8466
701,327,1,5.0,1,2.8466
701,340,1,3.0,1,1.8466
701,349,1,5.0,1,2.8466
702,29,2,5.0,1,3.0493
702,68,3,5.0,1,3.1931
702,72,1,5.0,1,2.8466
702,75,3,4.5,2,2.9431
702,82,3,5.0,1,3.1931
702,95,2,5.0,1,3.0493
702,99,4,5.0,1,3.3047
702,105,3,4.0,1,2.6931
702,154,1,3.0,1,1.8466
702,216,1,5.0,1,2.8466
702,225,2,5.0,1,3.0493
702,237,1,4.0,1,2.3466
702,290,1,3.0,1,1.8466
703,54,1,5.0,1,2.8466
703,117,2,4.0,1,2.5493
703,132,3,3.0,1,2.1931
703,199,3,5.0,1,3.1931
703,257,3,4.5,2,2.9431
703,270,1,5.0,1,2.8466
703,272,4,4.3,3,2.9547
703,274,1,5.0,1,2.8466
703,326,2,3.0,1,2.0493
704,12,1,5.0,1,2.8466
704,107,2,3.0,1,2.0493
704,133,1,4.0,1,2.3466
704,144,2,5.0,1,3.0493
704,183,1,4.0,1,2.3466
704,252,1,5.0,1,2.8466
705,46,2,5.0,1,3.0493
705,53,2,5.0,1,3.0493
705,96,1,5.0,1,2.8466
705,129,1,4.0,1,2.3466
705,182,2,5.0,1,3.0493
705,184,1,4.0,1,2.3466
705,185,1,5.0,1,2.8466
705,186,1,4.0,1,2.3466
705,190,3,5.0,1,3.1931
705,228,1,5.0,1,2.8466
705,229,3,4.0,1,2.6931
705,271,1,4.0,1,2.3466
705,302,2,5.0,1,3.0493
706,119,1,4.0,1,2.3466
706,249,2,4.0,1,2.5493
707,8,2,3.0,1,2.0493
707,22,1,4.0,1,2.3466
707,96,1,5.0,1,2.8466
707,255,1,4.0,1,2.3466
707,290,1,3.0,1,1.8466
708,32,1,5.0,1,2.8466
708,164,1,4.0,1,2.3466
708,283,1,5.0,1,2.8466
708,284,2,5.0,1,3.0493
708,303,1,5.0,1,2.8466
708,304,1,5.0,1,2.8466
708,331,2,4.0,2,2.5493
708,337,4,4.0,2,2.8047
708,342,1,5.0,1,2.8466
708,344,1,4.0,1,2.3466
709,46,3,5.0,1,3.1931
709,48,2,5.0,1,3.0493
709,50,4,5.0,1,3.3047
709,55,1,4.0,1,2.3466
709,57,3,3.0,1,2.1931
709,190,3,4.0,1,2.6931
709,194,2,5.0,1,3.0493
709,197,3,4.0,1,2.6931
709,230,3,4.0,1,2.6931
709,333,2,5.0,1,3.0493
710,5,1,5.0,1,2.8466
710,27,1,4.0,1,2.3466
710,52,1,5.0,1,2.8466
710,56,3,4.5,2,2.9431
710,160,1,4.0,1,2.3466
710,169,1,5.0,1,2.8466
710,171,1,3.0,1,1.8466
710,173,3,3.0,1,2.1931
710,176,2,5.0,1,3.0493
710,187,1,3.0,1,1.8466
710,279,2,5.0,1,3.0493
710,336,1,4.0,1,2.3466
711,41,1,5.0,1,2.8466
711,42,2,4.0,1,2.5493
711,44,1,4.0,1,2.3466
711,51,1,5.0,1,2.8466
711,58,3,5.0,1,3.1931
711,59,3,5.0,1,3.1931
711,70,2,5.0,1,3.0493
711,71,3,4.0,1,2.6931
711,74,1,5.0,1,2.8466
711,78,3,4.0,2,2.6931
711,192,1,5.0,1,2.8466
711,194,1,4.0,1,2.3466
711,195,1,3.0,1,1.8466
711,214,3,5.0,1,3.1931
711,219,3,5.0,1,3.1931
711,274,2,4.0,1,2.5493
712,131,2,5.0,1,3.0493
712,313,1,5.0,1,2.8466
712,325,1,5.0,1,2.8466
712,336,1,5.0,1,2.8466
712,338,1,4.0,1,2.3466
713,60,1,3.0,1,1.8466
713,61,1,5.0,1,2.8466
713,68,1,4.0,1,2.3466
713,71,1,5.0,1,2.8466
713,72,2,4.0,1,2.5493
713,73,2,3.0,1,2.0493
713,76,2,4.0,1,2.5493
713,148,2,5.0,1,3.0493
713,189,2,4.5,2,2.7993
713,203,2,4.0,1,2.5493
713,205,1,5.0,1,2.8466
713,210,1,5.0,1,2.8466
713,213,2,5.0,1,3.0493
713,219,1,4.0,1,2.3466
713,223,2,4.0,1,2.5493
713,295,1,4.0,1,2.3466
713,306,1,5.0,1,2.8466
713,319,1,3.0,1,1.8466
713,328,1,5.0,1,2.8466
714,34,3,3.0,1,2.1931
714,50,1,5.0,1,2.8466
714,51,1,5.0,1,2.8466
714,169,2,5.0,1,3.0493
714,268,1,4.0,1,2.3466
715,116,2,5.0,1,3.0493
715,122,1,5.0,1,2.8466
715,264,2,5.0,1,3.0493
715,289,1,5.0,1,2.8466
715,293,1,4.0,1,2.3466
715,294,5,4.5,2,3.1459
715,299,1,5.0,1,2.8466
715,303,1,5.0,1,2.8466
715,304,3,5.0,1,3.1931
715,305,1,3.0,1,1.8466
715,306,3,4.0,1,2.6931
715,309,2,4.0,1,2.5493
715,323,1,5.0,1,2.8466
715,325,3,4.0,1,2.6931
715,327,3,3.0,1,2.1931
715,329,1,5.0,1,2.8466
716,61,1,5.0,1,2.8466
716,74,1,4.0,1,2.3466
716,113,1,5.0,1,2.8466
716,223,2,5.0,1,3.0493
716,242,1,4.0,1,2.3466
717,159,1,5.0,1,2.8466
717,307,1,5.0,1,2.8466
717,331,1,4.0,1,2.3466
717,340,2,3.0,1,2.0493
717,341,1,5.0,1,2.8466
717,349,1,5.0,1,2.8466
718,76,2,4.0,1,2.5493
718,81,1,4.0,1,2.3466
718,99,1,5.0,1,2.8466
718,150,2,4.0,1,2.5493
718,152,2,4.0,1,2.5493
718,214,2,4.0,1,2.5493
718,230,1,4.0,1,2.3466
718,236,1,5.0,1,2.8466
718,269,2,3.0,1,2.0493
718,275,2,4.0,1,2.5493
718,315,1,5.0,1,2.8466
718,318,1,4.0,1,2.3466
719,137,1,4.0,1,2.3466
719,297,1,5.0,1,2.8466
719,298,2,5.0,1,3.0493
719,301,3,5.0,2,3.1931
719,303,1,3.0,1,1.8466
720,89,1,5.0,1,2.8466
720,94,1,5.0,1,2.8466
720,198,1,4.0,1,2.3466
720,205,1,4.0,1,2.3466
721,31,2,5.0,1,3.0493
721,33,1,4.0,1,2.3466
721,163,1,5.0,1,2.8466
721,176,1,4.0,1,2.3466
721,177,1,5.0,1,2.8466
721,269,1,4.0,1,2.3466
721,306,1,5.0,1,2.8466
721,307,1,4.0,1,2.3466
721,318,1,5.0,1,2.8466
721,322,3,5.0,2,3.1931
721,324,1,5.0,1,2.8466
721,344,2,3.0,1,2.0493
722,66,2,5.0,1,3.0493
722,75,2,4.0,1,2.5493
722,218,2,5.0,1,3.0493
722,309,1,4.0,1,2.3466
722,322,2,4.0,1,2.5493
723,79,1,4.0,1,2.3466
723,116,2,3.0,1,2.0493
723,180,2,4.0,1,2.5493
723,215,1,5.0,1,2.8466
723,242,1,4.0,1,2.3466
723,244,2,3.5,2,2.2993
723,282,2,4.0,1,2.5493
723,283,2,5.0,1,3.0493
723,293,3,5.0,1,3.1931
723,305,2,5.0,1,3.0493
724,22,1,4.0,1,2.3466
724,34,3,4.0,1,2.6931
724,35,2,5.0,2,3.0493
724,40,1,3.0,1,1.8466
724,171,1,4.0,1,2.3466
724,175,1,5.0,1,2.8466
724,335,1,3.0,1,1.8466
725,82,2,5.0,1,3.0493
725,85,2,5.0,1,3.0493
725,96,1,4.0,1,2.3466
725,223,3,5.0,1,3.1931
725,228,3,4.0,1,2.6931
725,230,3,5.0,1,3.1931
725,268,2,4.0,1,2.5493
725,286,1,5.0,1,2.8466
725,300,1,4.0,1,2.3466
725,301,3,4.0,1,2.6931
725,303,1,5.0,1,2.8466
725,305,3,4.0,1,2.6931
725,306,1,5.0,1,2.8466
726,27,1,4.0,1,2.3466
726,35,1,5.0,1,2.8466
726,132,1,5.0,1,2.8466
726,163,1,5.0,1,2.8466
726,164,1,5.0,1,2.8466
726,166,1,4.0,1,2.3466
726,249,1,4.0,1,2.3466
726,255,1,4.0,1,2.3466
726,267,1,5.0,1,2.8466
726,268,3,4.5,1,2.9431
726,271,1,5.0,1,2.8466
727,12,2,3.0,1,2.0493
727,40,3,4.0,1,2.6931
727,63,4,4.0,1,2.8047
727,86,1,5.0,1,2.8466
727,88,4,3.0,1,2.3047
727,99,2,4.0,1,2.5493
727,133,1,4.0,1,2.3466
727,222,1,5.0,1,2.8466
727,224,4,5.0,1,3.3047
727,230,2,5.0,1,3.0493
727,240,3,3.0,1,2.1931
727,284,2,4.0,1,2.5493
727,334,5,5.0,1,3.3959
727,336,4,4.5,2,3.0547
727,339,2,4.0,1,2.5493
727,346,1,5.0,1,2.8466
727,348,4,5.0,2,3.3047
728,3,3,3.0,1,2.1931
728,135,2,5.0,1,3.0493
728,139,3,5.0,1,3.1931
728,143,1,3.0,1,1.8466
728,255,2,5.0,1,3.0493
729,22,3,5.0,1,3.1931
729,28,2,3.0,1,2.0493
729,42,1,5.0,1,2.8466
729,126,1,3.0,1,1.8466
729,179,1,4.0,1,2.3466
729,180,3,5.0,1,3.1931
729,216,2,4.0,1,2.5493
731,15,1,5.0,1,2.8466
731,19,1,4.0,1,2.3466
731,25,3,5.0,1,3.1931
731,65,1,4.0,1,2.3466
731,109,1,4.0,1,2.3466
731,152,1,4.0,1,2.3466
731,157,2,5.0,1,3.0493
731,169,1,5.0,1,2.8466
731,247,1,4.0,1,2.3466
731,252,1,5.0,1,2.8466
732,22,3,5.0,1,3.1931
732,34,2,5.0,1,3.0493
732,217,2,4.0,1,2.5493
732,224,2,3.0,1,2.0493
732,308,1,5.0,1,2.8466
732,315,2,5.0,1,3.0493
732,317,2,5.0,1,3.0493
732,322,1,5.0,1,2.8466
733,308,2,3.0,1,2.0493
733,313,2,5.0,1,3.0493
733,328,1,5.0,1,2.8466
733,336,2,5.0,1,3.0493
733,340,1,5.0,1,2.8466
734,66,1,4.0,1,2.3466
734,135,2,4.0,1,2.5493
734,174,1,3.0,1,1.8466
734,216,1,5.0,1,2.8466
734,247,1,5.0,1,2.8466
734,253,1,4.0,1,2.3466
734,272,1,4.0,1,2.3466
734,339,2,4.0,1,2.5493
735,17,2,4.0,1,2.5493
735,22,1,3.0,1,1.8466
735,23,1,5.0,1,2.8466
735,25,2,5.0,1,3.0493
735,30,1,5.0,1,2.8466
735,65,2,5.0,1,3.0493
735,159,3,3.0,1,2.1931
735,161,3,5.0,1,3.1931
735,164,4,4.0,1,2.8047
735,166,4,5.0,1,3.3047
735,174,4,5.0,2,3.3047
735,175,2,5.0,1,3.0493
735,176,3,4.0,1,2.6931
735,178,3,4.0,2,2.6931
735,320,2,3.0,1,2.0493
736,4,1,3.0,1,1.8466
736,47,1,5.0,1,2.8466
736,301,2,4.0,1,2.5493
736,304,1,4.0,1,2.3466
737,63,1,4.0,1,2.3466
737,270,1,5.0,1,2.8466
737,331,2,3.0,1,2.0493
737,332,2,5.0,1,3.0493
737,338,2,4.0,1,2.5493
737,343,2,5.0,1,3.0493
737,346,3,5.0,1,3.1931
737,348,3,4.0,1,2.6931
738,7,1,3.0,1,1.8466
738,9,1,3.0,1,1.8466
738,93,1,3.0,1,1.8466
738,205,3,4.0,1,2.6931
738,253,2,5.0,1,3.0493
738,258,2,4.0,1,2.5493
738,260,1,4.0,1,2.3466
738,280,3,4.0,1,2.6931
739,8,2,4.0,1,2.5493
739,30,1,5.0,1,2.8466
739,161,1,3.0,1,1.8466
739,171,1,5.0,1,2.8466
739,268,1,3.0,1,1.8466
739,284,1,5.0,1,2.8466
739,301,1,5.0,1,2.8466
739,317,1,3.0,1,1.8466
740,11,1,5.0,1,2.8466
740,132,1,5.0,1,2.8466
740,138,1,3.0,1,1.8466
740,207,1,4.0,1,2.3466
740,216,1,3.0,1,1.8466
740,273,2,3.0,1,2.0493
740,307,1,4.0,1,2.3466
740,308,1,4.0,1,2.3466
740,309,2,4.0,2,2.5493
740,311,1,4.0,1,2.3466
740,313,2,5.0,1,3.0493
740,327,2,3.0,1,2.0493
740,329,3,4.3,3,2.8431
740,331,2,5.0,1,3.0493
740,333,1,5.0,1,2.8466
740,338,2,3.0,1,2.0493
741,85,1,3.0,1,1.8466
741,88,1,5.0,1,2.8466
741,93,1,4.0,1,2.3466
741,164,1,4.0,1,2.3466
741,166,1,4.0,1,2.3466
741,226,2,5.0,1,3.0493
741,236,1,5.0,1,2.8466
741,237,1,4.0,1,2.3466
741,261,1,5.0,1,2.8466
741,270,1,3.0,1,1.8466
742,34,2,3.0,1,2.0493
742,105,1,4.0,1,2.3466
742,109,1,4.0,1,2.3466
742,117,2,5.0,1,3.0493
742,118,1,4.0,1,2.3466
742,221,1,5.0,1,2.8466
742,248,1,3.0,1,1.8466
742,272,1,4.0,1,2.3466
742,292,2,5.0,1,3.0493
743,179,1,4.0,1,2.3466
743,287,1,5.0,1,2.8466
743,316,1,4.0,1,2.3466
743,317,1,3.0,1,1.8466
744,198,1,4.0,1,2.3466
744,292,2,3.0,1,2.0493
744,326,2,5.0,1,3.0493
745,135,1,5.0,1,2.8466
745,268,1,5.0,1,2.8466
745,314,1,4.0,1,2.3466
746,41,4,5.0,2,3.3047
746,44,2,5.0,1,3.0493
746,48,1,4.0,1,2.3466
746,50,1,5.0,1,2.8466
746,190,1,5.0,1,2.8466
746,191,1,5.0,1,2.8466
746,192,1,4.0,1,2.3466
746,197,1,4.0,1,2.3466
746,242,2,4.0,1,2.5493
746,281,1,3.0,1,1.8466
746,298,2,5.0,1,3.0493
747,9,2,4.0,1,2.5493
747,45,1,4.0,1,2.3466
747,66,1,5.0,1,2.8466
747,116,3,5.0,1,3.1931
747,147,2,5.0,1,3.0493
747,216,1,5.0,1,2.8466
747,244,1,3.0,1,1.8466
747,289,2,5.0,1,3.0493
747,323,1,5.0,1,2.8466
747,343,2,4.0,1,2.5493
748,30,1,4.0,1,2.3466
748,47,3,5.0,1,3.1931
748,55,4,5.0,1,3.3047
748,93,3,5.0,1,3.1931
748,102,2,5.0,1,3.0493
748,104,2,5.0,1,3.0493
748,105,3,5.0,1,3.1931
748,184,2,5.0,1,3.0493
748,185,1,4.0,1,2.3466
748,193,1,5.0,1,2.8466
748,309,2,4.0,1,2.5493
748,312,1,5.0,1,2.8466
748,313,1,5.0,1,2.8466
748,322,1,4.0,1,2.3466
748,329,3,5.0,1,3.1931
749,37,2,3.0,1,2.0493
749,83,1,4.0,1,2.3466
749,87,1,5.0,1,2.8466
749,92,1,4.0,1,2.3466
749,94,1,5.0,1,2.8466
749,95,1,3.0,1,1.8466
749,129,3,4.5,2,2.9431
749,184,1,3.0,1,1.8466
749,225,1,4.0,1,2.3466
749,268,1,4.0,1,2.3466
749,277,1,5.0,1,2.8466
749,317,1,5.0,1,2.8466
749,329,1,5.0,1,2.8466
751,104,1,5.0,1,2.8466
751,105,2,5.0,1,3.0493
751,112,1,4.0,1,2.3466
751,113,1,4.0,1,2.3466
751,118,1,3.0,1,1.8466
751,346,2,3.0,1,2.0493
752,79,1,3.0,1,1.8466
752,89,1,3.0,1,1.8466
752,95,1,3.0,1,1.8466
752,102,1,5.0,1,2.8466
752,126,1,4.0,1,2.3466
752,201,1,3.0,1,1.8466
752,263,2,5.0,1,3.0493
752,268,1,5.0,1,2.8466
752,308,1,5.0,1,2.8466
752,314,1,4.0,1,2.3466
752,318,1,4.0,1,2.3466
752,322,1,5.0,1,2.8466
752,327,1,5.0,1,2.8466
753,2,1,5.0,1,2.8466
753,17,1,4.0,1,2.3466
753,26,2,5.0,1,3.0493
753,108,1,4.0,1,2.3466
753,114,1,4.0,1,2.3466
753,128,1,4.0,1,2.3466
753,156,1,5.0,1,2.8466
753,245,1,5.0,1,2.8466
753,253,1,5.0,1,2.8466
753,308,1,5.0,1,2.8466
753,311,1,5.0,1,2.8466
753,325,1,5.0,1,2.8466
754,105,1,4.0,1,2.3466
754,106,2,3.5,2,2.2993
754,109,2,5.0,1,3.0493
754,111,2,3.0,1,2.0493
754,119,1,4.0,1,2.3466
754,123,2,4.0,1,2.5493
754,132,1,3.0,1,1.8466
754,240,3,4.0,1,2.6931
754,244,1,4.0,1,2.3466
754,247,3,4.0,1,2.6931
754,248,2,5.0,1,3.0493
754,249,3,5.0,1,3.1931
754,251,1,5.0,1,2.8466
754,254,1,3.0,1,1.8466
755,26,1,4.0,1,2.3466
755,56,1,5.0,1,2.8466
755,168,1,5.0,1,2.8466
756,41,1,5.0,1,2.8466
756,200,1,4.0,1,2.3466
756,252,1,5.0,1,2.8466
756,272,1,4.0,1,2.3466
756,338,1,4.0,1,2.3466
757,1,2,5.0,1,3.0493
757,19,2,4.0,1,2.5493
757,64,3,4.0,1,2.6931
757,88,3,5.0,1,3.1931
757,98,2,3.0,1,2.0493
757,150,2,5.0,1,3.0493
757,160,3,4.0,1,2.6931
757,305,3,3.0,1,2.1931
757,343,1,5.0,1,2.8466
757,347,1,4.0,1,2.3466
757,348,1,5.0,1,2.8466
757,350,1,5.0,1,2.8466
758,105,2,5.0,1,3.0493
758,107,1,4.0,1,2.3466
758,108,1,4.0,1,2.3466
758,111,3,4.0,1,2.6931
758,113,2,3.0,1,2.0493
758,115,1,4.0,1,2.3466
758,116,3,5.0,1,3.1931
758,119,2,4.0,1,2.5493
758,167,1,4.0,1,2.3466
758,185,2,4.0,1,2.5493
758,211,4,5.0,1,3.3047
758,256,3,4.5,2,2.9431
758,257,2,4.0,1,2.5493
758,258,2,4.5,2,2.7993
759,25,3,5.0,1,3.1931
759,30,2,5.0,1,3.0493
759,117,2,3.0,1,2.0493
759,123,2,3.0,1,2.0493
759,128,1,4.0,1,2.3466
759,136,1,5.0,1,2.8466
759,270,2,5.0,1,3.0493
759,307,3,4.0,1,2.6931
760,1,2,5.0,1,3.0493
760,8,3,4.0,1,2.6931
760,18,6,4.3,3,3.123
760,79,1,4.0,1,2.3466
760,155,2,4.0,1,2.5493
760,281,1,5.0,1,2.8466
760,282,2,5.0,1,3.0493
760,291,1,5.0,1,2.8466
760,295,3,4.0,1,2.6931
760,311,2,5.0,1,3.0493
760,328,2,5.0,1,3.0493
761,14,4,5.0,1,3.3047
761,79,2,4.0,1,2.5493
761,141,3,3.0,1,2.1931
761,143,2,4.0,1,2.5493
761,150,4,5.0,1,3.3047
761,154,2,4.0,1,2.5493
761,155,2,5.0,1,3.0493
761,159,4,5.0,1,3.3047
761,231,1,4.0,1,2.3466
762,150,1,4.0,1,2.3466
763,58,1,3.0,1,1.8466
763,105,2,5.0,1,3.0493
763,165,1,4.0,1,2.3466
763,224,3,3.0,1,2.1931
763,241,1,4.0,1,2.3466
763,249,1,4.0,1,2.3466
763,259,1,5.0,1,2.8466
763,260,2,3.0,1,2.0493
764,52,1,4.0,1,2.3466
764,163,1,5.0,1,2.8466
765,81,4,4.0,1,2.8047
765,309,2,5.0,1,3.0493
766,6,1,4.0,1,2.3466
766,11,2,4.0,2,2.5493
766,12,1,5.0,1,2.8466
766,112,1,5.0,1,2.8466
766,156,1,5.0,1,2.8466
766,202,1,3.0,1,1.8466
766,247,1,5.0,1,2.8466
766,257,2,5.0,1,3.0493
766,290,1,4.0,1,2.3466
767,180,2,4.0,1,2.5493
767,271,3,3.0,1,2.1931
767,279,1,4.0,1,2.3466
767,337,2,5.0,1,3.0493
767,349,2,5.0,1,3.0493
768,86,2,5.0,1,3.0493
768,278,1,4.0,1,2.3466
768,337,1,3.0,1,1.8466
768,345,1,5.0,1,2.8466
768,348,1,3.0,1,1.8466
769,92,1,4.0,1,2.3466
769,162,3,5.0,1,3.1931
769,179,1,5.0,1,2.8466
769,232,1,5.0,1,2.8466
770,10,1,3.0,1,1.8466
770,45,2,5.0,2,3.0493
770,49,2,5.0,1,3.0493
770,50,1,5.0,1,2.8466
770,51,2,5.0,1,3.0493
770,55,1,5.0,1,2.8466
770,57,1,5.0,1,2.8466
770,187,2,4.5,2,2.7993
770,190,2,4.0,1,2.5493
770,193,1,5.0,1,2.8466
770,195,3,4.5,2,2.9431
770,269,1,3.0,1,1.8466
770,287,1,4.0,1,2.3466
770,298,2,5.0,2,3.0493
770,307,1,3.0,1,1.8466
770,319,1,5.0,1,2.8466
771,52,1,5.0,1,2.8466
771,112,1,5.0,1,2.8466
771,189,1,4.0,1,2.3466
771,219,1,3.0,1,1.8466
772,17,3,5.0,1,3.1931
772,74,1,4.0,1,2.3466
772,105,2,4.0,1,2.5493
772,106,1,4.0,1,2.3466
772,159,1,4.0,1,2.3466
772,178,2,3.0,1,2.0493
772,247,2,5.0,1,3.0493
773,8,3,3.0,1,2.1931
773,10,1,4.0,1,2.3466
773,24,2,3.0,1,2.0493
773,28,1,4.0,1,2.3466
773,30,2,4.0,1,2.5493
773,65,2,5.0,1,3.0493
773,68,2,5.0,1,3.0493
773,80,2,5.0,1,3.0493
773,148,4,4.0,1,2.8047
773,159,2,5.0,1,3.0493
773,164,2,4.0,1,2.5493
773,200,1,4.0,1,2.3466
773,203,2,3.0,1,2.0493
773,213,2,5.0,1,3.0493
773,222,2,5.0,1,3.0493
773,227,3,4.0,1,2.6931
773,231,3,5.0,1,3.1931
773,315,3,5.0,1,3.1931
774,22,1,4.0,1,2.3466
774,33,2,5.0,1,3.0493
774,164,1,5.0,1,2.8466
774,167,2,5.0,1,3.0493
774,296,1,5.0,1,2.8466
774,303,1,4.0,1,2.3466
774,306,1,5.0,1,2.8466
774,314,1,5.0,1,2.8466
775,44,1,4.0,1,2.3466
775,52,1,5.0,1,2.8466
775,104,1,4.0,1,2.3466
775,108,1,4.0,1,2.3466
775,114,1,5.0,1,2.8466
775,192,1,5.0,1,2.8466
775,279,1,4.0,1,2.3466
776,95,2,4.0,1,2.5493
776,110,1,4.0,1,2.3466
776,120,2,5.0,1,3.0493
776,229,1,4.0,1,2.3466
776,249,1,4.0,1,2.3466
776,250,1,5.0,1,2.8466
776,267,2,5.0,1,3.0493
776,316,3,4.0,1,2.6931
777,101,1,5.0,1,2.8466
777,105,2,3.0,1,2.0493
777,112,2,5.0,1,3.0493
777,182,2,5.0,1,3.0493
777,243,2,4.0,1,2.5493
777,248,1,4.0,1,2.3466
778,256,2,5.0,1,3.0493
778,257,2,5.0,1,3.0493
778,296,1,3.0,1,1.8466
778,298,3,5.0,1,3.1931
778,315,2,5.0,1,3.0493
778,319,2,5.0,1,3.0493
778,320,1,5.0,1,2.8466
779,86,1,5.0,1,2.8466
779,87,1,5.0,1,2.8466
779,94,1,4.0,1,2.3466
779,96,1,5.0,1,2.8466
779,98,1,4.0,1,2.3466
779,231,2,5.0,1,3.0493
779,232,2,3.0,1,2.0493
779,235,1,5.0,1,2.8466
780,13,2,4.0,1,2.5493
780,70,2,5.0,1,3.0493
780,105,2,4.0,1,2.5493
780,107,2,3.0,1,2.0493
780,140,1,5.0,1,2.8466
780,156,2,5.0,1,3.0493
780,262,2,3.0,1,2.0493
780,306,2,5.0,1,3.0493
780,307,3,5.0,1,3.1931
780,308,6,5.0,2,3.473
780,311,1,5.0,1,2.8466
780,312,1,5.0,1,2.8466
780,313,6,4.5,2,3.223
780,314,8,4.7,3,3.4486
780,315,1,4.0,1,2.3466
780,316,1,5.0,1,2.8466
780,317,2,5.0,1,3.0493
780,321,1,5.0,1,2.8466
780,322,4,4.5,2,3.0547
780,325,1,4.0,1,2.3466
780,326,2,3.0,1,2.0493
780,328,2,4.0,1,2.5493
780,329,1,5.0,1,2.8466
780,330,5,5.0,2,3.3959
780,341,1,4.0,1,2.3466
781,54,2,4.0,1,2.5493
781,77,4,5.0,1,3.3047
781,83,1,5.0,1,2.8466
781,274,3,3.0,1,2.1931
781,297,3,3.0,1,2.1931
781,306,7,5.0,2,3.5397
781,318,2,4.0,1,2.5493
781,319,1,5.0,1,2.8466
781,325,1,5.0,1,2.8466
781,326,1,5.0,1,2.8466
781,327,3,5.0,1,3.1931
781,330,3,5.0,1,3.1931
782,70,3,5.0,1,3.1931
782,71,2,5.0,1,3.0493
782,96,2,5.0,1,3.0493
782,97,1,5.0,1,2.8466
782,99,3,4.0,1,2.6931
782,191,3,5.0,1,3.1931
782,223,1,4.0,1,2.3466
782,228,1,5.0,1,2.8466
782,296,1,4.0,1,2.3466
783,5,1,4.0,1,2.3466
783,109,1,3.0,1,1.8466
783,194,1,5.0,1,2.8466
783,266,1,4.0,1,2.3466
783,297,1,3.0,1,1.8466
783,332,1,4.0,1,2.3466
783,336,1,3.0,1,1.8466
783,338,1,5.0,1,2.8466
783,339,1,3.0,1,1.8466
783,344,1,5.0,1,2.8466
783,347,2,4.0,1,2.5493
783,350,1,4.0,1,2.3466
784,185,1,5.0,1,2.8466
784,218,1,4.0,1,2.3466
784,232,1,3.0,1,1.8466
784,266,1,5.0,1,2.8466
784,283,1,5.0,1,2.8466
784,290,1,4.0,1,2.3466
784,301,1,4.0,1,2.3466
785,11,2,3.0,1,2.0493
785,62,3,5.0,1,3.1931
785,64,3,5.0,1,3.1931
785,79,5,5.0,2,3.3959
785,202,1,3.0,1,1.8466
785,204,1,5.0,1,2.8466
785,205,2,4.0,1,2.5493
785,208,2,4.0,1,2.5493
785,212,1,4.0,1,2.3466
785,217,1,5.0,1,2.8466
785,218,4,4.0,2,2.8047
785,224,2,4.0,1,2.5493
785,231,1,3.0,1,1.8466
785,272,1,3.0,1,1.8466
786,19,2,3.0,1,2.0493
786,30,2,5.0,1,3.0493
786,49,1,5.0,1,2.8466
786,59,2,4.0,1,2.5493
786,103,2,3.0,1,2.0493
786,115,2,5.0,1,3.0493
786,119,1,4.0,1,2.3466
786,162,2,4.5,2,2.7993
786,163,4,3.0,2,2.3047
786,225,1,5.0,1,2.8466
786,240,1,4.0,1,2.3466
787,33,2,5.0,1,3.0493
787,37,1,4.0,1,2.3466
787,38,2,3.0,1,2.0493
787,80,1,5.0,1,2.8466
787,175,5,4.5,2,3.1459
787,179,2,4.0,1,2.5493
787,309,1,5.0,1,2.8466
787,311,2,5.0,1,3.0493
787,316,2,5.0,1,3.0493
787,318,2,4.0,1,2.5493
787,330,3,3.5,2,2.4431
788,153,3,5.0,1,3.1931
788,254,2,3.0,1,2.0493
788,348,1,4.0,1,2.3466
789,44,2,5.0,1,3.0493
789,57,1,5.0,1,2.8466
789,194,1,3.0,1,1.8466
790,28,2,4.0,1,2.5493
790,36,1,5.0,1,2.8466
790,54,1,4.0,1,2.3466
790,58,1,4.0,1,2.3466
790,174,1,4.0,1,2.3466
790,198,1,3.0,1,1.8466
790,225,1,5.0,1,2.8466
790,262,1,4.0,1,2.3466
790,283,1,3.0,1,1.8466
790,292,2,3.5,2,2.2993
790,293,1,3.0,1,1.8466
790,303,1,4.0,1,2.3466
790,304,1,4.0,1,2.3466
791,133,2,3.0,1,2.0493
791,195,1,4.0,1,2.3466
792,18,1,5.0,1,2.8466
792,41,3,4.0,1,2.6931
792,45,2,4.0,1,2.5493
792,46,1,3.0,1,1.8466
792,48,3,5.0,1,3.1931
792,49,2,4.0,1,2.5493
792,54,2,4.0,1,2.5493
792,55,1,4.0,1,2.3466
792,118,1,3.0,1,1.8466
792,136,3,3.0,1,2.1931
792,185,1,4.0,1,2.3466
792,200,2,5.0,1,3.0493
793,21,2,5.0,1,3.0493
793,34,4,4.5,2,3.0547
793,52,2,4.0,1,2.5493
793,59,3,5.0,1,3.1931
793,162,1,4.0,1,2.3466
793,220,1,4.0,1,2.3466
793,275,3,5.0,1,3.1931
794,4,2,4.0,1,2.5493
794,44,2,4.0,1,2.5493
794,50,1,5.0,1,2.8466
794,80,1,5.0,1,2.8466
794,103,2,4.0,1,2.5493
794,193,2,5.0,1,3.0493
794,196,1,3.0,1,1.8466
794,217,1,4.0,1,2.3466
794,231,1,5.0,1,2.8466
794,232,2,3.5,2,2.2993
794,238,2,4.0,1,2.5493
794,278,2,5.0,1,3.0493
794,298,2,3.0,1,2.0493
794,307,3,5.0,1,3.1931
794,332,2,5.0,1,3.0493
794,333,1,5.0,1,2.8466
794,349,1,5.0,1,2.8466
794,350,2,5.0,1,3.0493
795,35,1,4.0,1,2.3466
795,38,1,5.0,1,2.8466
795,39,3,5.0,1,3.1931
795,48,2,5.0,1,3.0493
795,49,1,5.0,1,2.8466
795,61,2,5.0,1,3.0493
795,127,1,3.0,1,1.8466
795,284,1,3.0,1,1.8466
795,297,2,4.0,1,2.5493
795,298,1,4.0,1,2.3466
795,322,2,4.0,1,2.5493
796,35,1,4.0,1,2.3466
796,53,2,5.0,1,3.0493
796,137,2,5.0,1,3.0493
796,167,1,5.0,1,2.8466
796,176,1,4.0,1,2.3466
796,197,1,4.0,1,2.3466
796,199,1,4.0,1,2.3466
796,281,1,4.0,1,2.3466
796,283,1,5.0,1,2.8466
796,285,1,5.0,1,2.8466
796,290,1,4.0,1,2.3466
797,58,1,3.0,1,1.8466
797,59,1,4.0,1,2.3466
797,176,2,5.0,1,3.0493
797,183,3,5.0,1,3.1931
797,185,2,3.0,1,2.0493
797,199,1,5.0,1,2.8466
797,314,2,5.0,1,3.0493
797,323,1,4.0,1,2.3466
797,324,1,4.0,1,2.3466
797,329,2,3.0,1,2.0493
798,68,1,3.0,1,1.8466
798,172,2,5.0,1,3.0493
798,205,1,5.0,1,2.8466
798,210,3,3.0,1,2.1931
798,211,3,4.0,1,2.6931
798,219,1,5.0,1,2.8466
798,249,2,3.0,1,2.0493
798,262,2,3.0,1,2.0493
798,265,2,5.0,1,3.0493
798,290,1,5.0,1,2.8466
799,129,2,5.0,1,3.0493
799,130,1,5.0,1,2.8466
799,134,1,4.0,1,2.3466
799,268,3,5.0,1,3.1931
799,270,2,5.0,1,3.0493
799,273,2,3.0,1,2.0493
799,278,2,5.0,1,3.0493
799,291,1,3.0,1,1.8466
800,52,3,5.0,1,3.1931
800,68,1,5.0,1,2.8466
800,69,2,5.0,1,3.0493
800,96,1,5.0,1,2.8466
800,202,3,4.0,1,2.6931
800,203,2,5.0,1,3.0493
800,220,1,5.0,1,2.8466
800,234,2,5.0,1,3.0493
801,76,2,5.0,1,3.0493
801,104,2,4.0,1,2.5493
801,105,1,5.0,1,2.8466
801,112,1,5.0,1,2.8466
801,113,1,5.0,1,2.8466
801,184,1,5.0,1,2.8466
801,193,1,4.0,1,2.3466
801,244,1,4.0,1,2.3466
801,248,1,3.0,1,1.8466
801,252,1,5.0,1,2.8466
801,256,1,4.0,1,2.3466
801,294,1,4.0,1,2.3466
802,122,4,3.5,2,2.5547
802,148,3,3.0,1,2.1931
802,243,2,4.0,1,2.5493
802,269,1,5.0,1,2.8466
803,79,1,5.0,1,2.8466
803,88,2,5.0,1,3.0493
803,235,2,5.0,1,3.0493
803,285,1,5.0,1,2.8466
803,311,4,4.0,1,2.8047
804,61,4,4.5,2,3.0547
804,62,3,4.0,1,2.6931
804,66,1,5.0,1,2.8466
804,67,2,5.0,1,3.0493
804,72,1,5.0,1,2.8466
804,79,3,5.0,1,3.1931
804,204,2,5.0,1,3.0493
804,205,3,5.0,1,3.1931
804,206,2,5.0,1,3.0493
804,212,2,5.0,1,3.0493
804,219,4,4.5,2,3.0547
804,319,3,4.0,1,2.6931
805,49,1,5.0,1,2.8466
805,57,2,3.0,1,2.0493
805,116,2,3.0,1,2.0493
805,144,1,5.0,1,2.8466
805,153,1,4.0,1,2.3466
805,160,1,4.0,1,2.3466
805,182,1,4.0,1,2.3466
805,194,2,4.0,1,2.5493
805,196,1,5.0,1,2.8466
805,207,1,3.0,1,1.8466
805,214,1,4.0,1,2.3466
805,331,2,4.5,2,2.7993
805,338,1,5.0,1,2.8466
805,349,1,4.0,1,2.3466
806,157,2,3.0,1,2.0493
806,172,1,5.0,1,2.8466
806,347,1,4.0,1,2.3466
807,95,3,5.0,1,3.1931
807,170,2,5.0,1,3.0493
807,207,3,4.0,1,2.6931
807,235,4,3.0,1,2.3047
807,271,2,4.0,1,2.5493
807,307,2,4.0,1,2.5493
807,311,2,5.0,1,3.0493
807,317,2,3.0,1,2.0493
807,321,1,4.0,1,2.3466
807,327,2,5.0,1,3.0493
807,330,1,5.0,1,2.8466
807,333,5,5.0,2,3.3959
807,335,2,5.0,1,3.0493
807,336,2,4.0,1,2.5493
807,340,2,5.0,1,3.0493
807,341,3,4.0,1,2.6931
807,342,3,5.0,1,3.1931
807,347,2,4.0,1,2.5493
808,6,1,5.0,1,2.8466
808,13,2,5.0,1,3.0493
808,159,2,5.0,1,3.0493
808,160,1,5.0,1,2.8466
808,207,1,4.0,1,2.3466
808,284,1,5.0,1,2.8466
808,294,2,4.0,1,2.5493
808,302,4,4.0,1,2.8047
809,59,1,5.0,1,2.8466
809,67,1,3.0,1,1.8466
809,79,1,3.0,1,1.8466
809,189,1,5.0,1,2.8466
809,203,1,4.0,1,2.3466
809,328,1,4.0,1,2.3466
810,109,1,4.0,1,2.3466
810,225,1,4.0,1,2.3466
810,246,1,5.0,1,2.8466
810,247,1,3.0,1,1.8466
810,264,1,5.0,1,2.8466
810,270,1,3.0,1,1.8466
810,272,2,5.0,1,3.0493
811,82,1,4.0,1,2.3466
811,83,1,5.0,1,2.8466
811,213,1,3.0,1,1.8466
811,252,1,4.0,1,2.3466
811,306,1,5.0,1,2.8466
811,308,1,4.0,1,2.3466
811,327,1,5.0,1,2.8466
811,329,1,5.0,1,2.8466
812,81,2,4.0,1,2.5493
812,84,1,4.0,1,2.3466
812,223,5,4.7,3,3.2459
812,225,1,4.0,1,2.3466
812,231,1,3.0,1,1.8466
812,234,1,3.0,1,1.8466
812,235,1,5.0,1,2.8466
812,237,1,5.0,1,2.8466
812,239,1,3.0,1,1.8466
812,284,2,5.0,1,3.0493
813,30,1,3.0,1,1.8466
813,66,2,4.0,1,2.5493
813,129,2,4.0,1,2.5493
813,167,1,5.0,1,2.8466
813,240,1,4.0,1,2.3466
813,279,1,4.0,1,2.3466
813,301,1,5.0,1,2.8466
813,310,3,5.0,1,3.1931
813,314,4,4.5,2,3.0547
813,316,5,4.5,2,3.1459
813,322,3,5.0,1,3.1931
813,324,3,5.0,1,3.1931
813,325,3,5.0,1,3.1931
813,327,1,3.0,1,1.8466
813,329,5,4.5,2,3.1459
814,102,2,4.0,1,2.5493
814,113,1,4.0,1,2.3466
814,252,1,5.0,1,2.8466
814,285,3,4.0,1,2.6931
814,298,1,4.0,1,2.3466
814,303,2,4.0,1,2.5493
814,304,1,4.0,1,2.3466
815,71,1,4.0,1,2.3466
815,98,1,5.0,1,2.8466
815,100,1,5.0,1,2.8466
815,124,1,5.0,1,2.8466
815,129,1,4.0,1,2.3466
815,267,1,4.0,1,2.3466
815,269,1,5.0,1,2.8466
815,274,1,4.0,1,2.3466
816,5,1,4.0,1,2.3466
816,7,1,4.0,1,2.3466
816,8,1,3.0,1,1.8466
816,12,1,5.0,1,2.8466
816,24,1,3.0,1,1.8466
816,69,2,4.0,1,2.5493
816,100,1,5.0,1,2.8466
816,121,1,5.0,1,2.8466
816,151,1,5.0,1,2.8466
816,160,1,4.0,1,2.3466
816,166,1,3.0,1,1.8466
816,218,2,5.0,1,3.0493
816,221,2,3.0,1,2.0493
816,224,1,5.0,1,2.8466
816,231,2,3.0,1,2.0493
816,236,2,5.0,1,3.0493
816,258,1,5.0,1,2.8466
816,309,2,4.0,2,2.5493
816,313,1,5.0,1,2.8466
816,316,1,5.0,1,2.8466
816,319,2,4.0,1,2.5493
816,321,1,4.0,1,2.3466
816,325,1,4.0,1,2.3466
816,326,2,5.0,1,3.0493
816,327,2,5.0,1,3.0493
817,53,2,4.0,1,2.5493
817,287,1,5.0,1,2.8466
817,293,1,4.0,1,2.3466
817,296,1,4.0,1,2.3466
817,304,1,4.0,1,2.3466
817,305,2,5.0,1,3.0493
818,122,3,4.0,1,2.6931
818,290,2,5.0,1,3.0493
818,299,1,4.0,1,2.3466
818,300,1,4.0,1,2.3466
819,179,3,3.0,1,2.1931
819,271,3,4.0,1,2.6931
819,331,2,4.0,1,2.5493
819,335,4,5.0,1,3.3047
819,336,1,5.0,1,2.8466
819,346,3,5.0,2,3.1931
819,347,4,5.0,1,3.3047
819,348,4,4.0,1,2.8047
819,350,2,3.0,1,2.0493
820,80,1,4.0,1,2.3466
820,147,2,3.0,1,2.0493
820,332,4,5.0,1,3.3047
820,337,2,5.0,1,3.0493
820,339,3,4.0,1,2.6931
820,347,2,5.0,1,3.0493
821,44,1,4.0,1,2.3466
821,85,1,5.0,1,2.8466
821,91,1,4.0,1,2.3466
821,98,1,4.0,1,2.3466
821,164,2,3.0,1,2.0493
821,174,2,5.0,1,3.0493
821,199,1,5.0,1,2.8466
821,223,1,5.0,1,2.8466
821,234,3,4.0,1,2.6931
821,237,1,5.0,1,2.8466
821,267,1,3.0,1,1.8466
821,284,3,5.0,1,3.1931
821,305,2,4.0,1,2.5493
821,310,2,3.0,1,2.0493
821,332,1,4.0,1,2.3466
822,192,1,5.0,1,2.8466
822,204,2,5.0,1,3.0493
822,221,1,4.0,1,2.3466
822,241,2,4.0,1,2.5493
822,286,1,5.0,1,2.8466
822,293,1,4.0,1,2.3466
822,301,2,4.0,1,2.5493
822,306,1,5.0,1,2.8466
822,307,2,3.0,1,2.0493
822,309,1,4.0,1,2.3466
822,317,2,5.0,2,3.0493
822,321,1,4.0,1,2.3466
822,326,1,4.0,1,2.3466
823,7,2,3.0,1,2.0493
823,69,2,4.0,1,2.5493
823,290,2,5.0,1,3.0493
823,306,3,5.0,1,3.1931
823,307,7,4.7,2,3.3897
823,310,1,4.0,1,2.3466
823,315,2,4.5,2,2.7993
823,316,2,5.0,1,3.0493
823,318,1,5.0,1,2.8466
823,324,2,4.0,1,2.5493
823,325,3,5.0,1,3.1931
823,326,7,4.3,2,3.1897
823,327,2,4.0,1,2.5493
824,89,1,4.0,1,2.3466
824,230,1,5.0,1,2.8466
824,248,1,3.0,1,1.8466
825,92,2,3.0,1,2.0493
825,163,1,5.0,1,2.8466
825,197,1,5.0,1,2.8466
825,229,1,4.0,1,2.3466
825,270,1,3.0,1,1.8466
825,282,1,4.0,1,2.3466
825,284,2,4.0,1,2.5493
825,285,1,3.0,1,1.8466
825,290,2,4.0,1,2.5493
825,304,1,4.0,1,2.3466
825,305,1,4.0,1,2.3466
826,7,1,3.0,1,1.8466
826,48,2,4.5,2,2.7993
826,49,1,4.0,1,2.3466
826,57,1,5.0,1,2.8466
826,77,1,3.0,1,1.8466
826,293,1,4.0,1,2.3466
826,339,2,4.0,1,2.5493
826,341,2,4.0,1,2.5493
826,349,1,4.0,1,2.3466
827,92,2,3.0,1,2.0493
827,139,1,4.0,1,2.3466
827,266,3,5.0,1,3.1931
828,67,2,4.0,1,2.5493
828,74,1,4.0,1,2.3466
828,204,1,5.0,1,2.8466
828,250,1,3.0,1,1.8466
828,317,2,4.0,1,2.5493
828,331,1,5.0,1,2.8466
828,336,1,4.0,1,2.3466
828,345,1,5.0,1,2.8466
829,1,1,5.0,1,2.8466
829,4,3,5.0,1,3.1931
829,7,3,5.0,2,3.1931
829,8,4,4.0,1,2.8047
829,14,1,4.0,1,2.3466
829,128,1,3.0,1,1.8466
829,142,2,5.0,1,3.0493
829,148,1,4.0,1,2.3466
829,149,2,4.0,1,2.5493
829,150,2,5.0,1,3.0493
829,151,4,4.5,2,3.0547
829,152,3,4.0,1,2.6931
829,157,2,4.0,1,2.5493
829,160,3,5.0,1,3.1931
829,218,1,3.0,1,1.8466
829,245,2,5.0,1,3.0493
830,60,2,4.0,1,2.5493
830,114,1,5.0,1,2.8466
830,119,1,5.0,1,2.8466
830,247,2,5.0,1,3.0493
830,259,1,5.0,1,2.8466
830,308,1,5.0,1,2.8466
830,318,1,3.0,1,1.8466
830,324,1,3.0,1,1.8466
831,49,1,4.0,1,2.3466
831,58,2,5.0,1,3.0493
831,67,2,5.0,1,3.0493
831,161,1,5.0,1,2.8466
831,175,3,4.0,1,2.6931
831,191,1,5.0,1,2.8466
831,207,1,5.0,1,2.8466
831,209,3,5.0,1,3.1931
831,214,2,4.0,1,2.5493
831,228,3,5.0,1,3.1931
831,314,2,5.0,1,3.0493
831,325,1,5.0,1,2.8466
831,326,2,5.0,1,3.0493
832,122,1,5.0,1,2.8466
832,139,4,5.0,1,3.3047
832,140,1,4.0,1,2.3466
832,217,1,3.0,1,1.8466
832,265,1,5.0,1,2.8466
832,269,1,5.0,1,2.8466
832,271,3,4.5,2,2.9431
832,274,1,3.0,1,1.8466
832,275,3,5.0,1,3.1931
832,280,3,3.0,1,2.1931
833,80,1,5.0,1,2.8466
833,105,1,4.0,1,2.3466
833,124,2,5.0,1,3.0493
833,126,1,5.0,1,2.8466
833,130,2,3.0,1,2.0493
833,131,1,5.0,1,2.8466
833,133,2,5.0,1,3.0493
833,138,1,5.0,1,2.8466
833,144,1,3.0,1,1.8466
833,195,1,5.0,1,2.8466
833,224,1,4.0,1,2.3466
833,228,1,5.0,1,2.8466
833,258,2,3.0,1,2.0493
833,268,1,4.0,1,2.3466
833,272,1,4.0,1,2.3466
833,334,1,5.0,1,2.8466
833,338,2,4.0,1,2.5493
833,345,2,4.5,1,2.7993
834,10,1,5.0,1,2.8466
834,104,1,5.0,1,2.8466
834,136,2,5.0,1,3.0493
834,168,2,4.0,1,2.5493
834,254,2,5.0,1,3.0493
834,262,1,4.0,1,2.3466
834,282,3,4.0,1,2.6931
834,341,3,5.0,1,3.1931
834,349,5,4.5,2,3.1459
834,350,1,4.0,1,2.3466
835,124,1,4.0,1,2.3466
835,130,1,5.0,1,2.8466
835,134,1,3.0,1,1.8466
835,135,1,5.0,1,2.8466
835,146,1,3.0,1,1.8466
835,200,2,4.0,1,2.5493
835,274,1,4.0,1,2.3466
835,295,1,4.0,1,2.3466
836,32,1,5.0,1,2.8466
836,35,1,4.0,1,2.3466
836,60,2,4.0,1,2.5493
836,67,1,5.0,1,2.8466
836,167,1,4.0,1,2.3466
836,172,1,3.0,1,1.8466
836,181,1,5.0,1,2.8466
836,207,2,4.0,1,2.5493
836,210,1,3.0,1,1.8466
837,29,1,4.0,1,2.3466
837,40,5,5.0,2,3.3959
837,79,2,5.0,1,3.0493
837,132,2,3.0,1,2.0493
837,149,2,3.0,1,2.0493
837,163,1,4.0,1,2.3466
837,169,2,5.0,1,3.0493
837,171,1,5.0,1,2.8466
837,178,1,5.0,1,2.8466
837,268,2,4.0,1,2.5493
837,312,2,4.0,1,2.5493
837,313,2,5.0,1,3.0493
837,315,2,4.0,1,2.5493
837,316,1,4.0,1,2.3466
837,319,2,4.0,1,2.5493
837,320,2,5.0,2,3.0493
837,321,2,4.0,1,2.5493
837,323,3,5.0,1,3.1931
837,336,1,3.0,1,1.8466
838,5,1,5.0,1,2.8466
838,63,5,5.0,1,3.3959
838,69,1,5.0,1,2.8466
838,78,1,4.0,1,2.3466
838,79,2,4.0,1,2.5493
838,80,1,5.0,1,2.8466
838,102,1,4.0,1,2.3466
838,201,2,5.0,1,3.0493
838,210,2,5.0,1,3.0493
838,211,1,4.0,1,2.3466
838,214,1,5.0,1,2.8466
838,219,1,4.0,1,2.3466
838,337,1,3.0,1,1.8466
839,108,3,5.0,1,3.1931
839,111,2,4.0,1,2.5493
839,126,2,5.0,1,3.0493
839,174,1,5.0,1,2.8466
839,243,2,5.0,1,3.0493
839,244,4,4.0,1,2.8047
839,247,3,4.0,2,2.6931
839,259,3,5.0,1,3.1931
839,297,1,4.0,1,2.3466
839,300,1,4.0,1,2.3466
839,340,3,5.0,1,3.1931
839,344,1,5.0,1,2.8466
840,10,2,5.0,1,3.0493
840,48,2,4.0,1,2.5493
840,49,3,5.0,1,3.1931
840,121,1,4.0,1,2.3466
840,160,2,3.0,1,2.0493
840,197,2,5.0,1,3.0493
840,198,2,5.0,1,3.0493
840,215,2,4.0,1,2.5493
840,268,1,5.0,1,2.8466
840,272,3,4.5,2,2.9431
840,282,3,5.0,1,3.1931
841,74,2,4.0,1,2.5493
841,293,1,4.0,1,2.3466
841,297,7,5.0,2,3.5397
842,108,2,5.0,1,3.0493
842,109,1,4.0,1,2.3466
842,117,1,5.0,1,2.8466
842,157,3,3.0,1,2.1931
842,194,3,4.0,1,2.6931
842,245,1,3.0,1,1.8466
842,258,3,5.0,1,3.1931
842,260,1,5.0,1,2.8466
842,275,2,5.0,1,3.0493
842,288,2,4.0,1,2.5493
842,325,1,5.0,1,2.8466
843,11,2,5.0,1,3.0493
843,15,2,5.0,1,3.0493
843,34,1,4.0,1,2.3466
843,69,1,4.0,1,2.3466
843,89,1,4.0,1,2.3466
843,122,1,5.0,1,2.8466
843,131,2,4.5,2,2.7993
843,134,1,5.0,1,2.8466
843,157,1,5.0,1,2.8466
843,158,2,5.0,2,3.0493
843,168,2,4.0,1,2.5493
843,208,1,5.0,1,2.8466
843,293,1,3.0,1,1.8466
844,156,1,3.0,1,1.8466
844,194,1,4.0,1,2.3466
844,199,1,4.0,1,2.3466
844,202,1,5.0,1,2.8466
844,206,2,5.0,1,3.0493
844,219,2,4.0,1,2.5493
844,262,2,3.0,1,2.0493
845,308,3,5.0,1,3.1931
845,311,3,3.0,1,2.1931
845,314,5,4.5,2,3.1459
845,315,1,4.0,1,2.3466
845,316,1,5.0,1,2.8466
845,317,1,4.0,1,2.3466
845,326,1,3.0,1,1.8466
845,328,1,5.0,1,2.8466
845,329,1,5.0,1,2.8466
845,330,2,3.0,1,2.0493
846,26,1,5.0,1,2.8466
846,28,1,5.0,1,2.8466
846,48,1,4.0,1,2.3466
846,63,2,5.0,1,3.0493
846,67,1,5.0,1,2.8466
846,117,1,5.0,1,2.8466
846,171,1,3.0,1,1.8466
846,174,1,5.0,1,2.8466
846,212,1,4.0,1,2.3466
846,257,2,4.0,1,2.5493
847,74,1,4.0,1,2.3466
847,80,1,4.0,1,2.3466
847,99,1,5.0,1,2.8466
847,103,1,4.0,1,2.3466
847,202,2,4.0,1,2.5493
847,203,1,4.0,1,2.3466
847,210,1,5.0,1,2.8466
847,215,1,5.0,1,2.8466
847,218,1,4.0,1,2.3466
847,220,1,5.0,1,2.8466
847,245,1,4.0,1,2.3466
847,250,1,5.0,1,2.8466
847,259,1,5.0,1,2.8466
847,283,2,4.0,1,2.5493
847,285,1,4.0,1,2.3466
847,287,1,5.0,1,2.8466
847,302,1,5.0,1,2.8466
847,303,2,4.0,1,2.5493
848,28,1,4.0,1,2.3466
848,30,1,5.0,1,2.8466
848,48,1,5.0,1,2.8466
848,49,1,5.0,1,2.8466
848,94,1,4.0,1,2.3466
848,186,1,5.0,1,2.8466
848,197,2,5.0,1,3.0493
848,200,1,5.0,1,2.8466
848,203,1,5.0,1,2.8466
848,287,1,5.0,1,2.8466
848,291,1,4.0,1,2.3466
848,292,1,5.0,1,2.8466
848,293,1,5.0,1,2.8466
848,296,2,3.0,1,2.0493
849,111,2,5.0,1,3.0493
849,246,1,3.0,1,1.8466
849,260,2,5.0,1,3.0493
849,281,1,5.0,1,2.8466
849,293,1,4.0,1,2.3466
849,300,2,5.0,1,3.0493
850,29,1,5.0,1,2.8466
850,33,1,4.0,1,2.3466
850,38,2,4.0,1,2.5493
850,120,2,3.5,1,2.2993
850,147,1,4.0,1,2.3466
850,162,2,5.0,1,3.0493
850,165,1,4.0,1,2.3466
850,174,2,5.0,1,3.0493
850,308,1,5.0,1,2.8466
850,313,1,4.0,1,2.3466
850,321,1,4.0,1,2.3466
850,323,1,3.0,1,1.8466
850,328,2,5.0,1,3.0493
850,338,1,5.0,1,2.8466
851,34,1,4.0,1,2.3466
851,61,1,5.0,1,2.8466
851,62,3,4.5,2,2.9431
851,68,3,4.0,2,2.6931
851,73,1,5.0,1,2.8466
851,76,1,5.0,1,2.8466
851,79,1,5.0,1,2.8466
851,186,1,4.0,1,2.3466
851,203,2,5.0,1,3.0493
851,206,1,3.0,1,1.8466
851,208,1,5.0,1,2.8466
851,210,1,4.0,1,2.3466
851,213,1,3.0,1,1.8466
851,220,1,5.0,1,2.8466
851,240,1,4.0,1,2.3466
851,270,1,3.0,1,1.8466
851,309,1,4.0,1,2.3466
851,339,1,5.0,1,2.8466
852,25,2,4.0,1,2.5493
852,155,1,4.0,1,2.3466
852,190,1,3.0,1,1.8466
852,307,3,4.0,1,2.6931
852,308,3,4.0,1,2.6931
852,317,2,4.5,2,2.7993
852,322,3,3.0,1,2.1931
852,325,4,5.0,2,3.3047
852,326,1,5.0,1,2.8466
852,332,1,5.0,1,2.8466
853,9,1,4.0,1,2.3466
853,14,1,4.0,1,2.3466
853,24,2,4.0,1,2.5493
853,35,1,5.0,1,2.8466
853,179,1,4.0,1,2.3466
853,309,1,5.0,1,2.8466
853,314,2,3.0,1,2.0493
854,4,2,5.0,1,3.0493
854,34,1,4.0,1,2.3466
854,56,2,5.0,1,3.0493
854,158,1,5.0,1,2.8466
854,164,3,4.0,1,2.6931
854,173,1,5.0,1,2.8466
854,175,1,4.0,1,2.3466
855,4,4,5.0,1,3.3047
855,9,3,5.0,1,3.1931
855,12,2,5.0,1,3.0493
855,17,2,4.5,1,2.7993
855,63,1,5.0,1,2.8466
855,75,4,4.0,1,2.8047
855,147,2,5.0,1,3.0493
855,155,3,5.0,1,3.1931
855,156,3,5.0,1,3.1931
855,202,1,4.0,1,2.3466
855,212,3,5.0,1,3.1931
855,218,1,4.0,1,2.3466
855,219,4,4.0,1,2.8047
855,312,3,5.0,1,3.1931
855,337,2,5.0,1,3.0493
856,51,1,3.0,1,1.8466
856,69,1,5.0,1,2.8466
856,73,1,5.0,1,2.8466
856,74,2,5.0,1,3.0493
856,76,2,5.0,1,3.0493
856,78,1,4.0,1,2.3466
856,177,1,4.0,1,2.3466
856,208,2,4.0,1,2.5493
856,222,1,5.0,1,2.8466
856,305,2,3.0,1,2.0493
856,324,1,5.0,1,2.8466
856,349,2,4.0,1,2.5493
857,68,1,4.0,1,2.3466
857,70,1,5.0,1,2.8466
857,114,1,5.0,1,2.8466
857,116,3,4.0,1,2.6931
857,126,2,5.0,1,3.0493
857,147,1,5.0,1,2.8466
857,160,3,4.0,1,2.6931
857,194,1,5.0,1,2.8466
857,255,1,4.0,1,2.3466
857,289,2,3.0,1,2.0493
857,345,1,4.0,1,2.3466
857,347,1,4.0,1,2.3466
858,70,2,4.0,2,2.5493
858,104,2,5.0,1,3.0493
858,112,3,5.0,1,3.1931
858,118,2,5.0,1,3.0493
858,213,2,4.0,1,2.5493
858,249,1,3.0,1,1.8466
858,260,1,4.0,1,2.3466
858,301,1,4.0,1,2.3466
858,305,1,3.0,1,1.8466
858,341,1,4.0,1,2.3466
859,76,2,4.0,1,2.5493
859,84,1,5.0,1,2.8466
859,93,1,5.0,1,2.8466
859,232,1,5.0,1,2.8466
859,256,2,3.0,1,2.0493
859,283,2,3.0,1,2.0493
859,293,1,5.0,1,2.8466
859,308,2,5.0,1,3.0493
859,311,1,3.0,1,1.8466
859,323,1,5.0,1,2.8466
860,93,1,5.0,1,2.8466
860,109,1,4.0,1,2.3466
860,232,1,5.0,1,2.8466
860,238,3,4.0,1,2.6931
860,240,1,5.0,1,2.8466
860,306,3,4.0,1,2.6931
860,321,1,4.0,1,2.3466
860,337,2,4.0,1,2.5493
861,1,2,4.0,1,2.5493
861,7,2,5.0,1,3.0493
861,9,2,4.0,1,2.5493
861,13,1,5.0,1,2.8466
861,48,2,5.0,1,3.0493
861,109,3,4.0,1,2.6931
861,174,2,4.0,1,2.5493
861,312,1,5.0,1,2.8466
861,321,1,4.0,1,2.3466
861,323,1,4.0,1,2.3466
861,328,1,5.0,1,2.8466
861,330,4,4.0,1,2.8047
862,5,3,4.0,1,2.6931
862,25,3,4.0,1,2.6931
862,27,1,5.0,1,2.8466
862,30,1,3.0,1,1.8466
862,32,2,4.0,1,2.5493
862,71,1,4.0,1,2.3466
862,73,1,5.0,1,2.8466
862,99,2,4.0,1,2.5493
862,148,1,4.0,1,2.3466
862,161,1,3.0,1,1.8466
862,179,3,5.0,1,3.1931
862,308,3,4.5,2,2.9431
862,319,2,4.0,1,2.5493
862,327,1,4.0,1,2.3466
863,72,2,5.0,1,3.0493
863,107,3,4.0,1,2.6931
863,110,2,5.0,1,3.0493
863,116,1,3.0,1,1.8466
863,123,3,5.0,2,3.1931
863,138,1,5.0,1,2.8466
863,197,2,5.0,1,3.0493
863,203,2,3.0,1,2.0493
863,274,1,5.0,1,2.8466
864,69,1,5.0,1,2.8466
864,78,1,4.0,1,2.3466
864,206,1,3.0,1,1.8466
864,218,1,5.0,1,2.8466
865,100,1,3.0,1,1.8466
865,208,1,4.0,1,2.3466
865,238,2,5.0,1,3.0493
865,312,1,3.0,1,1.8466
865,333,2,5.0,1,3.0493
866,19,3,4.0,1,2.6931
866,37,1,4.0,1,2.3466
866,69,1,4.0,1,2.3466
866,95,1,4.0,1,2.3466
866,119,1,5.0,1,2.8466
866,332,1,5.0,1,2.8466
866,337,1,3.0,1,1.8466
866,346,3,5.0,1,3.1931
866,348,1,5.0,1,2.8466
867,99,1,3.0,1,1.8466
867,332,1,4.0,1,2.3466
868,37,1,5.0,1,2.8466
868,84,1,4.0,1,2.3466
868,311,1,3.0,1,1.8466
868,322,2,4.0,1,2.5493
868,324,1,5.0,1,2.8466
868,347,1,3.0,1,1.8466
869,125,1,3.0,1,1.8466
869,131,1,5.0,1,2.8466
869,247,1,4.0,1,2.3466
869,266,1,5.0,1,2.8466
869,276,2,4.0,1,2.5493
869,294,1,5.0,1,2.8466
869,309,4,4.5,2,3.0547
869,315,1,4.0,1,2.3466
869,328,2,5.0,1,3.0493
870,45,4,5.0,2,3.3047
870,186,1,5.0,1,2.8466
870,196,1,5.0,1,2.8466
871,119,3,4.0,1,2.6931
871,125,1,5.0,1,2.8466
871,194,2,3.0,1,2.0493
871,212,2,3.0,1,2.0493
871,242,1,3.0,1,1.8466
871,253,1,4.0,1,2.3466
871,257,2,4.0,1,2.5493
871,270,1,3.0,1,1.8466
871,313,2,5.0,1,3.0493
871,314,1,3.0,1,1.8466
871,317,1,5.0,1,2.8466
871,320,1,4.0,1,2.3466
872,13,1,5.0,1,2.8466
872,26,2,4.0,1,2.5493
872,43,1,4.0,1,2.3466
872,53,1,5.0,1,2.8466
872,107,2,4.0,1,2.5493
872,170,1,3.0,1,1.8466
872,195,1,4.0,1,2.3466
872,228,1,5.0,1,2.8466
872,294,1,5.0,1,2.8466
872,331,5,4.7,3,3.2459
872,334,2,5.0,1,3.0493
872,335,7,4.3,3,3.1897
872,336,3,5.0,1,3.1931
872,337,6,3.7,2,2.823
872,338,5,4.7,3,3.2459
872,339,2,5.0,1,3.0493
872,343,1,5.0,1,2.8466
872,344,5,4.0,2,2.8959
872,345,5,3.0,2,2.3959
872,347,2,5.0,1,3.0493
872,349,3,4.5,2,2.9431
873,139,2,5.0,1,3.0493
873,273,2,4.0,1,2.5493
873,276,4,5.0,1,3.3047
873,283,2,5.0,1,3.0493
873,290,1,5.0,1,2.8466
874,95,1,4.0,1,2.3466
874,144,4,5.0,1,3.3047
874,149,5,4.5,2,3.1459
874,231,5,4.0,1,2.8959
875,32,1,5.0,1,2.8466
875,80,3,3.0,1,2.1931
875,316,3,4.0,1,2.6931
875,330,2,5.0,1,3.0493
875,333,1,5.0,1,2.8466
875,334,1,5.0,1,2.8466
875,335,3,5.0,1,3.1931
875,347,4,5.0,1,3.3047
875,349,2,5.0,1,3.0493
876,90,1,4.0,1,2.3466
876,93,2,4.0,1,2.5493
876,182,2,5.0,1,3.0493
876,239,1,5.0,1,2.8466
876,251,1,3.0,1,1.8466
877,39,3,4.0,1,2.6931
877,101,3,4.0,1,2.6931
877,128,1,5.0,1,2.8466
877,161,3,4.0,1,2.6931
877,165,2,5.0,1,3.0493
877,171,1,4.0,1,2.3466
877,180,3,3.0,1,2.1931
877,189,1,3.0,1,1.8466
877,215,1,4.0,1,2.3466
878,103,2,4.0,1,2.5493
878,196,1,3.0,1,1.8466
878,270,2,3.0,1,2.0493
878,309,2,5.0,1,3.0493
878,334,1,3.0,1,1.8466
878,338,2,4.0,1,2.5493
878,344,1,5.0,1,2.8466
878,345,1,4.0,1,2.3466
878,347,1,3.0,1,1.8466
878,349,2,4.5,2,2.7993
879,100,3,4.0,1,2.6931
879,106,1,5.0,1,2.8466
879,127,1,4.0,1,2.3466
879,262,2,4.0,1,2.5493
879,265,3,5.0,1,3.1931
880,78,2,5.0,1,3.0493
880,86,2,4.0,1,2.5493
880,123,1,5.0,1,2.8466
880,131,1,4.0,1,2.3466
880,134,2,4.0,1,2.5493
880,262,2,4.0,1,2.5493
880,263,1,4.0,1,2.3466
880,265,2,4.0,1,2.5493
880,268,2,3.0,1,2.0493
880,271,1,5.0,1,2.8466
880,279,3,5.0,1,3.1931
880,282,2,4.0,1,2.5493
881,6,2,5.0,1,3.0493
881,11,2,5.0,1,3.0493
881,17,3,4.0,1,2.6931
881,32,1,3.0,1,1.8466
881,38,1,5.0,1,2.8466
881,42,4,4.5,2,3.0547
881,45,3,4.0,1,2.6931
881,48,4,4.0,1,2.8047
881,55,2,4.5,2,2.7993
881,60,2,5.0,1,3.0493
881,61,3,4.0,1,2.6931
881,65,1,5.0,1,2.8466
881,66,2,4.0,1,2.5493
881,71,3,5.0,1,3.1931
881,75,2,4.0,1,2.5493
881,142,3,4.0,1,2.6931
881,151,1,4.0,1,2.3466
881,153,1,5.0,1,2.8466
881,156,2,4.0,1,2.5493
881,159,3,4.0,1,2.6931
881,186,4,4.5,2,3.0547
881,188,1,4.0,1,2.3466
881,193,2,4.0,1,2.5493
881,212,2,5.0,1,3.0493
881,213,1,5.0,1,2.8466
881,219,2,4.0,1,2.5493
881,220,2,5.0,1,3.0493
881,260,1,5.0,1,2.8466
882,54,3,5.0,1,3.1931
882,164,1,3.0,1,1.8466
882,349,1,4.0,1,2.3466
883,121,2,5.0,1,3.0493
883,135,3,5.0,1,3.1931
883,136,3,5.0,1,3.1931
883,167,1,3.0,1,1.8466
883,252,2,3.5,2,2.2993
883,263,3,4.0,1,2.6931
883,306,1,4.0,1,2.3466
883,310,1,4.0,1,2.3466
883,319,1,4.0,1,2.3466
883,324,3,5.0,1,3.1931
884,51,2,5.0,1,3.0493
884,70,1,5.0,1,2.8466
884,225,1,5.0,1,2.8466
884,268,1,3.0,1,1.8466
884,289,1,4.0,1,2.3466
884,313,1,5.0,1,2.8466
884,324,1,5.0,1,2.8466
885,273,1,5.0,1,2.8466
885,276,1,5.0,1,2.8466
885,330,3,4.0,1,2.6931
886,58,1,4.0,1,2.3466
886,59,2,3.0,1,2.0493
886,103,2,4.0,1,2.5493
886,108,3,3.0,1,2.1931
886,112,2,4.0,1,2.5493
886,115,1,5.0,1,2.8466
886,134,1,4.0,1,2.3466
886,150,3,5.0,1,3.1931
886,183,1,5.0,1,2.8466
886,185,1,5.0,1,2.8466
886,198,2,4.0,1,2.5493
886,247,1,5.0,1,2.8466
886,337,2,3.0,1,2.0493
887,22,1,5.0,1,2.8466
887,51,2,3.0,1,2.0493
887,115,1,4.0,1,2.3466
887,116,1,5.0,1,2.8466
887,156,1,4.0,1,2.3466
887,200,1,3.0,1,1.8466
887,216,1,4.0,1,2.3466
887,241,3,4.0,1,2.6931
887,253,1,4.0,1,2.3466
887,260,1,5.0,1,2.8466
888,4,1,4.0,1,2.3466
888,7,1,4.0,1,2.3466
888,10,2,3.0,1,2.0493
888,18,1,5.0,1,2.8466
888,60,2,3.0,1,2.0493
888,106,1,3.0,1,1.8466
888,149,2,4.0,1,2.5493
888,154,3,5.0,1,3.1931
888,155,2,5.0,1,3.0493
888,173,2,4.5,2,2.7993
888,177,1,3.0,1,1.8466
888,242,3,4.0,1,2.6931
888,244,2,5.0,1,3.0493
888,251,1,5.0,1,2.8466
888,257,2,5.0,1,3.0493
888,259,2,5.0,1,3.0493
889,278,2,3.0,1,2.0493
889,306,2,4.5,2,2.7993
889,308,2,5.0,1,3.0493
889,309,1,4.0,1,2.3466
889,312,2,5.0,1,3.0493
889,314,2,4.0,1,2.5493
889,315,2,5.0,1,3.0493
889,317,2,5.0,1,3.0493
889,318,5,5.0,2,3.3959
889,319,2,5.0,1,3.0493
889,321,3,5.0,2,3.1931
889,330,1,5.0,1,2.8466
890,5,2,5.0,1,3.0493
890,17,1,4.0,1,2.3466
890,47,1,3.0,1,1.8466
890,74,1,5.0,1,2.8466
890,100,1,4.0,1,2.3466
890,108,2,5.0,1,3.0493
890,127,1,5.0,1,2.8466
890,131,2,3.0,1,2.0493
890,156,2,4.5,2,2.7993
890,267,2,4.0,1,2.5493
890,333,2,4.0,1,2.5493
890,334,1,5.0,1,2.8466
890,348,1,4.0,1,2.3466
890,349,1,3.0,1,1.8466
890,350,1,4.0,1,2.3466
891,10,1,4.0,1,2.3466
891,13,2,5.0,1,3.0493
891,139,1,5.0,1,2.8466
891,141,1,3.0,1,1.8466
891,166,1,3.0,1,1.8466
891,167,1,5.0,1,2.8466
891,177,2,4.0,1,2.5493
891,297,1,5.0,1,2.8466
892,60,1,5.0,1,2.8466
892,82,1,4.0,1,2.3466
892,83,1,4.0,1,2.3466
892,93,1,5.0,1,2.8466
892,94,2,4.5,2,2.7993
892,99,1,5.0,1,2.8466
892,100,1,4.0,1,2.3466
892,228,1,4.0,1,2.3466
892,232,1,5.0,1,2.8466
892,280,1,3.0,1,1.8466
893,145,1,3.0,1,1.8466
893,174,2,4.0,1,2.5493
893,176,1,5.0,1,2.8466
893,263,1,5.0,1,2.8466
893,282,4,4.0,2,2.8047
893,288,1,5.0,1,2.8466
893,290,1,5.0,1,2.8466
893,294,1,5.0,1,2.8466
893,295,1,3.0,1,1.8466
893,303,1,4.0,1,2.3466
893,309,1,5.0,1,2.8466
893,314,2,4.0,1,2.5493
893,321,1,5.0,1,2.8466
893,322,1,3.0,1,1.8466
893,327,1,5.0,1,2.8466
893,328,1,3.0,1,1.8466
894,46,2,5.0,1,3.0493
894,64,1,4.0,1,2.3466
894,69,3,4.0,1,2.6931
894,70,1,4.0,1,2.3466
894,76,3,5.0,1,3.1931
894,79,2,4.0,1,2.5493
894,201,2,3.0,1,2.0493
894,203,3,4.0,1,2.6931
894,216,2,3.0,1,2.0493
894,248,2,4.0,1,2.5493
894,256,1,5.0,1,2.8466
894,312,3,5.0,1,3.1931
895,80,1,5.0,1,2.8466
895,84,2,4.5,1,2.7993
895,108,2,5.0,1,3.0493
895,111,2,5.0,1,3.0493
895,259,1,5.0,1,2.8466
896,58,1,4.0,1,2.3466
896,128,1,4.0,1,2.3466
896,306,1,5.0,1,2.8466
896,308,2,5.0,1,3.0493
896,311,1,5.0,1,2.8466
896,313,1,5.0,1,2.8466
896,316,2,5.0,1,3.0493
896,317,1,5.0,1,2.8466
896,329,2,4.0,1,2.5493
896,346,1,4.0,1,2.3466
897,76,1,5.0,1,2.8466
897,77,1,5.0,1,2.8466
897,115,2,4.0,1,2.5493
897,178,1,3.0,1,1.8466
897,188,1,3.0,1,1.8466
897,205,1,4.0,1,2.3466
897,206,1,5.0,1,2.8466
897,209,1,5.0,1,2.8466
897,212,1,4.0,1,2.3466
897,218,1,4.0,1,2.3466
897,220,1,5.0,1,2.8466
897,238,2,4.0,1,2.5493
897,278,2,5.0,1,3.0493
897,312,2,3.0,1,2.0493
897,327,1,4.0,1,2.3466
898,47,1,5.0,1,2.8466
898,50,1,5.0,1,2.8466
898,99,1,5.0,1,2.8466
898,108,1,4.0,1,2.3466
898,196,1,5.0,1,2.8466
898,312,2,5.0,1,3.0493
898,349,2,4.0,1,2.5493
899,43,1,4.0,1,2.3466
899,181,3,5.0,1,3.1931
899,193,2,3.0,1,2.0493
899,198,2,3.0,1,2.0493
899,309,1,3.0,1,1.8466
899,315,3,5.0,1,3.1931
899,324,3,5.0,1,3.1931
899,327,1,5.0,1,2.8466
899,329,2,5.0,1,3.0493
900,12,1,3.0,1,1.8466
900,28,2,4.0,1,2.5493
900,29,2,4.0,1,2.5493
900,34,1,3.0,1,1.8466
900,40,2,5.0,1,3.0493
900,43,1,5.0,1,2.8466
900,58,6,5.0,2,3.473
900,72,4,3.0,1,2.3047
900,111,1,3.0,1,1.8466
900,128,1,3.0,1,1.8466
900,182,2,3.0,1,2.0493
900,192,3,5.0,1,3.1931
900,226,2,4.0,1,2.5493
900,243,1,4.0,1,2.3466
901,52,1,5.0,1,2.8466
901,84,1,5.0,1,2.8466
901,151,1,5.0,1,2.8466
901,186,1,4.0,1,2.3466
901,311,2,5.0,1,3.0493
902,70,2,5.0,1,3.0493
902,109,1,5.0,1,2.8466
902,203,2,4.0,1,2.5493
902,210,1,5.0,1,2.8466
902,213,1,5.0,1,2.8466
902,214,1,5.0,1,2.8466
902,219,1,5.0,1,2.8466
902,268,1,3.0,1,1.8466
902,308,1,5.0,1,2.8466
902,334,2,4.0,1,2.5493
902,335,2,5.0,2,3.0493
902,340,1,5.0,1,2.8466
903,50,2,4.0,1,2.5493
903,60,2,3.0,1,2.0493
903,109,2,5.0,1,3.0493
903,170,1,5.0,1,2.8466
903,250,3,5.0,1,3.1931
903,251,1,5.0,1,2.8466
903,255,1,4.0,1,2.3466
903,286,1,5.0,1,2.8466
903,299,1,5.0,1,2.8466
903,300,1,5.0,1,2.8466
904,49,1,4.0,1,2.3466
904,222,3,5.0,1,3.1931
904,224,1,5.0,1,2.8466
904,229,1,4.0,1,2.3466
904,233,2,4.0,1,2.5493
904,240,1,4.0,1,2.3466
904,265,1,4.0,1,2.3466
905,50,1,4.0,1,2.3466
905,53,2,5.0,1,3.0493
905,95,3,5.0,1,3.1931
905,204,2,4.0,1,2.5493
905,300,1,4.0,1,2.3466
905,303,1,5.0,1,2.8466
905,332,4,5.0,1,3.3047
905,334,2,5.0,1,3.0493
905,338,1,4.0,1,2.3466
905,342,2,4.0,1,2.5493
905,345,2,4.0,1,2.5493
905,346,2,4.0,1,2.5493
905,347,1,5.0,1,2.8466
906,24,2,3.0,1,2.0493
906,25,1,5.0,1,2.8466
906,107,2,5.0,1,3.0493
906,112,3,5.0,1,3.1931
906,113,1,5.0,1,2.8466
906,125,2,5.0,1,3.0493
906,132,1,4.0,1,2.3466
906,137,1,5.0,1,2.8466
906,140,2,5.0,2,3.0493
906,163,1,3.0,1,1.8466
906,227,1,5.0,1,2.8466
906,252,3,5.0,1,3.1931
906,253,2,4.0,1,2.5493
906,258,2,5.0,1,3.0493
906,265,1,4.0,1,2.3466
906,268,1,5.0,1,2.8466
906,276,1,5.0,1,2.8466
907,1,1,5.0,1,2.8466
907,25,3,5.0,1,3.1931
907,29,1,4.0,1,2.3466
907,58,2,5.0,1,3.0493
907,75,2,4.0,1,2.5493
907,163,1,5.0,1,2.8466
907,169,2,5.0,1,3.0493
907,207,2,4.0,1,2.5493
907,252,2,5.0,1,3.0493
907,287,2,3.0,1,2.0493
907,298,3,5.0,1,3.1931
907,313,3,3.0,1,2.1931
907,315,3,4.0,1,2.6931
907,329,1,5.0,1,2.8466
907,335,2,4.0,1,2.5493
908,69,3,5.0,1,3.1931
908,72,1,4.0,1,2.3466
908,120,1,5.0,1,2.8466
908,164,2,4.0,1,2.5493
908,172,2,3.0,1,2.0493
908,216,3,5.0,1,3.1931
908,230,4,4.0,2,2.8047
908,231,2,5.0,1,3.0493
908,279,2,4.0,1,2.5493
908,294,3,4.0,1,2.6931
909,7,3,5.0,1,3.1931
909,142,1,5.0,1,2.8466
909,177,1,5.0,1,2.8466
909,302,3,4.0,1,2.6931
909,333,2,5.0,1,3.0493
909,337,2,5.0,1,3.0493
909,341,1,5.0,1,2.8466
909,342,4,4.0,2,2.8047
909,347,2,4.0,1,2.5493
909,349,1,5.0,1,2.8466
910,8,2,5.0,1,3.0493
910,62,2,3.0,1,2.0493
910,257,2,5.0,1,3.0493
910,269,2,5.0,1,3.0493
910,331,4,4.0,2,2.8047
910,332,1,5.0,1,2.8466
910,339,1,3.0,1,1.8466
910,344,1,4.0,1,2.3466
911,24,1,3.0,1,1.8466
911,30,3,4.0,1,2.6931
911,38,1,5.0,1,2.8466
911,63,3,5.0,1,3.1931
911,69,1,5.0,1,2.8466
911,129,1,4.0,1,2.3466
911,170,1,4.0,1,2.3466
911,173,3,3.0,1,2.1931
911,175,2,5.0,2,3.0493
911,183,3,5.0,1,3.1931
911,212,3,4.0,1,2.6931
911,220,2,5.0,1,3.0493
911,221,1,4.0,1,2.3466
911,289,1,5.0,1,2.8466
911,290,2,5.0,1,3.0493
911,300,5,4.0,2,2.8959
911,320,3,5.0,1,3.1931
911,346,3,3.0,1,2.1931
912,37,1,5.0,1,2.8466
912,51,2,5.0,1,3.0493
912,168,1,4.0,1,2.3466
912,224,2,4.0,1,2.5493
912,261,1,3.0,1,1.8466
912,338,1,5.0,1,2.8466
913,59,1,5.0,1,2.8466
913,104,1,3.0,1,1.8466
913,166,2,4.0,1,2.5493
913,196,1,5.0,1,2.8466
913,197,1,4.0,1,2.3466
913,273,1,4.0,1,2.3466
913,304,1,4.0,1,2.3466
913,335,3,4.0,2,2.6931
914,181,1,5.0,1,2.8466
915,12,1,4.0,1,2.3466
915,41,1,5.0,1,2.8466
915,44,3,4.0,1,2.6931
915,48,1,4.0,1,2.3466
915,51,4,4.0,1,2.8047
915,78,2,5.0,1,3.0493
915,79,4,4.0,1,2.8047
915,88,2,4.0,1,2.5493
915,93,3,5.0,1,3.1931
915,99,3,5.0,1,3.1931
915,164,2,5.0,1,3.0493
915,186,2,5.0,1,3.0493
915,191,1,5.0,1,2.8466
915,195,2,5.0,1,3.0493
915,199,4,5.0,1,3.3047
915,228,1,3.0,1,1.8466
915,238,2,5.0,1,3.0493
915,243,1,5.0,1,2.8466
915,291,2,4.0,1,2.5493
915,304,1,4.0,1,2.3466
916,5,2,3.0,1,2.0493
916,48,4,4.0,1,2.8047
916,50,2,5.0,1,3.0493
916,100,2,4.0,1,2.5493
916,283,1,4.0,1,2.3466
916,284,2,5.0,1,3.0493
916,286,4,4.0,2,2.8047
916,293,4,5.0,1,3.3047
916,304,1,5.0,1,2.8466
916,307,2,3.0,1,2.0493
916,308,4,5.0,1,3.3047
916,316,2,4.0,1,2.5493
916,326,2,4.0,1,2.5493
916,341,2,4.0,1,2.5493
916,348,1,5.0,1,2.8466
917,163,1,4.0,1,2.3466
917,166,1,4.0,1,2.3466
917,227,1,3.0,1,1.8466
917,276,1,3.0,1,1.8466
917,281,2,5.0,1,3.0493
917,283,2,5.0,1,3.0493
917,289,2,5.0,1,3.0493
917,296,1,4.0,1,2.3466
917,305,1,5.0,1,2.8466
918,4,1,5.0,1,2.8466
918,9,2,5.0,1,3.0493
918,14,1,5.0,1,2.8466
918,15,2,4.0,1,2.5493
918,16,1,4.0,1,2.3466
918,147,2,5.0,1,3.0493
918,149,1,5.0,1,2.8466
918,153,1,5.0,1,2.8466
918,157,1,5.0,1,2.8466
918,163,1,4.0,1,2.3466
918,176,1,4.0,1,2.3466
918,266,1,3.0,1,1.8466
919,260,1,4.0,1,2.3466
920,38,1,5.0,1,2.8466
920,309,2,4.0,1,2.5493
920,334,1,5.0,1,2.8466
920,340,2,5.0,1,3.0493
921,268,1,4.0,1,2.3466
921,288,1,3.0,1,1.8466
922,206,1,5.0,1,2.8466
922,208,1,5.0,1,2.8466
922,213,1,5.0,1,2.8466
922,215,1,5.0,1,2.8466
922,220,1,5.0,1,2.8466
922,299,1,5.0,1,2.8466
922,308,1,4.0,1,2.3466
923,72,1,5.0,1,2.8466
923,152,1,5.0,1,2.8466
923,284,1,5.0,1,2.8466
923,285,1,3.0,1,1.8466
923,290,1,4.0,1,2.3466
923,291,1,5.0,1,2.8466
924,51,2,3.0,1,2.0493
924,236,3,5.0,1,3.1931
924,251,2,5.0,1,3.0493
924,281,1,5.0,1,2.8466
924,284,1,4.0,1,2.3466
924,289,2,5.0,1,3.0493
924,291,3,4.0,1,2.6931
924,295,1,5.0,1,2.8466
925,5,2,4.0,1,2.5493
925,6,2,4.0,1,2.5493
925,18,1,3.0,1,1.8466
925,20,1,4.0,1,2.3466
925,141,1,4.0,1,2.3466
925,145,1,5.0,1,2.8466
925,147,2,3.0,1,2.0493
925,160,2,5.0,1,3.0493
925,174,1,3.0,1,1.8466
925,203,2,5.0,1,3.0493
925,207,1,3.0,1,1.8466
925,208,1,4.0,1,2.3466
925,210,2,5.0,1,3.0493
925,241,2,3.0,1,2.0493
925,249,1,3.0,1,1.8466
925,251,2,5.0,1,3.0493
926,20,1,4.0,1,2.3466
926,121,2,4.0,1,2.5493
926,143,3,5.0,1,3.1931
926,150,2,5.0,1,3.0493
926,153,1,3.0,1,1.8466
926,158,1,5.0,1,2.8466
926,277,1,5.0,1,2.8466
926,314,1,3.0,1,1.8466
926,334,1,5.0,1,2.8466
927,24,2,4.0,1,2.5493
927,83,1,5.0,1,2.8466
927,148,1,3.0,1,1.8466
927,169,1,5.0,1,2.8466
927,188,2,5.0,1,3.0493
927,227,3,5.0,1,3.1931
927,230,2,4.0,1,2.5493
927,231,1,5.0,1,2.8466
927,240,1,4.0,1,2.3466
927,242,1,5.0,1,2.8466
927,324,1,4.0,1,2.3466
928,3,2,5.0,1,3.0493
928,9,1,3.0,1,1.8466
928,12,1,5.0,1,2.8466
928,70,1,3.0,1,1.8466
928,92,2,4.0,1,2.5493
928,124,2,4.0,1,2.5493
928,128,1,5.0,1,2.8466
928,146,5,4.5,2,3.1459
928,242,2,4.0,1,2.5493
928,274,1,5.0,1,2.8466
928,279,1,5.0,1,2.8466
929,56,2,3.0,1,2.0493
929,58,2,5.0,1,3.0493
929,182,1,5.0,1,2.8466
929,183,2,5.0,1,3.0493
929,195,2,4.0,1,2.5493
930,2,1,4.0,1,2.3466
930,6,2,5.0,1,3.0493
930,15,1,4.0,1,2.3466
930,16,3,3.0,1,2.1931
930,52,2,4.0,1,2.5493
930,61,2,5.0,2,3.0493
930,78,1,5.0,1,2.8466
930,188,2,3.0,1,2.0493
930,264,1,5.0,1,2.8466
930,271,2,5.0,1,3.0493
930,309,1,5.0,1,2.8466
930,324,2,5.0,1,3.0493
931,27,3,5.0,1,3.1931
931,101,3,5.0,1,3.1931
931,162,1,5.0,1,2.8466
931,174,3,5.0,1,3.1931
931,179,3,4.0,1,2.6931
931,245,3,4.0,1,2.6931
931,257,2,5.0,1,3.0493
931,309,2,3.0,1,2.0493
931,334,2,5.0,1,3.0493
932,14,2,4.0,1,2.5493
932,20,1,4.0,1,2.3466
932,95,1,3.0,1,1.8466
932,188,1,4.0,1,2.3466
932,207,1,5.0,1,2.8466
932,332,1,4.0,1,2.3466
932,333,2,4.5,1,2.7993
932,335,3,4.5,2,2.9431
932,339,1,4.0,1,2.3466
932,340,1,5.0,1,2.8466
932,341,1,5.0,1,2.8466
932,343,1,5.0,1,2.8466
932,346,2,5.0,1,3.0493
932,347,1,5.0,1,2.8466
932,349,1,5.0,1,2.8466
933,13,2,4.0,1,2.5493
933,99,1,4.0,1,2.3466
933,142,1,5.0,1,2.8466
933,144,2,5.0,1,3.0493
933,157,1,5.0,1,2.8466
933,179,1,3.0,1,1.8466
933,233,1,4.0,1,2.3466
933,240,2,5.0,1,3.0493
933,249,2,4.0,1,2.5493
933,281,1,4.0,1,2.3466
933,311,4,3.5,2,2.5547
934,24,1,4.0,1,2.3466
934,106,1,3.0,1,1.8466
934,251,1,3.0,1,1.8466
934,311,2,3.5,2,2.2993
934,312,2,5.0,1,3.0493
934,313,1,4.0,1,2.3466
934,320,1,4.0,1,2.3466
934,323,1,5.0,1,2.8466
934,324,1,5.0,1,2.8466
934,326,2,4.5,2,2.7993
934,330,1,5.0,1,2.8466
935,1,2,5.0,1,3.0493
935,11,1,4.0,1,2.3466
935,17,1,5.0,1,2.8466
935,107,1,5.0,1,2.8466
935,155,1,5.0,1,2.8466
935,158,1,5.0,1,2.8466
935,160,1,5.0,1,2.8466
935,309,1,4.0,1,2.3466
935,311,1,4.0,1,2.3466
935,313,1,5.0,1,2.8466
935,317,1,4.0,1,2.3466
935,323,4,4.3,3,2.9547
936,31,1,4.0,1,2.3466
936,42,2,5.0,1,3.0493
936,79,1,4.0,1,2.3466
936,117,1,4.0,1,2.3466
936,234,3,4.0,1,2.6931
936,244,1,4.0,1,2.3466
936,252,1,5.0,1,2.8466
937,1,1,3.0,1,1.8466
937,34,3,4.5,2,2.9431
937,52,2,5.0,1,3.0493
937,68,1,3.0,1,1.8466
937,142,1,5.0,1,2.8466
937,178,3,5.0,1,3.1931
937,180,1,5.0,1,2.8466
937,185,2,4.0,1,2.5493
937,309,1,5.0,1,2.8466
937,328,1,4.0,1,2.3466
938,22,2,5.0,1,3.0493
938,25,2,5.0,1,3.0493
938,30,1,4.0,1,2.3466
938,35,1,5.0,1,2.8466
938,37,2,5.0,1,3.0493
938,38,2,5.0,1,3.0493
938,39,1,4.0,1,2.3466
938,54,3,4.0,1,2.6931
938,147,1,3.0,1,1.8466
938,168,1,5.0,1,2.8466
938,173,1,5.0,1,2.8466
938,174,2,4.0,1,2.5493
938,324,1,3.0,1,1.8466
939,4,1,5.0,1,2.8466
939,107,1,5.0,1,2.8466
939,108,1,5.0,1,2.8466
939,109,1,4.0,1,2.3466
939,112,1,5.0,1,2.8466
939,114,1,4.0,1,2.3466
939,118,1,5.0,1,2.8466
939,120,1,5.0,1,2.8466
940,1,1,5.0,1,2.8466
940,182,2,5.0,1,3.0493
940,187,2,4.0,1,2.5493
940,193,1,3.0,1,1.8466
940,332,1,4.0,1,2.3466
940,335,2,5.0,1,3.0493
940,342,1,5.0,1,2.8466
941,77,1,3.0,1,1.8466
941,118,1,3.0,1,1.8466
941,227,1,3.0,1,1.8466
941,244,3,5.0,1,3.1931
941,250,2,5.0,1,3.0493
941,285,1,5.0,1,2.8466
941,287,2,5.0,1,3.0493
941,311,1,5.0,1,2.8466
941,313,1,5.0,1,2.8466
941,318,3,5.0,1,3.1931
942,104,2,5.0,1,3.0493
942,175,1,5.0,1,2.8466
942,251,1,4.0,1,2.3466
942,252,2,5.0,1,3.0493
942,254,1,5.0,1,2.8466
942,344,2,5.0,1,3.0493
942,349,1,3.0,1,1.8466
943,17,1,5.0,1,2.8466
943,111,2,5.0,1,3.0493
943,170,1,5.0,1,2.8466
943,326,2,5.0,1,3.0493
944,101,1,5.0,1,2.8466
944,113,1,4.0,1,2.3466
944,226,1,5.0,1,2.8466
944,244,1,3.0,1,1.8466
944,261,3,5.0,1,3.1931
944,299,1,5.0,1,2.8466
944,328,2,3.0,1,2.0493
945,43,3,5.0,1,3.1931
945,50,2,5.0,1,3.0493
945,51,1,4.0,1,2.3466
945,54,2,5.0,1,3.0493
945,57,2,5.0,1,3.0493
945,118,2,4.0,1,2.5493
945,156,1,5.0,1,2.8466
945,192,1,5.0,1,2.8466
945,331,1,4.0,1,2.3466
945,334,1,4.0,1,2.3466
945,340,1,4.0,1,2.3466
945,343,1,3.0,1,1.8466
945,348,1,5.0,1,2.8466
946,119,3,5.0,1,3.1931
946,214,3,4.0,1,2.6931
946,302,2,5.0,1,3.0493
947,101,1,4.0,1,2.3466
947,302,1,4.0,1,2.3466
947,343,1,3.0,1,1.8466
948,42,1,5.0,1,2.8466
948,60,1,5.0,1,2.8466
948,174,1,3.0,1,1.8466
948,184,2,5.0,1,3.0493
948,271,1,5.0,1,2.8466
950,162,1,5.0,1,2.8466
950,169,1,5.0,1,2.8466
950,175,1,5.0,1,2.8466
950,238,1,4.0,1,2.3466
950,269,2,4.0,1,2.5493
950,276,4,4.0,1,2.8047
950,304,1,4.0,1,2.3466
951,63,2,5.0,1,3.0493
951,68,4,4.5,1,3.0547
951,69,1,5.0,1,2.8466
951,73,2,5.0,1,3.0493
951,76,2,4.0,1,2.5493
951,157,2,4.0,1,2.5493
951,190,1,5.0,1,2.8466
951,201,3,5.0,1,3.1931
951,214,1,5.0,1,2.8466
951,222,1,5.0,1,2.8466
951,232,3,3.0,1,2.1931
951,260,1,5.0,1,2.8466
951,286,1,3.0,1,1.8466
951,307,1,4.0,1,2.3466
951,310,1,5.0,1,2.8466
951,312,2,4.0,1,2.5493
951,317,1,5.0,1,2.8466
951,329,1,5.0,1,2.8466
952,13,3,3.0,1,2.1931
952,55,2,5.0,1,3.0493
952,96,2,5.0,1,3.0493
952,127,1,4.0,1,2.3466
952,156,1,4.0,1,2.3466
952,218,3,4.5,1,2.9431
952,338,1,5.0,1,2.8466
952,340,1,5.0,1,2.8466
952,345,1,4.0,1,2.3466
953,22,2,5.0,1,3.0493
953,33,2,4.0,1,2.5493
953,161,3,4.0,2,2.6931
953,332,3,4.0,1,2.6931
953,335,2,5.0,1,3.0493
953,341,2,5.0,1,3.0493
953,343,1,4.0,1,2.3466
953,344,3,5.0,1,3.1931
953,350,1,5.0,1,2.8466
954,210,2,4.0,1,2.5493
954,334,3,5.0,1,3.1931
954,338,2,4.0,1,2.5493
954,339,2,5.0,1,3.0493
954,342,7,4.7,2,3.3897
954,350,3,5.0,1,3.1931
955,63,2,3.0,1,2.0493
955,75,3,4.0,1,2.6931
955,203,2,5.0,1,3.0493
955,207,1,5.0,1,2.8466
955,213,3,4.0,1,2.6931
955,272,2,5.0,1,3.0493
955,287,1,5.0,1,2.8466
955,288,4,4.0,1,2.8047
955,289,2,5.0,1,3.0493
955,295,3,4.0,1,2.6931
955,298,2,5.0,1,3.0493
955,333,2,5.0,1,3.0493
955,336,2,4.0,1,2.5493
955,339,3,4.0,1,2.6931
955,341,3,5.0,1,3.1931
955,344,2,4.0,1,2.5493
956,35,1,5.0,1,2.8466
956,37,1,5.0,1,2.8466
956,107,2,5.0,2,3.0493
956,111,3,5.0,1,3.1931
956,171,2,4.0,1,2.5493
956,172,1,5.0,1,2.8466
956,192,1,4.0,1,2.3466
956,198,1,5.0,1,2.8466
957,25,2,4.0,1,2.5493
957,103,1,3.0,1,1.8466
957,247,2,5.0,1,3.0493
957,251,1,3.0,1,1.8466
957,295,1,4.0,1,2.3466
958,35,3,5.0,1,3.1931
958,145,3,5.0,1,3.1931
958,212,2,5.0,1,3.0493
959,108,3,3.0,1,2.1931
959,233,2,3.0,1,2.0493
959,308,3,5.0,1,3.1931
959,350,1,4.0,1,2.3466
960,51,1,4.0,1,2.3466
961,50,2,4.0,1,2.5493
961,129,3,5.0,1,3.1931
961,195,1,3.0,1,1.8466
961,198,1,5.0,1,2.8466
961,247,3,4.0,1,2.6931
961,263,3,5.0,1,3.1931
961,277,1,4.0,1,2.3466
962,11,1,3.0,1,1.8466
962,55,2,5.0,1,3.0493
962,126,3,5.0,1,3.1931
962,127,2,4.0,1,2.5493
962,195,1,4.0,1,2.3466
962,263,2,4.0,1,2.5493
962,265,2,5.0,1,3.0493
962,269,1,4.0,1,2.3466
962,272,1,4.0,1,2.3466
962,283,1,5.0,1,2.8466
962,286,2,4.0,1,2.5493
962,288,3,5.0,1,3.1931
962,289,1,5.0,1,2.8466
962,300,1,4.0,1,2.3466
962,323,1,5.0,1,2.8466
963,155,2,5.0,1,3.0493
963,180,1,3.0,1,1.8466
963,281,1,4.0,1,2.3466
963,295,2,4.0,1,2.5493
963,343,2,3.0,1,2.0493
964,13,4,5.0,1,3.3047
964,28,2,4.0,1,2.5493
964,36,3,5.0,1,3.1931
964,179,3,5.0,1,3.1931
964,243,2,4.0,1,2.5493
964,284,1,5.0,1,2.8466
964,289,3,4.0,1,2.6931
964,291,1,4.0,1,2.3466
964,293,2,5.0,1,3.0493
964,350,3,5.0,1,3.1931
965,99,1,3.0,1,1.8466
965,128,1,4.0,1,2.3466
965,247,3,5.0,1,3.1931
965,262,1,4.0,1,2.3466
965,283,1,3.0,1,1.8466
965,289,2,5.0,1,3.0493
965,292,2,5.0,1,3.0493
965,295,1,5.0,1,2.8466
965,301,1,5.0,1,2.8466
965,302,2,5.0,1,3.0493
965,304,1,4.0,1,2.3466
965,312,2,5.0,1,3.0493
965,315,3,5.0,1,3.1931
965,317,2,4.0,1,2.5493
965,318,1,5.0,1,2.8466
965,323,1,5.0,1,2.8466
965,342,2,5.0,1,3.0493
966,96,3,5.0,1,3.1931
966,117,2,5.0,1,3.0493
966,142,2,5.0,1,3.0493
966,180,2,4.0,1,2.5493
966,186,2,4.0,1,2.5493
966,235,2,5.0,1,3.0493
966,320,3,5.0,1,3.1931
967,73,1,3.0,1,1.8466
967,86,2,4.0,1,2.5493
967,103,2,5.0,1,3.0493
967,109,1,5.0,1,2.8466
967,114,2,5.0,1,3.0493
967,116,4,5.0,1,3.3047
967,118,2,5.0,1,3.0493
967,120,3,4.0,1,2.6931
967,149,1,3.0,1,1.8466
967,154,2,5.0,1,3.0493
967,158,4,4.0,1,2.8047
967,183,1,3.0,1,1.8466
967,246,2,5.0,1,3.0493
967,257,2,5.0,1,3.0493
967,334,1,5.0,1,2.8466
967,336,3,5.0,1,3.1931
967,338,2,5.0,1,3.0493
967,340,3,5.0,1,3.1931
967,342,1,5.0,1,2.8466
967,346,6,5.0,1,3.473
967,349,2,4.0,1,2.5493
968,1,1,5.0,1,2.8466
968,90,2,5.0,1,3.0493
968,269,3,5.0,1,3.1931
968,319,1,4.0,1,2.3466
968,332,1,5.0,1,2.8466
968,344,2,4.0,1,2.5493
968,346,3,5.0,1,3.1931
969,2,1,5.0,1,2.8466
969,93,1,5.0,1,2.8466
969,144,2,5.0,1,3.0493
969,146,1,5.0,1,2.8466
969,219,1,3.0,1,1.8466
969,313,1,5.0,1,2.8466
969,336,1,5.0,1,2.8466
969,337,1,4.0,1,2.3466
970,66,2,3.0,1,2.0493
970,98,2,5.0,1,3.0493
970,321,1,4.0,1,2.3466
970,323,1,5.0,1,2.8466
970,336,1,3.0,1,1.8466
970,338,1,4.0,1,2.3466
971,3,1,3.0,1,1.8466
971,41,1,4.0,1,2.3466
971,43,1,5.0,1,2.8466
971,46,3,5.0,2,3.1931
971,47,1,5.0,1,2.8466
971,52,1,5.0,1,2.8466
971,56,1,3.0,1,1.8466
971,86,1,3.0,1,1.8466
971,88,2,4.0,1,2.5493
971,91,1,4.0,1,2.3466
971,96,1,4.0,1,2.3466
971,186,3,5.0,2,3.1931
971,190,1,4.0,1,2.3466
971,197,1,5.0,1,2.8466
971,218,1,5.0,1,2.8466
971,222,1,5.0,1,2.8466
971,223,1,4.0,1,2.3466
971,228,3,4.5,2,2.9431
971,231,2,5.0,1,3.0493
971,311,1,4.0,1,2.3466
972,74,3,4.0,1,2.6931
972,110,4,5.0,1,3.3047
972,112,4,4.0,1,2.8047
972,340,4,4.0,1,2.8047
972,343,4,4.0,1,2.8047
972,344,3,5.0,1,3.1931
973,50,1,3.0,1,1.8466
973,66,1,5.0,1,2.8466
973,71,1,4.0,1,2.3466
973,107,1,3.0,1,1.8466
973,109,1,5.0,1,2.8466
973,215,1,5.0,1,2.8466
973,218,1,5.0,1,2.8466
973,219,1,5.0,1,2.8466
973,254,1,5.0,1,2.8466
973,309,1,5.0,1,2.8466
973,313,1,4.0,1,2.3466
974,196,1,5.0,1,2.8466
974,238,1,5.0,1,2.8466
974,285,1,5.0,1,2.8466
975,15,2,5.0,1,3.0493
975,59,2,4.0,1,2.5493
975,83,1,3.0,1,1.8466
975,89,1,5.0,1,2.8466
975,93,1,5.0,1,2.8466
975,94,2,4.0,1,2.5493
975,97,2,4.0,1,2.5493
975,145,1,4.0,1,2.3466
975,159,2,4.0,1,2.5493
975,221,1,4.0,1,2.3466
975,231,1,4.0,1,2.3466
975,245,2,5.0,1,3.0493
975,257,1,4.0,1,2.3466
976,18,1,5.0,1,2.8466
976,85,1,4.0,1,2.3466
976,86,1,4.0,1,2.3466
976,103,1,5.0,1,2.8466
976,134,1,5.0,1,2.8466
976,139,1,5.0,1,2.8466
976,228,1,4.0,1,2.3466
976,249,1,3.0,1,1.8466
976,256,2,4.5,2,2.7993
976,274,1,5.0,1,2.8466
976,277,1,4.0,1,2.3466
977,73,3,4.0,1,2.6931
977,74,1,5.0,1,2.8466
977,110,1,4.0,1,2.3466
977,334,1,4.0,1,2.3466
978,222,2,4.0,1,2.5493
978,252,1,4.0,1,2.3466
978,306,2,4.0,2,2.5493
978,307,1,5.0,1,2.8466
978,314,3,5.0,1,3.1931
978,318,2,5.0,1,3.0493
978,325,1,5.0,1,2.8466
978,327,1,4.0,1,2.3466
979,79,2,5.0,1,3.0493
979,93,1,3.0,1,1.8466
979,335,1,5.0,1,2.8466
979,337,3,5.0,1,3.1931
979,343,1,5.0,1,2.8466
979,347,2,5.0,1,3.0493
980,34,1,5.0,1,2.8466
980,54,3,5.0,1,3.1931
980,116,2,4.0,1,2.5493
980,167,1,5.0,1,2.8466
980,307,1,4.0,1,2.3466
980,318,1,4.0,1,2.3466
980,334,1,5.0,1,2.8466
980,336,2,5.0,1,3.0493
980,337,1,5.0,1,2.8466
981,7,1,4.0,1,2.3466
981,24,1,4.0,1,2.3466
981,25,2,5.0,1,3.0493
981,28,1,5.0,1,2.8466
981,30,1,5.0,1,2.8466
981,33,1,4.0,1,2.3466
981,40,1,5.0,1,2.8466
981,63,2,3.0,2,2.0493
981,93,1,5.0,1,2.8466
981,108,1,5.0,1,2.8466
981,169,1,4.0,1,2.3466
981,175,1,4.0,1,2.3466
982,47,1,5.0,1,2.8466
982,109,1,4.0,1,2.3466
982,123,1,5.0,1,2.8466
982,138,1,5.0,1,2.8466
982,261,3,5.0,1,3.1931
982,272,3,5.0,1,3.1931
982,275,1,5.0,1,2.8466
983,53,1,4.0,1,2.3466
983,85,1,4.0,1,2.3466
983,86,1,4.0,1,2.3466
983,87,2,5.0,1,3.0493
983,89,3,4.0,1,2.6931
983,92,3,5.0,1,3.1931
983,96,1,5.0,1,2.8466
983,98,3,3.5,2,2.4431
983,99,2,4.0,1,2.5493
983,100,2,4.0,1,2.5493
983,111,1,3.0,1,1.8466
983,116,1,4.0,1,2.3466
983,222,1,5.0,1,2.8466
983,223,1,4.0,1,2.3466
983,224,2,3.0,1,2.0493
983,231,1,3.0,1,1.8466
983,237,1,5.0,1,2.8466
983,272,2,5.0,1,3.0493
983,297,1,5.0,1,2.8466
983,301,3,5.0,1,3.1931
984,155,2,4.0,1,2.5493
984,281,2,4.0,1,2.5493
984,283,1,5.0,1,2.8466
984,288,2,4.0,1,2.5493
984,291,1,3.0,1,1.8466
984,293,2,5.0,1,3.0493
984,301,2,4.0,1,2.5493
984,329,3,5.0,1,3.1931
984,336,2,4.0,1,2.5493
985,26,1,5.0,1,2.8466
985,84,2,5.0,1,3.0493
985,87,2,4.0,1,2.5493
985,166,2,5.0,1,3.0493
985,167,1,4.0,1,2.3466
985,176,1,5.0,1,2.8466
985,177,1,4.0,1,2.3466
985,224,2,4.5,2,2.7993
985,229,1,4.0,1,2.3466
985,240,1,5.0,1,2.8466
985,307,1,3.0,1,1.8466
985,311,1,4.0,1,2.3466
986,13,3,5.0,1,3.1931
986,14,4,4.0,2,2.8047
986,18,2,5.0,1,3.0493
986,42,1,4.0,1,2.3466
986,49,1,3.0,1,1.8466
986,81,1,3.0,1,1.8466
986,125,1,4.0,1,2.3466
986,139,1,3.0,1,1.8466
986,144,1,4.0,1,2.3466
986,155,1,4.0,1,2.3466
986,158,1,5.0,1,2.8466
986,318,3,4.0,1,2.6931
987,26,2,4.0,1,2.5493
987,93,1,5.0,1,2.8466
987,133,1,4.0,1,2.3466
987,273,1,3.0,1,1.8466
987,314,1,4.0,1,2.3466
987,319,1,4.0,1,2.3466
987,323,2,3.0,1,2.0493
987,324,3,4.0,1,2.6931
987,325,1,5.0,1,2.8466
987,328,3,5.0,1,3.1931
987,329,3,3.0,1,2.1931
987,330,3,3.0,1,2.1931
988,23,2,5.0,1,3.0493
988,71,1,5.0,1,2.8466
988,202,3,5.0,1,3.1931
988,262,1,4.0,1,2.3466
988,269,1,4.0,1,2.3466
988,294,3,3.0,1,2.1931
988,323,1,5.0,1,2.8466
989,5,2,5.0,1,3.0493
989,30,3,5.0,1,3.1931
989,34,4,5.0,1,3.3047
989,143,2,5.0,1,3.0493
989,174,2,5.0,1,3.0493
989,194,2,4.0,1,2.5493
989,263,1,5.0,1,2.8466
990,8,4,5.0,1,3.3047
990,44,2,5.0,1,3.0493
990,50,1,4.0,1,2.3466
990,61,1,4.0,1,2.3466
990,63,1,5.0,1,2.8466
990,65,1,5.0,1,2.8466
990,75,3,4.0,1,2.6931
990,187,2,5.0,1,3.0493
990,193,5,4.0,2,2.8959
990,200,2,4.0,1,2.5493
990,208,1,5.0,1,2.8466
990,220,2,4.0,1,2.5493
991,20,1,5.0,1,2.8466
991,72,3,3.0,1,2.1931
991,79,3,3.0,1,2.1931
991,111,2,4.0,1,2.5493
991,114,1,5.0,1,2.8466
991,125,1,4.0,1,2.3466
991,151,1,3.0,1,1.8466
991,204,2,3.0,1,2.0493
991,206,1,5.0,1,2.8466
991,249,1,4.0,1,2.3466
991,253,3,4.0,1,2.6931
991,254,2,4.0,1,2.5493
991,256,4,5.0,1,3.3047
991,258,3,5.0,1,3.1931
991,259,2,4.0,1,2.5493
991,311,3,3.0,1,2.1931
992,337,2,3.0,1,2.0493
992,338,2,4.0,1,2.5493
992,340,3,5.0,1,3.1931
992,344,3,5.0,2,3.1931
992,346,1,4.0,1,2.3466
992,349,2,5.0,1,3.0493
992,350,1,5.0,1,2.8466
993,7,3,3.0,1,2.1931
993,8,1,4.0,1,2.3466
993,144,2,5.0,1,3.0493
993,151,1,4.0,1,2.3466
993,336,1,4.0,1,2.3466
993,339,2,4.0,1,2.5493
994,147,2,5.0,1,3.0493
994,250,2,3.0,1,2.0493
994,295,1,5.0,1,2.8466
994,299,3,5.0,1,3.1931
994,307,4,5.0,1,3.3047
995,4,3,4.0,1,2.6931
995,30,1,3.0,1,1.8466
995,77,1,3.0,1,1.8466
995,146,2,5.0,1,3.0493
995,160,3,5.0,1,3.1931
995,334,1,5.0,1,2.8466
995,342,3,4.0,1,2.6931
995,343,2,5.0,1,3.0493
995,345,1,5.0,1,2.8466
996,27,4,4.0,1,2.8047
996,38,2,4.0,1,2.5493
996,282,5,3.5,2,2.6459
996,283,4,3.0,1,2.3047
996,284,2,5.0,1,3.0493
996,287,5,5.0,2,3.3959
996,289,1,3.0,1,1.8466
996,295,6,5.0,2,3.473
996,301,3,4.5,2,2.9431
996,303,1,4.0,1,2.3466
997,23,2,3.0,1,2.0493
997,34,1,5.0,1,2.8466
997,67,1,4.0,1,2.3466
997,74,3,4.0,1,2.6931
997,75,2,5.0,1,3.0493
997,91,1,3.0,1,1.8466
997,94,1,3.0,1,1.8466
997,175,1,3.0,1,1.8466
997,180,3,5.0,1,3.1931
997,207,1,5.0,1,2.8466
997,217,1,4.0,1,2.3466
997,235,2,3.0,1,2.0493
997,260,1,5.0,1,2.8466
997,333,1,4.0,1,2.3466
998,190,2,5.0,1,3.0493
998,283,1,5.0,1,2.8466
998,286,2,5.0,1,3.0493
998,332,3,3.0,1,2.1931
998,335,2,5.0,1,3.0493
998,338,2,4.0,1,2.5493
998,347,5,4.5,2,3.1459
999,48,1,4.0,1,2.3466
999,109,1,5.0,1,2.8466
999,112,1,4.0,1,2.3466
999,114,2,5.0,1,3.0493
999,173,1,4.0,1,2.3466
999,223,1,5.0,1,2.8466
999,236,2,4.0,1,2.5493
999,245,1,5.0,1,2.8466
999,252,2,5.0,1,3.0493
999,326,1,3.0,1,1.8466
1000,188,1,5.0,1,2.8466
1000,292,1,5.0,1,2.8466
1000,293,1,4.0,1,2.3466
1000,298,1,4.0,1,2.3466
1001,2,1,5.0,1,2.8466
1001,5,1,4.0,1,2.3466
1001,12,2,5.0,1,3.0493
1001,20,1,4.0,1,2.3466
1001,87,1,4.0,1,2.3466
1001,141,1,4.0,1,2.3466
1001,142,1,4.0,1,2.3466
1001,145,1,5.0,1,2.8466
1001,159,2,5.0,1,3.0493
1001,214,1,4.0,1,2.3466
1001,270,1,3.0,1,1.8466
1001,293,2,3.0,1,2.0493
1002,12,1,4.0,1,2.3466
1002,37,1,5.0,1,2.8466
1002,109,1,4.0,1,2.3466
1002,127,1,5.0,1,2.8466
1002,128,2,5.0,1,3.0493
1002,157,2,4.5,1,2.7993
1002,260,1,4.0,1,2.3466
1002,262,1,5.0,1,2.8466
1002,263,1,5.0,1,2.8466
1002,265,1,3.0,1,1.8466
1002,275,1,4.0,1,2.3466
1002,280,1,4.0,1,2.3466
1002,281,1,3.0,1,1.8466
1002,284,1,4.0,1,2.3466
1002,286,1,5.0,1,2.8466
1002,291,1,5.0,1,2.8466
1002,293,1,4.0,1,2.3466
1002,295,2,4.0,2,2.5493
1002,300,1,5.0,1,2.8466
1002,327,1,5.0,1,2.8466
1003,70,1,3.0,1,1.8466
1003,94,2,5.0,1,3.0493
1003,332,1,4.0,1,2.3466
1003,333,1,5.0,1,2.8466
1003,339,1,3.0,1,1.8466
1003,340,3,4.0,2,2.6931
1003,342,1,5.0,1,2.8466
1003,348,1,5.0,1,2.8466
1004,98,1,3.0,1,1.8466
1004,114,1,5.0,1,2.8466
1004,115,2,5.0,1,3.0493
1004,123,1,4.0,1,2.3466
1004,126,1,4.0,1,2.3466
1004,134,1,5.0,1,2.8466
1004,140,2,4.5,1,2.7993
1004,207,2,4.0,1,2.5493
1004,211,1,5.0,1,2.8466
1004,254,1,4.0,1,2.3466
1004,285,1,5.0,1,2.8466
1004,289,1,3.0,1,1.8466
1005,289,1,3.0,1,1.8466
1005,307,6,4.0,1,2.973
1005,311,4,4.0,1,2.8047
1005,315,1,4.0,1,2.3466
1005,317,3,5.0,1,3.1931
1005,321,2,5.0,1,3.0493
1005,327,1,4.0,1,2.3466
1005,328,4,5.0,1,3.3047
1005,335,1,5.0,1,2.8466
1005,336,3,5.0,1,3.1931
1006,43,1,4.0,1,2.3466
1006,291,1,5.0,1,2.8466
1006,302,2,4.0,1,2.5493
1007,125,2,4.0,1,2.5493
1007,129,1,5.0,1,2.8466
1007,132,1,4.0,1,2.3466
1007,200,2,3.0,1,2.0493
1007,270,4,5.0,2,3.3047
1007,274,1,5.0,1,2.8466
1007,278,2,5.0,1,3.0493
1007,329,1,4.0,1,2.3466
1008,20,3,4.0,1,2.6931
1008,105,2,4.0,1,2.5493
1008,307,2,5.0,1,3.0493
1008,319,2,5.0,1,3.0493
1008,324,2,3.0,1,2.0493
1009,122,2,4.0,1,2.5493
1009,126,2,4.0,1,2.5493
1009,157,2,4.0,1,2.5493
1009,175,3,4.0,1,2.6931
1009,221,2,4.0,1,2.5493
1009,245,1,5.0,1,2.8466
1009,251,2,3.0,1,2.0493
1009,257,3,5.0,1,3.1931
1009,267,1,4.0,1,2.3466
1009,268,1,5.0,1,2.8466
1009,275,3,5.0,1,3.1931
1009,282,1,5.0,1,2.8466
1009,285,2,5.0,1,3.0493
1009,286,6,5.0,2,3.473
1009,288,3,5.0,1,3.1931
1009,295,1,4.0,1,2.3466
1009,300,3,5.0,1,3.1931
1009,314,4,5.0,1,3.3047
1009,348,3,5.0,1,3.1931
1010,17,2,4.0,1,2.5493
1010,131,3,4.0,1,2.6931
1010,187,4,3.0,1,2.3047
1010,196,1,3.0,1,1.8466
1010,268,1,5.0,1,2.8466
1010,280,1,5.0,1,2.8466
1010,294,2,3.0,1,2.0493
1010,298,1,4.0,1,2.3466
1010,304,2,5.0,1,3.0493
1011,55,1,4.0,1,2.3466
1011,58,1,3.0,1,1.8466
1011,69,1,5.0,1,2.8466
1011,200,1,5.0,1,2.8466
1011,203,1,4.0,1,2.3466
1011,210,1,4.0,1,2.3466
1011,217,2,4.0,1,2.5493
1011,263,1,4.0,1,2.3466
1011,287,1,4.0,1,2.3466
1011,331,2,5.0,1,3.0493
1012,20,1,3.0,1,1.8466
1012,42,1,4.0,1,2.3466
1012,61,3,5.0,2,3.1931
1012,73,1,5.0,1,2.8466
1012,79,1,4.0,1,2.3466
1012,87,1,5.0,1,2.8466
1012,89,1,5.0,1,2.8466
1012,131,1,5.0,1,2.8466
1012,201,1,5.0,1,2.8466
1012,204,1,4.0,1,2.3466
1012,206,1,5.0,1,2.8466
1012,208,1,4.0,1,2.3466
1012,209,1,5.0,1,2.8466
1012,219,1,3.0,1,1.8466
1012,233,1,5.0,1,2.8466
1012,235,2,5.0,1,3.0493
1012,291,1,4.0,1,2.3466
1012,322,1,4.0,1,2.3466
1013,23,1,4.0,1,2.3466
1013,125,1,4.0,1,2.3466
1013,130,1,4.0,1,2.3466
1013,137,2,5.0,1,3.0493
1013,142,1,3.0,1,1.8466
1013,154,1,5.0,1,2.8466
1013,262,1,4.0,1,2.3466
1013,274,1,5.0,1,2.8466
1013,278,2,5.0,1,3.0493
1013,281,2,5.0,1,3.0493
1013,282,1,4.0,1,2.3466
1013,292,1,5.0,1,2.8466
1013,319,2,5.0,1,3.0493
1014,150,2,3.0,1,2.0493
1014,179,4,4.0,1,2.8047
1014,204,4,4.0,1,2.8047
1014,207,4,4.0,1,2.8047
1014,314,3,5.0,1,3.1931
1014,319,2,4.0,1,2.5493
1015,12,1,4.0,1,2.3466
1015,18,1,4.0,1,2.3466
1015,19,1,5.0,1,2.8466
1015,83,1,4.0,1,2.3466
1015,94,2,3.0,1,2.0493
1015,95,1,4.0,1,2.3466
1015,100,4,5.0,1,3.3047
1015,103,1,3.0,1,1.8466
1015,155,1,4.0,1,2.3466
1015,222,1,4.0,1,2.3466
1015,223,2,3.0,1,2.0493
1015,225,2,4.0,1,2.5493
1015,229,2,3.0,1,2.0493
1015,236,2,5.0,1,3.0493
1016,140,2,5.0,1,3.0493
1016,205,3,3.0,1,2.1931
1016,211,1,4.0,1,2.3466
1016,332,1,5.0,1,2.8466
1016,333,2,3.0,1,2.0493
1016,334,3,5.0,1,3.1931
1016,336,1,5.0,1,2.8466
1016,340,1,5.0,1,2.8466
1017,93,1,4.0,1,2.3466
1017,110,1,4.0,1,2.3466
1017,115,1,4.0,1,2.3466
1017,123,1,5.0,1,2.8466
1017,124,2,5.0,1,3.0493
1017,125,2,5.0,1,3.0493
1017,131,1,4.0,1,2.3466
1017,133,3,4.0,1,2.6931
1017,137,1,5.0,1,2.8466
1017,175,1,4.0,1,2.3466
1017,187,3,5.0,1,3.1931
1017,208,1,5.0,1,2.8466
1017,216,3,3.0,1,2.1931
1017,237,1,4.0,1,2.3466
1017,263,1,5.0,1,2.8466
1017,265,4,3.5,2,2.5547
1017,266,2,5.0,1,3.0493
1017,271,1,5.0,1,2.8466
1017,273,1,5.0,1,2.8466
1018,25,1,5.0,1,2.8466
1018,30,1,5.0,1,2.8466
1018,37,1,5.0,1,2.8466
1018,127,2,3.0,1,2.0493
1018,163,1,3.0,1,1.8466
1018,168,1,5.0,1,2.8466
1018,172,1,5.0,1,2.8466
1018,177,2,5.0,1,3.0493
1018,278,1,4.0,1,2.3466
1019,27,2,4.0,1,2.5493
1019,30,4,5.0,2,3.3047
1019,34,2,5.0,1,3.0493
1019,40,2,5.0,2,3.0493
1019,57,2,5.0,1,3.0493
1019,96,3,4.0,1,2.6931
1019,161,3,4.0,1,2.6931
1019,162,4,4.0,1,2.8047
1019,165,3,5.0,1,3.1931
1019,179,1,5.0,1,2.8466
1019,248,2,4.0,1,2.5493
1019,327,1,3.0,1,1.8466
1020,2,3,5.0,1,3.1931
1020,3,1,5.0,1,2.8466
1020,4,2,5.0,1,3.0493
1020,142,1,4.0,1,2.3466
1020,155,2,4.0,1,2.5493
1020,160,2,4.0,1,2.5493
1020,199,2,4.0,1,2.5493
1020,212,3,5.0,1,3.1931
1020,252,2,3.0,1,2.0493
1020,282,1,5.0,1,2.8466
1020,286,1,5.0,1,2.8466
1020,287,1,3.0,1,1.8466
1020,299,1,5.0,1,2.8466
1020,304,1,4.0,1,2.3466
1020,312,1,5.0,1,2.8466
1020,314,2,3.0,1,2.0493
1020,317,3,4.5,2,2.9431
1020,328,1,5.0,1,2.8466
1020,342,1,3.0,1,1.8466
1021,128,1,4.0,1,2.3466
1021,140,1,4.0,1,2.3466
1021,146,1,4.0,1,2.3466
1021,167,1,5.0,1,2.8466
1021,168,2,4.5,2,2.7993
1021,174,1,5.0,1,2.8466
1021,178,1,4.0,1,2.3466
1021,266,1,4.0,1,2.3466
1021,267,1,5.0,1,2.8466
1021,307,1,4.0,1,2.3466
1022,6,1,4.0,1,2.3466
1022,24,1,4.0,1,2.3466
1022,34,1,5.0,1,2.8466
1022,39,2,5.0,1,3.0493
1022,40,1,4.0,1,2.3466
1022,107,1,5.0,1,2.8466
1022,141,2,3.0,1,2.0493
1022,175,2,5.0,1,3.0493
1022,339,1,5.0,1,2.8466
1022,344,3,3.0,1,2.1931
1023,26,4,4.5,2,3.0547
1023,30,3,5.0,1,3.1931
1023,31,2,5.0,1,3.0493
1023,136,1,5.0,1,2.8466
1023,158,1,4.0,1,2.3466
1023,169,2,5.0,1,3.0493
1023,171,2,5.0,1,3.0493
1023,205,2,3.0,1,2.0493
1024,28,1,5.0,1,2.8466
1024,31,1,5.0,1,2.8466
1024,63,1,5.0,1,2.8466
1024,167,1,4.0,1,2.3466
1024,179,1,3.0,1,1.8466
1024,327,1,5.0,1,2.8466
1025,101,3,5.0,1,3.1931
1025,115,1,5.0,1,2.8466
1025,119,2,4.0,1,2.5493
1025,165,2,4.0,1,2.5493
1025,196,3,4.0,1,2.6931
1025,216,1,5.0,1,2.8466
1025,220,1,3.0,1,1.8466
1025,223,1,4.0,1,2.3466
1025,244,3,3.0,1,2.1931
1025,337,1,5.0,1,2.8466
1025,346,1,4.0,1,2.3466
1025,350,3,5.0,1,3.1931
1026,142,1,4.0,1,2.3466
1026,197,1,3.0,1,1.8466
1026,219,2,4.0,1,2.5493
1026,267,3,5.0,1,3.1931
1026,269,3,4.0,1,2.6931
1026,290,1,5.0,1,2.8466
1026,299,1,5.0,1,2.8466
1026,315,5,5.0,2,3.3959
1027,55,1,4.0,1,2.3466
1027,109,1,4.0,1,2.3466
1027,110,3,5.0,1,3.1931
1027,144,3,4.0,1,2.6931
1027,241,1,5.0,1,2.8466
1027,247,2,5.0,1,3.0493
1027,253,2,5.0,1,3.0493
1027,260,2,5.0,1,3.0493
1027,343,2,4.0,1,2.5493
1027,347,2,3.0,1,2.0493
1028,23,1,5.0,1,2.8466
1028,25,1,5.0,1,2.8466
1028,30,1,4.0,1,2.3466
1028,33,1,4.0,1,2.3466
1028,263,1,5.0,1,2.8466
1028,344,1,4.0,1,2.3466
1028,350,1,5.0,1,2.8466
1029,87,1,5.0,1,2.8466
1029,90,1,4.0,1,2.3466
1029,147,2,3.0,1,2.0493
1029,323,1,5.0,1,2.8466
1030,25,2,4.0,1,2.5493
1030,31,2,5.0,1,3.0493
1030,36,1,4.0,1,2.3466
1030,163,3,5.0,1,3.1931
1030,169,3,3.0,1,2.1931
1030,230,1,5.0,1,2.8466
1030,245,3,5.0,1,3.1931
1031,81,1,4.0,1,2.3466
1031,119,1,4.0,1,2.3466
1031,298,2,4.0,1,2.5493
1031,312,2,5.0,1,3.0493
1031,316,1,4.0,1,2.3466
1031,322,1,4.0,1,2.3466
1032,107,2,4.0,1,2.5493
1032,139,1,4.0,1,2.3466
1032,141,4,3.0,1,2.3047
1032,286,3,5.0,1,3.1931
1032,293,4,5.0,1,3.3047
1032,296,1,4.0,1,2.3466
1032,297,1,5.0,1,2.8466
1032,299,3,5.0,1,3.1931
1032,300,2,5.0,1,3.0493
1032,301,3,4.0,1,2.6931
1032,302,3,5.0,1,3.1931
1032,303,1,3.0,1,1.8466
1033,44,2,4.0,1,2.5493
1033,87,1,3.0,1,1.8466
1033,101,2,4.0,1,2.5493
1033,105,1,4.0,1,2.3466
1033,112,1,4.0,1,2.3466
1033,333,1,5.0,1,2.8466
1033,336,3,4.0,1,2.6931
1033,340,2,5.0,1,3.0493
1033,345,5,5.0,2,3.3959
1034,61,1,4.0,1,2.3466
1034,66,1,3.0,1,1.8466
1034,69,1,4.0,1,2.3466
1034,78,1,5.0,1,2.8466
1034,160,1,4.0,1,2.3466
1034,186,2,4.0,1,2.5493
1034,205,2,5.0,1,3.0493
1034,213,2,4.0,1,2.5493
1034,219,1,5.0,1,2.8466
1034,246,2,3.0,1,2.0493
1034,338,3,4.0,1,2.6931
1035,14,2,5.0,1,3.0493
1035,238,3,3.0,1,2.1931
1035,315,2,4.0,2,2.5493
1035,319,1,5.0,1,2.8466
1035,320,1,5.0,1,2.8466
1035,324,2,5.0,1,3.0493
1035,328,1,5.0,1,2.8466
1036,289,1,5.0,1,2.8466
1036,306,3,5.0,1,3.1931
1036,308,3,4.0,1,2.6931
1036,319,3,4.0,1,2.6931
1036,321,1,3.0,1,1.8466
1036,324,1,4.0,1,2.3466
1036,326,2,4.0,1,2.5493
1036,327,1,5.0,1,2.8466
1036,328,1,4.0,1,2.3466
1037,45,1,4.0,1,2.3466
1038,157,2,4.0,1,2.5493
1038,180,1,3.0,1,1.8466
1038,189,1,4.0,1,2.3466
1038,190,2,4.0,1,2.5493
1038,194,2,4.0,2,2.5493
1038,198,1,5.0,1,2.8466
1038,308,3,4.0,1,2.6931
1038,334,1,3.0,1,1.8466
1038,335,1,4.0,1,2.3466
1038,336,2,4.0,1,2.5493
1038,339,4,4.5,1,3.0547
1038,343,2,4.0,1,2.5493
1038,345,1,3.0,1,1.8466
1039,86,1,5.0,1,2.8466
1039,107,1,3.0,1,1.8466
1039,173,1,3.0,1,1.8466
1039,179,1,4.0,1,2.3466
1039,194,1,4.0,1,2.3466
1039,229,2,4.0,1,2.5493
1039,235,1,5.0,1,2.8466
1039,239,1,5.0,1,2.8466
1039,269,1,3.0,1,1.8466
1039,307,2,3.0,1,2.0493
1039,312,2,5.0,1,3.0493
1039,318,1,3.0,1,1.8466
1039,319,2,5.0,1,3.0493
1039,323,3,4.0,1,2.6931
1039,325,1,5.0,1,2.8466
1039,329,1,4.0,1,2.3466
1039,330,1,3.0,1,1.8466
1040,211,1,5.0,1,2.8466
1040,213,1,5.0,1,2.8466
1040,333,1,5.0,1,2.8466
1040,338,1,4.0,1,2.3466
1040,341,1,4.0,1,2.3466
1041,13,1,5.0,1,2.8466
1041,241,2,4.0,1,2.5493
1041,308,6,4.7,3,3.323
1041,324,1,5.0,1,2.8466
1041,329,2,5.0,1,3.0493
1041,330,3,4.0,1,2.6931
1042,12,1,5.0,1,2.8466
1042,14,1,4.0,1,2.3466
1042,45,1,5.0,1,2.8466
1042,58,2,4.5,2,2.7993
1042,107,1,5.0,1,2.8466
1042,114,1,4.0,1,2.3466
1042,118,1,3.0,1,1.8466
1042,191,1,4.0,1,2.3466
1042,245,2,4.0,2,2.5493
1042,253,2,4.0,1,2.5493
1042,258,3,4.0,1,2.6931
1042,318,1,4.0,1,2.3466
1043,37,1,5.0,1,2.8466
1043,163,2,4.0,1,2.5493
1043,176,2,5.0,1,3.0493
1043,223,2,5.0,1,3.0493
1043,237,1,3.0,1,1.8466
1043,311,3,5.0,1,3.1931
1043,314,2,4.0,1,2.5493
1043,315,2,4.0,1,2.5493
1043,324,1,4.0,1,2.3466
1044,42,1,5.0,1,2.8466
1044,43,1,5.0,1,2.8466
1044,75,1,3.0,1,1.8466
1044,97,1,3.0,1,1.8466
1044,137,1,4.0,1,2.3466
1044,138,1,4.0,1,2.3466
1044,186,2,5.0,1,3.0493
1044,190,1,4.0,1,2.3466
1044,193,1,5.0,1,2.8466
1044,198,1,4.0,1,2.3466
1044,253,1,3.0,1,1.8466
1044,331,2,5.0,1,3.0493
1044,341,2,5.0,2,3.0493
1045,26,2,4.0,1,2.5493
1045,28,2,5.0,1,3.0493
1045,36,2,4.5,2,2.7993
1045,103,1,4.0,1,2.3466
1045,134,2,4.0,1,2.5493
1045,140,2,3.0,1,2.0493
1045,161,1,5.0,1,2.8466
1045,162,3,5.0,1,3.1931
1045,163,6,4.5,2,3.223
1045,166,2,3.0,1,2.0493
1045,170,1,4.0,1,2.3466
1045,177,1,5.0,1,2.8466
1045,179,3,5.0,1,3.1931
1045,235,2,4.0,1,2.5493
1045,266,2,4.0,1,2.5493
1045,280,2,5.0,1,3.0493
1045,294,3,3.0,1,2.1931
1045,309,1,5.0,1,2.8466
1046,65,1,4.0,1,2.3466
1046,146,1,5.0,1,2.8466
1046,169,2,4.0,1,2.5493
1046,178,2,5.0,1,3.0493
1046,205,1,3.0,1,1.8466
1046,215,1,5.0,1,2.8466
1046,226,1,3.0,1,1.8466
1046,258,1,3.0,1,1.8466
1046,310,1,4.0,1,2.3466
1046,333,1,5.0,1,2.8466
1046,343,1,4.0,1,2.3466
1046,344,1,5.0,1,2.8466
1047,92,2,5.0,1,3.0493
1047,99,3,5.0,1,3.1931
1047,113,1,5.0,1,2.8466
1047,240,2,5.0,1,3.0493
1047,281,2,5.0,1,3.0493
1047,296,2,5.0,1,3.0493
1047,313,1,5.0,1,2.8466
1048,25,2,4.0,1,2.5493
1048,93,1,5.0,1,2.8466
1048,281,2,5.0,1,3.0493
1048,290,2,4.0,1,2.5493
1049,23,1,4.0,1,2.3466
1049,39,1,4.0,1,2.3466
1049,175,2,4.0,1,2.5493
1049,281,2,5.0,1,3.0493
1049,285,3,4.0,1,2.6931
1049,289,2,5.0,1,3.0493
1049,290,1,5.0,1,2.8466
1049,292,3,5.0,1,3.1931
1049,296,2,3.0,1,2.0493
1049,299,2,5.0,1,3.0493
1049,302,3,4.0,1,2.6931
1049,346,1,4.0,1,2.3466
1050,35,2,5.0,1,3.0493
1050,44,1,4.0,1,2.3466
1050,171,2,4.0,1,2.5493
1050,178,1,5.0,1,2.8466
1050,226,1,4.0,1,2.3466
1050,248,2,4.0,1,2.5493
1050,254,2,4.5,2,2.7993
1050,256,2,4.0,1,2.5493
1051,52,1,5.0,1,2.8466
1051,98,1,5.0,1,2.8466
1051,109,1,4.0,1,2.3466
1051,114,1,4.0,1,2.3466
1051,186,2,4.0,1,2.5493
1051,252,1,4.0,1,2.3466
1051,256,1,4.0,1,2.3466
1051,265,1,4.0,1,2.3466
1052,41,2,3.0,1,2.0493
1052,78,1,3.0,1,1.8466
1052,85,1,5.0,1,2.8466
1052,110,2,5.0,1,3.0493
1052,221,1,4.0,1,2.3466
1052,222,1,5.0,1,2.8466
1052,224,1,5.0,1,2.8466
1052,226,1,5.0,1,2.8466
1052,231,1,4.0,1,2.3466
1052,234,3,5.0,1,3.1931
1052,236,8,4.3,3,3.2486
1052,307,2,5.0,1,3.0493
1052,309,2,4.5,2,2.7993
1052,314,1,3.0,1,1.8466
1053,45,3,3.0,1,2.1931
1053,325,3,5.0,1,3.1931
1054,24,1,5.0,1,2.8466
1054,30,1,5.0,1,2.8466
1054,90,2,3.0,1,2.0493
1054,111,2,4.0,1,2.5493
1054,142,1,4.0,1,2.3466
1054,199,1,3.0,1,1.8466
1054,249,1,4.0,1,2.3466
1054,253,1,5.0,1,2.8466
1054,337,2,5.0,1,3.0493
1055,24,1,5.0,1,2.8466
1055,27,3,5.0,1,3.1931
1055,32,1,5.0,1,2.8466
1055,68,3,3.0,1,2.1931
1055,163,1,5.0,1,2.8466
1055,170,3,5.0,1,3.1931
1055,173,1,4.0,1,2.3466
1055,176,2,5.0,1,3.0493
1056,316,2,5.0,1,3.0493
1056,319,2,4.0,1,2.5493
1056,320,3,5.0,1,3.1931
1056,321,1,3.0,1,1.8466
1056,327,2,4.0,1,2.5493
1056,332,2,4.0,1,2.5493
1056,342,2,4.0,1,2.5493
1057,83,2,4.0,1,2.5493
1057,93,2,5.0,1,3.0493
1057,97,1,5.0,1,2.8466
1057,104,3,4.0,1,2.6931
1057,107,1,5.0,1,2.8466
1057,109,1,4.0,1,2.3466
1057,112,1,5.0,1,2.8466
1057,119,2,5.0,1,3.0493
1057,221,2,4.0,1,2.5493
1057,233,3,5.0,1,3.1931
1057,246,3,5.0,1,3.1931
1057,248,1,5.0,1,2.8466
1057,262,1,4.0,1,2.3466
1058,6,3,4.0,1,2.6931
1058,14,2,5.0,1,3.0493
1058,91,2,5.0,1,3.0493
1058,97,2,4.0,1,2.5493
1058,100,1,5.0,1,2.8466
1058,130,2,5.0,1,3.0493
1058,147,3,4.0,2,2.6931
1058,149,2,4.0,1,2.5493
1058,164,3,4.0,1,2.6931
1058,166,1,4.0,1,2.3466
1058,235,2,5.0,1,3.0493
1059,21,2,3.0,1,2.0493
1059,31,2,5.0,1,3.0493
1060,4,7,5.0,2,3.5397
1060,5,1,5.0,1,2.8466
1060,6,2,5.0,1,3.0493
1060,8,1,4.0,1,2.3466
1060,9,4,5.0,1,3.3047
1060,14,1,4.0,1,2.3466
1060,25,3,4.0,1,2.6931
1060,69,2,5.0,1,3.0493
1060,73,2,5.0,1,3.0493
1060,74,2,5.0,1,3.0493
1060,142,2,4.0,1,2.5493
1060,148,3,5.0,1,3.1931
1060,154,2,4.0,1,2.5493
1060,157,2,5.0,1,3.0493
1060,163,1,5.0,1,2.8466
1060,210,2,4.0,1,2.5493
1060,217,2,4.0,1,2.5493
1060,219,1,5.0,1,2.8466
1060,301,2,3.0,1,2.0493
1061,2,1,5.0,1,2.8466
1061,4,2,5.0,1,3.0493
1061,20,2,5.0,1,3.0493
1061,33,1,5.0,1,2.8466
1061,38,1,5.0,1,2.8466
1061,153,1,5.0,1,2.8466
1061,249,2,4.0,1,2.5493
1061,263,2,5.0,1,3.0493
1061,305,1,5.0,1,2.8466
1061,347,1,4.0,1,2.3466
1061,348,1,4.0,1,2.3466
1062,42,1,3.0,1,1.8466
1062,52,1,5.0,1,2.8466
1062,67,1,5.0,1,2.8466
1062,69,1,3.0,1,1.8466
1062,96,2,3.0,1,2.0493
1062,190,1,4.0,1,2.3466
1062,201,1,5.0,1,2.8466
1062,211,1,5.0,1,2.8466
1062,214,1,4.0,1,2.3466
1062,218,1,4.0,1,2.3466
1062,248,2,4.0,1,2.5493
1063,28,2,3.0,1,2.0493
1063,53,1,3.0,1,1.8466
1063,69,2,4.0,1,2.5493
1063,87,3,5.0,1,3.1931
1063,136,2,4.0,1,2.5493
1063,183,1,5.0,1,2.8466
1063,190,3,5.0,1,3.1931
1063,194,3,3.0,1,2.1931
1063,236,1,4.0,1,2.3466
1063,248,1,5.0,1,2.8466
1063,313,1,5.0,1,2.8466
1063,316,1,5.0,1,2.8466
1063,320,1,4.0,1,2.3466
1063,321,2,5.0,1,3.0493
1064,82,1,5.0,1,2.8466
1064,83,1,5.0,1,2.8466
1064,89,1,5.0,1,2.8466
1064,201,2,3.0,1,2.0493
1064,223,1,4.0,1,2.3466
1064,225,1,4.0,1,2.3466
1064,232,1,5.0,1,2.8466
1064,247,1,5.0,1,2.8466
1064,331,1,5.0,1,2.8466
1064,336,1,4.0,1,2.3466
1065,44,3,4.0,1,2.6931
1065,48,2,5.0,1,3.0493
1065,49,1,5.0,1,2.8466
1065,117,1,4.0,1,2.3466
1065,215,1,5.0,1,2.8466
1065,287,2,3.0,1,2.0493
1065,296,2,4.0,1,2.5493
1065,300,3,4.0,1,2.6931
1065,302,2,4.0,1,2.5493
1066,45,1,4.0,1,2.3466
1066,78,1,5.0,1,2.8466
1066,86,2,5.0,1,3.0493
1066,279,1,5.0,1,2.8466
1066,311,1,3.0,1,1.8466
1066,317,2,4.0,1,2.5493
1066,322,2,4.0,1,2.5493
1066,327,1,3.0,1,1.8466
1067,58,1,5.0,1,2.8466
1067,206,1,4.0,1,2.3466
1067,282,1,4.0,1,2.3466
1067,283,2,4.0,2,2.5493
1067,289,2,4.5,2,2.7993
1067,292,1,4.0,1,2.3466
1067,293,1,5.0,1,2.8466
1067,296,1,5.0,1,2.8466
1067,298,1,4.0,1,2.3466
1067,303,1,3.0,1,1.8466
1067,320,1,3.0,1,1.8466
1068,81,1,3.0,1,1.8466
1068,113,1,4.0,1,2.3466
1068,221,5,5.0,1,3.3959
1068,231,1,5.0,1,2.8466
1068,236,1,5.0,1,2.8466
1068,287,1,5.0,1,2.8466
1068,295,2,4.0,1,2.5493
1068,301,3,5.0,1,3.1931
1069,163,1,5.0,1,2.8466
1069,178,1,4.0,1,2.3466
1070,90,1,5.0,1,2.8466
1070,201,1,5.0,1,2.8466
1070,212,1,4.0,1,2.3466
1070,265,2,5.0,1,3.0493
1070,266,1,4.0,1,2.3466
1070,282,3,4.0,2,2.6931
1070,286,1,3.0,1,1.8466
1070,293,1,3.0,1,1.8466
1070,294,2,5.0,1,3.0493
1070,295,1,4.0,1,2.3466
1070,296,2,3.0,1,2.0493
1070,308,1,4.0,1,2.3466
1070,313,1,5.0,1,2.8466
1070,319,1,3.0,1,1.8466
1070,323,1,3.0,1,1.8466
1070,327,2,5.0,1,3.0493
1070,330,1,4.0,1,2.3466
1071,40,2,5.0,1,3.0493
1071,49,3,4.0,1,2.6931
1071,57,1,5.0,1,2.8466
1071,182,1,4.0,1,2.3466
1071,183,3,4.0,1,2.6931
1071,266,2,5.0,1,3.0493
1072,20,1,4.0,1,2.3466
1072,62,1,5.0,1,2.8466
1072,63,3,5.0,2,3.1931
1072,64,1,4.0,1,2.3466
1072,69,1,5.0,1,2.8466
1072,75,1,5.0,1,2.8466
1072,80,1,5.0,1,2.8466
1072,122,1,5.0,1,2.8466
1072,202,1,5.0,1,2.8466
1072,208,2,3.0,1,2.0493
1072,215,2,4.0,1,2.5493
1072,222,1,5.0,1,2.8466
1072,270,1,3.0,1,1.8466
1072,315,1,4.0,1,2.3466
1073,96,2,4.0,1,2.5493
1073,113,1,4.0,1,2.3466
1073,119,3,4.0,1,2.6931
1073,136,3,5.0,1,3.1931
1073,143,1,4.0,1,2.3466
1073,243,2,5.0,1,3.0493
1073,258,1,4.0,1,2.3466
1073,267,1,5.0,1,2.8466
1073,281,3,4.0,1,2.6931
1073,293,2,4.0,1,2.5493
1073,294,4,5.0,1,3.3047
1074,24,3,4.0,1,2.6931
1074,33,2,5.0,1,3.0493
1074,36,1,5.0,1,2.8466
1074,40,1,4.0,1,2.3466
1074,171,2,4.0,1,2.5493
1074,175,3,5.0,1,3.1931
1074,190,1,3.0,1,1.8466
1074,209,3,3.0,1,2.1931
1074,334,2,4.0,1,2.5493
1074,335,1,5.0,1,2.8466
1074,340,1,5.0,1,2.8466
1074,346,1,5.0,1,2.8466
1074,347,1,5.0,1,2.8466
1075,24,2,4.0,1,2.5493
1075,29,1,4.0,1,2.3466
1075,38,1,4.0,1,2.3466
1075,169,1,5.0,1,2.8466
1075,173,1,5.0,1,2.8466
1075,177,1,4.0,1,2.3466
1076,22,2,4.0,1,2.5493
1076,61,2,4.0,1,2.5493
1076,89,3,5.0,1,3.1931
1076,165,1,4.0,1,2.3466
1076,170,3,5.0,1,3.1931
1076,232,3,4.0,1,2.6931
1076,320,1,5.0,1,2.8466
1076,336,3,5.0,1,3.1931
1076,338,3,4.0,1,2.6931
1076,342,2,5.0,1,3.0493
1077,82,2,4.0,1,2.5493
1077,86,3,5.0,1,3.1931
1077,96,1,4.0,1,2.3466
1077,98,3,5.0,1,3.1931
1077,225,5,5.0,2,3.3959
1077,283,2,5.0,1,3.0493
1077,286,2,5.0,1,3.0493
1077,287,2,5.0,1,3.0493
1077,288,3,5.0,1,3.1931
1077,302,3,5.0,1,3.1931
1077,337,1,4.0,1,2.3466
1078,129,1,5.0,1,2.8466
1078,165,3,5.0,1,3.1931
1078,179,2,5.0,1,3.0493
1078,271,3,4.0,1,2.6931
1078,275,4,4.0,1,2.8047
1079,44,3,5.0,1,3.1931
1079,185,2,5.0,1,3.0493
1079,206,1,5.0,1,2.8466
1079,232,2,5.0,1,3.0493
1079,247,1,5.0,1,2.8466
1079,278,2,4.0,1,2.5493
1079,283,4,4.5,2,3.0547
1079,285,1,5.0,1,2.8466
1079,293,3,3.0,1,2.1931
1079,298,3,3.0,1,2.1931
1080,214,1,3.0,1,1.8466
1080,348,2,5.0,1,3.0493
1081,39,2,5.0,1,3.0493
1081,128,1,4.0,1,2.3466
1081,139,1,5.0,1,2.8466
1081,280,2,5.0,1,3.0493
1081,341,1,5.0,1,2.8466
1082,184,1,5.0,1,2.8466
1082,191,2,5.0,1,3.0493
1083,29,2,4.0,1,2.5493
1083,30,4,4.5,2,3.0547
1083,35,1,5.0,1,2.8466
1083,65,1,5.0,1,2.8466
1083,73,1,4.0,1,2.3466
1083,130,1,3.0,1,1.8466
1083,147,1,3.0,1,1.8466
1083,169,1,4.0,1,2.3466
1083,170,3,5.0,1,3.1931
1083,229,1,4.0,1,2.3466
1083,268,2,5.0,1,3.0493
1083,279,3,4.0,1,2.6931
1084,30,1,4.0,1,2.3466
1084,163,1,4.0,1,2.3466
1084,169,1,4.0,1,2.3466
1084,178,2,4.0,1,2.5493
1084,183,1,4.0,1,2.3466
1084,217,1,3.0,1,1.8466
1084,220,1,3.0,1,1.8466
1084,267,1,5.0,1,2.8466
1084,331,1,5.0,1,2.8466
1084,336,1,5.0,1,2.8466
1084,337,1,4.0,1,2.3466
1084,344,1,5.0,1,2.8466
1085,125,3,5.0,1,3.1931
1085,139,1,3.0,1,1.8466
1085,264,1,5.0,1,2.8466
1085,268,2,5.0,1,3.0493
1085,316,3,5.0,1,3.1931
1086,162,3,4.0,1,2.6931
1086,166,2,5.0,1,3.0493
1086,173,1,4.0,1,2.3466
1086,256,1,5.0,1,2.8466
1087,87,1,5.0,1,2.8466
1087,89,1,4.0,1,2.3466
1087,93,1,5.0,1,2.8466
1087,105,1,5.0,1,2.8466
1087,163,1,5.0,1,2.8466
1087,193,1,5.0,1,2.8466
1087,254,1,5.0,1,2.8466
1087,263,1,5.0,1,2.8466
1087,274,1,4.0,1,2.3466
1088,16,2,4.0,1,2.5493
1088,99,1,4.0,1,2.3466
1088,313,3,5.0,1,3.1931
1088,318,1,5.0,1,2.8466
1089,3,2,4.0,1,2.5493
1089,60,2,4.0,1,2.5493
1089,303,2,4.0,1,2.5493
1089,331,5,4.5,2,3.1459
1089,341,2,5.0,1,3.0493
1089,343,1,5.0,1,2.8466
1089,349,3,5.0,1,3.1931
1090,96,2,4.0,1,2.5493
1090,104,4,5.0,1,3.3047
1090,116,1,4.0,1,2.3466
1090,118,3,3.0,1,2.1931
1090,144,4,5.0,1,3.3047
1090,245,1,5.0,1,2.8466
1090,259,1,4.0,1,2.3466
1091,66,1,4.0,1,2.3466
1091,130,3,5.0,1,3.1931
1091,131,2,5.0,1,3.0493
1091,172,1,4.0,1,2.3466
1091,220,2,5.0,1,3.0493
1092,111,1,4.0,1,2.3466
1092,242,1,4.0,1,2.3466
1092,308,1,5.0,1,2.8466
1092,310,2,5.0,1,3.0493
1092,327,2,5.0,1,3.0493
1093,1,1,5.0,1,2.8466
1093,127,2,5.0,1,3.0493
1093,133,1,4.0,1,2.3466
1093,199,1,5.0,1,2.8466
1093,264,1,4.0,1,2.3466
1093,270,1,5.0,1,2.8466
1093,317,1,4.0,1,2.3466
1094,95,1,3.0,1,1.8466
1094,134,1,4.0,1,2.3466
1094,267,1,4.0,1,2.3466
1094,276,2,4.0,1,2.5493
1094,330,2,5.0,1,3.0493
1094,344,1,5.0,1,2.8466
1095,9,2,5.0,1,3.0493
1095,92,2,5.0,1,3.0493
1095,225,1,4.0,1,2.3466
1096,284,2,5.0,1,3.0493
1096,288,2,5.0,1,3.0493
1096,344,1,5.0,1,2.8466
1097,81,1,5.0,1,2.8466
1097,82,3,4.0,1,2.6931
1097,86,3,4.0,1,2.6931
1097,88,1,4.0,1,2.3466
1097,193,1,3.0,1,1.8466
1097,222,1,5.0,1,2.8466
1097,232,1,4.0,1,2.3466
1097,233,1,5.0,1,2.8466
1097,236,2,5.0,1,3.0493
1097,290,1,4.0,1,2.3466
1097,327,1,3.0,1,1.8466
1098,4,1,4.0,1,2.3466
1098,149,1,5.0,1,2.8466
1099,22,1,5.0,1,2.8466
1099,23,1,5.0,1,2.8466
1099,82,1,3.0,1,1.8466
1099,132,1,4.0,1,2.3466
1099,154,2,4.0,1,2.5493
1099,163,1,5.0,1,2.8466
1099,266,1,4.0,1,2.3466
1099,274,1,5.0,1,2.8466
1099,280,2,4.0,1,2.5493
1099,320,1,3.0,1,1.8466
1100,34,1,4.0,1,2.3466
1100,283,1,4.0,1,2.3466
1100,289,1,5.0,1,2.8466
1100,290,3,4.0,1,2.6931
1100,299,3,5.0,2,3.1931
1100,301,4,4.5,2,3.0547
1100,328,2,3.0,1,2.0493
1101,227,1,3.0,1,1.8466
1101,316,1,4.0,1,2.3466
1101,334,1,3.0,1,1.8466
1101,350,1,4.0,1,2.3466
1102,11,2,3.0,1,2.0493
1102,94,2,5.0,1,3.0493
1102,106,1,5.0,1,2.8466
1102,226,2,4.0,1,2.5493
1102,249,1,5.0,1,2.8466
1102,281,3,5.0,1,3.1931
1102,285,1,5.0,1,2.8466
1102,294,2,4.0,1,2.5493
1102,305,1,5.0,1,2.8466
1102,345,1,3.0,1,1.8466
1104,61,1,5.0,1,2.8466
1104,71,1,5.0,1,2.8466
1104,77,1,4.0,1,2.3466
1104,110,1,5.0,1,2.8466
1104,122,2,3.0,1,2.0493
1104,143,1,4.0,1,2.3466
1104,145,1,3.0,1,1.8466
1104,157,4,4.5,1,3.0547
1104,166,1,5.0,1,2.8466
1104,204,3,4.0,1,2.6931
1104,224,1,4.0,1,2.3466
1104,238,2,5.0,1,3.0493
1104,303,1,5.0,1,2.8466
1105,17,1,5.0,1,2.8466
1105,129,3,3.0,1,2.1931
1105,275,3,3.0,1,2.1931
1105,317,3,4.5,2,2.9431
1105,321,1,4.0,1,2.3466
1105,322,1,5.0,1,2.8466
1105,323,2,5.0,1,3.0493
1105,330,1,5.0,1,2.8466
1106,25,2,5.0,1,3.0493
1106,31,1,3.0,1,1.8466
1106,87,1,5.0,1,2.8466
1106,174,1,5.0,1,2.8466
1106,179,1,5.0,1,2.8466
1106,271,2,4.0,1,2.5493
1106,338,1,5.0,1,2.8466
1107,7,2,4.0,1,2.5493
1107,14,1,4.0,1,2.3466
1107,15,2,4.0,1,2.5493
1107,82,1,5.0,1,2.8466
1107,89,1,4.0,1,2.3466
1107,93,2,5.0,1,3.0493
1107,97,1,5.0,1,2.8466
1107,123,2,5.0,1,3.0493
1107,125,2,4.0,1,2.5493
1107,142,2,4.5,2,2.7993
1107,150,1,3.0,1,1.8466
1107,159,1,4.0,1,2.3466
1107,160,1,5.0,1,2.8466
1107,232,1,5.0,1,2.8466
1107,270,2,4.0,1,2.5493
1108,17,1,3.0,1,1.8466
1108,42,1,5.0,1,2.8466
1108,48,2,5.0,1,3.0493
1108,50,1,5.0,1,2.8466
1108,198,2,4.0,1,2.5493
1108,200,1,3.0,1,1.8466
1108,350,1,5.0,1,2.8466
1109,17,3,5.0,1,3.1931
1109,37,2,4.0,1,2.5493
1109,153,2,4.0,1,2.5493
1109,158,1,4.0,1,2.3466
1109,160,1,4.0,1,2.3466
1109,245,1,4.0,1,2.3466
1109,251,3,4.0,1,2.6931
1109,259,2,4.0,1,2.5493
1109,289,1,5.0,1,2.8466
1109,294,1,5.0,1,2.8466
1109,297,3,5.0,1,3.1931
1109,298,3,4.0,1,2.6931
1109,299,1,4.0,1,2.3466
1109,302,1,3.0,1,1.8466
1110,54,1,5.0,1,2.8466
1110,70,1,5.0,1,2.8466
1110,73,1,3.0,1,1.8466
1110,74,1,4.0,1,2.3466
1110,78,1,5.0,1,2.8466
1110,79,1,5.0,1,2.8466
1110,89,2,4.5,2,2.7993
1110,93,2,4.0,2,2.5493
1110,99,1,4.0,1,2.3466
1110,187,1,5.0,1,2.8466
1110,201,1,5.0,1,2.8466
1110,205,1,4.0,1,2.3466
1110,225,1,5.0,1,2.8466
1110,233,1,4.0,1,2.3466
1111,29,1,5.0,1,2.8466
1111,44,2,3.0,1,2.0493
1111,110,3,4.0,1,2.6931
1111,117,2,5.0,1,3.0493
1111,118,2,4.0,1,2.5493
1111,123,1,4.0,1,2.3466
1111,137,3,4.0,1,2.6931
1111,183,2,5.0,1,3.0493
1111,190,2,4.0,1,2.5493
1111,196,2,4.5,2,2.7993
1111,248,1,3.0,1,1.8466
1111,258,1,5.0,1,2.8466
1111,264,2,5.0,1,3.0493
1111,279,1,5.0,1,2.8466
1111,282,2,5.0,1,3.0493
1112,23,1,3.0,1,1.8466
1112,61,2,5.0,1,3.0493
1112,83,3,5.0,1,3.1931
1112,113,1,5.0,1,2.8466
1112,207,3,5.0,1,3.1931
1112,208,3,5.0,1,3.1931
1112,211,1,4.0,1,2.3466
1112,216,3,5.0,1,3.1931
1112,224,2,5.0,1,3.0493
1112,226,3,4.0,1,2.6931
1112,229,1,5.0,1,2.8466
1112,237,1,5.0,1,2.8466
1112,265,1,3.0,1,1.8466
1113,33,2,3.0,1,2.0493
1113,66,2,5.0,1,3.0493
1113,115,1,4.0,1,2.3466
1113,207,1,3.0,1,1.8466
1113,311,2,4.0,1,2.5493
1113,328,2,5.0,1,3.0493
1114,7,2,5.0,1,3.0493
1114,20,1,5.0,1,2.8466
1114,68,1,4.0,1,2.3466
1114,70,1,3.0,1,1.8466
1114,194,1,3.0,1,1.8466
1114,196,2,3.0,1,2.0493
1114,200,1,3.0,1,1.8466
1115,5,2,5.0,1,3.0493
1115,26,1,3.0,1,1.8466
1115,130,1,5.0,1,2.8466
1115,131,3,5.0,1,3.1931
1115,171,1,5.0,1,2.8466
1115,174,1,5.0,1,2.8466
1115,180,2,5.0,1,3.0493
1115,186,2,5.0,1,3.0493
1115,215,2,5.0,1,3.0493
1115,254,2,4.0,1,2.5493
1115,267,2,5.0,1,3.0493
1116,227,1,5.0,1,2.8466
1116,261,1,5.0,1,2.8466
1117,53,1,4.0,1,2.3466
1117,72,2,4.0,1,2.5493
1117,173,1,3.0,1,1.8466
1117,182,2,4.0,1,2.5493
1117,189,1,5.0,1,2.8466
1117,207,1,4.0,1,2.3466
1117,319,1,4.0,1,2.3466
1117,347,2,5.0,1,3.0493
1118,76,3,4.0,1,2.6931
1118,118,1,4.0,1,2.3466
1118,236,1,3.0,1,1.8466
1118,243,1,4.0,1,2.3466
1119,5,1,4.0,1,2.3466
1119,43,1,5.0,1,2.8466
1119,72,2,4.0,1,2.5493
1119,123,1,5.0,1,2.8466
1119,124,1,4.0,1,2.3466
1119,136,2,3.0,1,2.0493
1119,215,1,5.0,1,2.8466
1119,220,1,5.0,1,2.8466
1119,269,1,4.0,1,2.3466
1119,272,1,5.0,1,2.8466
1119,334,1,3.0,1,1.8466
1119,335,2,5.0,1,3.0493
1119,336,1,4.0,1,2.3466
1119,341,2,3.0,1,2.0493
1119,342,2,3.0,1,2.0493
1119,347,1,5.0,1,2.8466
1120,14,2,4.0,1,2.5493
1120,173,3,4.0,1,2.6931
1120,199,3,5.0,1,3.1931
1120,253,2,4.0,1,2.5493
1120,284,2,3.0,1,2.0493
1120,289,2,4.0,1,2.5493
1120,295,2,4.0,1,2.5493
1120,297,2,5.0,1,3.0493
1120,300,3,5.0,1,3.1931
1120,301,3,3.0,1,2.1931
1120,337,1,4.0,1,2.3466
1121,5,2,5.0,1,3.0493
1121,7,3,4.0,1,2.6931
1121,15,3,5.0,2,3.1931
1121,20,1,4.0,1,2.3466
1121,71,2,4.0,1,2.5493
1121,88,2,3.0,1,2.0493
1121,157,1,5.0,1,2.8466
1121,185,1,4.0,1,2.3466
1121,279,3,4.0,1,2.6931
1122,9,2,4.0,1,2.5493
1122,41,1,4.0,1,2.3466
1122,59,1,4.0,1,2.3466
1122,144,1,4.0,1,2.3466
1122,158,2,5.0,1,3.0493
1122,193,2,5.0,1,3.0493
1122,197,2,5.0,1,3.0493
1122,290,1,4.0,1,2.3466
1123,41,2,4.0,1,2.5493
1123,52,1,5.0,1,2.8466
1123,54,2,3.5,2,2.2993
1123,60,3,5.0,1,3.1931
1123,97,2,3.0,1,2.0493
1123,122,1,5.0,1,2.8466
1123,125,1,5.0,1,2.8466
1123,133,3,4.0,1,2.6931
1123,196,3,5.0,1,3.1931
1123,223,2,3.0,1,2.0493
1123,232,3,5.0,1,3.1931
1123,268,2,5.0,1,3.0493
1123,307,1,5.0,1,2.8466
1123,319,2,5.0,1,3.0493
1123,320,3,4.0,1,2.6931
1123,326,3,5.0,1,3.1931
1124,40,2,4.0,1,2.5493
1124,110,1,4.0,1,2.3466
1124,123,1,5.0,1,2.8466
1124,126,3,5.0,1,3.1931
1124,241,2,3.0,1,2.0493
1124,258,2,5.0,1,3.0493
1125,103,1,4.0,1,2.3466
1125,106,2,4.0,1,2.5493
1125,107,3,5.0,1,3.1931
1125,110,2,5.0,1,3.0493
1125,111,2,5.0,1,3.0493
1125,113,3,5.0,1,3.1931
1126,32,1,4.0,1,2.3466
1126,35,2,5.0,1,3.0493
1126,44,2,3.0,1,2.0493
1126,45,1,5.0,1,2.8466
1126,53,1,5.0,1,2.8466
1126,56,1,5.0,1,2.8466
1126,57,1,4.0,1,2.3466
1126,58,1,5.0,1,2.8466
1126,183,3,4.5,2,2.9431
1126,192,2,3.0,1,2.0493
1126,194,1,5.0,1,2.8466
1126,197,2,4.0,1,2.5493
1126,198,1,4.0,1,2.3466
1126,272,1,5.0,1,2.8466
1126,302,1,4.0,1,2.3466
1127,62,2,4.0,1,2.5493
1127,282,1,4.0,1,2.3466
1127,288,3,4.0,1,2.6931
1127,291,2,5.0,1,3.0493
1127,294,2,5.0,1,3.0493
1127,295,3,4.5,1,2.9431
1127,300,1,5.0,1,2.8466
1128,108,2,4.0,1,2.5493
1128,111,2,5.0,1,3.0493
1128,119,4,4.0,1,2.8047
1128,174,3,4.0,1,2.6931
1128,241,2,3.0,1,2.0493
1129,69,1,4.0,1,2.3466
1129,78,2,5.0,1,3.0493
1129,161,2,4.0,1,2.5493
1129,196,3,3.0,1,2.1931
1129,209,1,5.0,1,2.8466
1129,212,1,5.0,1,2.8466
1130,19,1,5.0,1,2.8466
1130,29,1,5.0,1,2.8466
1130,111,1,4.0,1,2.3466
1130,116,1,5.0,1,2.8466
1130,117,1,3.0,1,1.8466
1130,242,1,4.0,1,2.3466
1130,257,3,5.0,1,3.1931
1131,43,2,5.0,1,3.0493
1131,68,1,3.0,1,1.8466
1131,103,1,5.0,1,2.8466
1131,104,2,5.0,2,3.0493
1131,105,1,3.0,1,1.8466
1131,107,4,5.0,1,3.3047
1131,108,1,4.0,1,2.3466
1131,111,2,5.0,1,3.0493
1131,115,1,5.0,1,2.8466
1131,118,2,4.0,1,2.5493
1131,119,1,5.0,1,2.8466
1131,162,1,4.0,1,2.3466
1131,172,1,4.0,1,2.3466
1131,216,2,3.0,1,2.0493
1131,245,1,4.0,1,2.3466
1131,246,2,4.0,2,2.5493
1131,249,2,5.0,1,3.0493
1131,250,1,4.0,1,2.3466
1131,259,2,5.0,1,3.0493
1131,260,1,5.0,1,2.8466
1132,59,1,3.0,1,1.8466
1132,145,1,3.0,1,1.8466
1132,335,1,4.0,1,2.3466
1133,203,2,3.0,1,2.0493
1133,340,1,5.0,1,2.8466
1133,344,2,5.0,1,3.0493
1134,19,1,4.0,1,2.3466
1134,128,3,5.0,2,3.1931
1134,136,2,4.0,1,2.5493
1134,299,1,5.0,1,2.8466
1134,331,1,5.0,1,2.8466
1134,336,1,4.0,1,2.3466
1135,51,1,3.0,1,1.8466
1135,59,1,4.0,1,2.3466
1135,83,1,3.0,1,1.8466
1135,185,1,4.0,1,2.3466
1135,187,1,4.0,1,2.3466
1135,190,1,4.0,1,2.3466
1135,198,1,5.0,1,2.8466
1136,100,1,5.0,1,2.8466
1136,113,2,4.0,1,2.5493
1136,126,1,4.0,1,2.3466
1136,130,1,4.0,1,2.3466
1136,172,3,4.0,1,2.6931
1136,211,2,3.0,1,2.0493
1136,266,1,5.0,1,2.8466
1136,323,2,3.0,1,2.0493
1137,54,3,5.0,1,3.1931
1137,75,2,5.0,1,3.0493
1137,135,3,5.0,1,3.1931
1137,300,2,5.0,1,3.0493
1137,304,3,4.0,1,2.6931
1138,16,1,4.0,1,2.3466
1138,65,1,4.0,1,2.3466
1138,135,2,5.0,1,3.0493
1138,137,2,4.0,1,2.5493
1138,265,1,3.0,1,1.8466
1138,267,2,5.0,1,3.0493
1138,268,1,5.0,1,2.8466
1138,270,1,5.0,1,2.8466
1138,276,1,5.0,1,2.8466
1139,38,2,4.5,2,2.7993
1139,45,2,4.0,1,2.5493
1139,54,1,5.0,1,2.8466
1139,57,1,4.0,1,2.3466
1139,103,1,5.0,1,2.8466
1139,166,2,5.0,1,3.0493
1139,169,1,3.0,1,1.8466
1139,181,2,5.0,1,3.0493
1139,191,2,5.0,1,3.0493
1139,194,2,4.0,1,2.5493
1139,198,2,5.0,1,3.0493
1139,199,1,5.0,1,2.8466
1139,211,2,4.0,1,2.5493
1139,218,1,5.0,1,2.8466
1139,261,3,4.0,1,2.6931
1139,281,1,4.0,1,2.3466
1139,284,2,5.0,2,3.0493
1139,287,2,4.0,1,2.5493
1139,296,2,4.0,1,2.5493
1139,332,2,4.0,1,2.5493
1139,337,1,4.0,1,2.3466
1140,91,1,5.0,1,2.8466
1140,244,3,5.0,1,3.1931
1141,21,2,5.0,1,3.0493
1141,23,1,5.0,1,2.8466
1141,132,1,5.0,1,2.8466
1141,133,1,5.0,1,2.8466
1141,165,1,5.0,1,2.8466
1141,256,1,4.0,1,2.3466
1141,267,2,5.0,1,3.0493
1141,270,1,5.0,1,2.8466
1141,321,2,4.0,1,2.5493
1141,322,1,5.0,1,2.8466
1142,230,3,4.0,1,2.6931
1142,319,1,5.0,1,2.8466
1143,86,3,5.0,1,3.1931
1143,90,2,4.0,1,2.5493
1143,103,3,5.0,1,3.1931
1143,106,2,4.0,1,2.5493
1143,114,2,4.0,1,2.5493
1143,118,2,3.0,1,2.0493
1143,131,4,3.0,1,2.3047
1143,168,2,3.0,1,2.0493
1143,169,2,4.0,1,2.5493
1143,222,1,4.0,1,2.3466
1143,232,3,5.0,1,3.1931
1143,239,1,3.0,1,1.8466
1143,252,4,5.0,1,3.3047
1143,256,4,3.0,1,2.3047
1144,97,1,5.0,1,2.8466
1144,159,1,4.0,1,2.3466
1144,201,1,5.0,1,2.8466
1144,205,1,4.0,1,2.3466
1144,216,1,4.0,1,2.3466
1145,140,1,5.0,1,2.8466
1145,154,2,5.0,1,3.0493
1145,273,1,5.0,1,2.8466
1145,335,1,5.0,1,2.8466
1146,117,1,3.0,1,1.8466
1146,186,1,4.0,1,2.3466
1146,339,1,4.0,1,2.3466
1147,30,1,5.0,1,2.8466
1147,34,2,4.0,1,2.5493
1147,40,2,5.0,1,3.0493
1147,49,1,4.0,1,2.3466
1147,57,1,4.0,1,2.3466
1147,102,2,5.0,1,3.0493
1147,171,1,3.0,1,1.8466
1147,177,2,4.0,1,2.5493
1147,192,1,4.0,1,2.3466
1147,194,1,5.0,1,2.8466
1147,273,1,3.0,1,1.8466
1147,320,1,4.0,1,2.3466
1148,12,1,4.0,1,2.3466
1148,13,2,3.0,1,2.0493
1148,35,1,4.0,1,2.3466
1148,55,2,4.0,1,2.5493
1148,62,1,5.0,1,2.8466
1148,65,1,4.0,1,2.3466
1148,67,1,5.0,1,2.8466
1148,72,1,5.0,1,2.8466
1148,73,2,4.0,1,2.5493
1148,75,1,5.0,1,2.8466
1148,77,1,4.0,1,2.3466
1148,78,2,4.0,1,2.5493
1148,80,1,5.0,1,2.8466
1148,149,1,4.0,1,2.3466
1148,201,2,4.5,2,2.7993
1148,207,2,4.0,2,2.5493
1148,214,2,4.0,1,2.5493
1148,218,1,5.0,1,2.8466
1148,220,2,5.0,2,3.0493
1149,28,1,3.0,1,1.8466
1149,61,1,5.0,1,2.8466
1149,161,3,5.0,1,3.1931
1149,172,1,5.0,1,2.8466
1149,205,2,5.0,1,3.0493
1149,237,1,5.0,1,2.8466
1150,23,2,5.0,1,3.0493
1150,175,1,5.0,1,2.8466
1150,302,2,5.0,1,3.0493
1150,313,1,4.0,1,2.3466
1150,315,1,5.0,1,2.8466
1150,329,1,5.0,1,2.8466
1150,343,3,5.0,2,3.1931
1150,346,2,4.0,1,2.5493
1150,350,2,4.0,1,2.5493
1151,103,2,4.0,1,2.5493
1151,110,1,5.0,1,2.8466
1151,111,1,4.0,1,2.3466
1151,115,2,4.0,1,2.5493
1151,243,2,4.0,1,2.5493
1151,248,1,4.0,1,2.3466
1151,252,2,5.0,1,3.0493
1151,258,2,3.0,1,2.0493
1151,291,1,5.0,1,2.8466
1152,60,2,3.0,1,2.0493
1152,230,3,4.0,1,2.6931
1152,327,1,4.0,1,2.3466
1152,332,1,5.0,1,2.8466
1152,340,2,5.0,1,3.0493
1152,345,1,4.0,1,2.3466
1153,8,1,3.0,1,1.8466
1153,9,1,5.0,1,2.8466
1153,17,1,5.0,1,2.8466
1153,61,2,3.0,1,2.0493
1153,65,4,4.5,2,3.0547
1153,74,3,5.0,1,3.1931
1153,78,1,3.0,1,1.8466
1153,80,2,4.0,1,2.5493
1153,149,1,5.0,1,2.8466
1153,157,2,5.0,1,3.0493
1153,201,2,5.0,1,3.0493
1153,205,2,5.0,1,3.0493
1153,206,3,5.0,2,3.1931
1153,210,1,5.0,1,2.8466
1153,213,1,5.0,1,2.8466
1153,249,3,4.0,1,2.6931
1154,45,3,4.0,1,2.6931
1154,147,3,4.0,1,2.6931
1154,163,1,4.0,1,2.3466
1154,225,4,3.0,1,2.3047
1154,288,3,5.0,1,3.1931
1154,303,2,5.0,1,3.0493
1154,312,1,5.0,1,2.8466
1155,68,2,5.0,1,3.0493
1155,70,1,5.0,1,2.8466
1155,76,2,4.0,1,2.5493
1155,110,1,3.0,1,1.8466
1155,149,1,5.0,1,2.8466
1155,194,1,5.0,1,2.8466
1155,205,1,4.0,1,2.3466
1155,265,2,5.0,1,3.0493
1155,285,2,5.0,1,3.0493
1155,296,1,5.0,1,2.8466
1155,304,1,5.0,1,2.8466
1156,87,2,4.0,1,2.5493
1156,282,4,4.0,1,2.8047
1156,301,2,3.0,1,2.0493
1156,303,2,4.0,1,2.5493
1157,40,1,5.0,1,2.8466
1157,333,2,5.0,1,3.0493
1157,337,2,5.0,1,3.0493
1157,345,2,3.0,1,2.0493
1157,347,1,4.0,1,2.3466
1157,349,2,4.0,2,2.5493
1158,120,3,4.0,1,2.6931
1158,123,2,5.0,1,3.0493
1158,128,4,5.0,1,3.3047
1158,157,3,4.0,1,2.6931
1158,160,2,4.0,1,2.5493
1158,201,2,5.0,1,3.0493
1158,331,3,4.0,1,2.6931
1158,333,2,5.0,1,3.0493
1158,336,2,5.0,1,3.0493
1158,339,3,5.0,1,3.1931
1158,342,4,5.0,1,3.3047
1158,345,1,5.0,1,2.8466
1159,11,3,5.0,1,3.1931
1159,20,2,5.0,1,3.0493
1159,112,1,5.0,1,2.8466
1159,141,3,5.0,1,3.1931
1159,147,1,5.0,1,2.8466
1159,184,2,5.0,1,3.0493
1159,244,3,5.0,1,3.1931
1159,248,2,5.0,1,3.0493
1159,258,1,4.0,1,2.3466
1159,322,3,3.0,1,2.1931
1159,350,2,5.0,1,3.0493
1160,101,2,5.0,1,3.0493
1160,105,2,5.0,1,3.0493
1160,115,1,5.0,1,2.8466
1160,243,1,5.0,1,2.8466
1161,1,2,5.0,1,3.0493
1161,16,3,4.0,1,2.6931
1161,20,1,4.0,1,2.3466
1161,112,3,5.0,1,3.1931
1161,118,3,5.0,1,3.1931
1161,143,2,5.0,1,3.0493
1161,150,1,5.0,1,2.8466
1161,158,3,5.0,1,3.1931
1161,184,2,4.0,1,2.5493
1161,216,1,3.0,1,1.8466
1161,241,3,5.0,1,3.1931
1161,254,2,4.0,1,2.5493
1161,277,3,4.0,1,2.6931
1161,309,4,4.0,1,2.8047
1162,10,3,5.0,1,3.1931
1162,13,3,5.0,1,3.1931
1162,16,3,5.0,1,3.1931
1162,18,6,4.5,2,3.223
1162,63,1,3.0,1,1.8466
1162,97,1,5.0,1,2.8466
1162,120,1,4.0,1,2.3466
1162,143,4,5.0,1,3.3047
1162,159,5,4.5,1,3.1459
1162,160,2,3.0,1,2.0493
1162,293,2,4.0,1,2.5493
1162,308,2,3.0,1,2.0493
1163,35,1,5.0,1,2.8466
1163,184,1,5.0,1,2.8466
1163,314,1,5.0,1,2.8466
1163,327,1,5.0,1,2.8466
1164,24,1,3.0,1,1.8466
1164,222,3,4.0,1,2.6931
1164,238,1,4.0,1,2.3466
1164,290,1,4.0,1,2.3466
1164,307,2,5.0,1,3.0493
1164,322,2,4.0,1,2.5493
1164,323,3,5.0,1,3.1931
1164,326,1,4.0,1,2.3466
1165,45,2,3.0,1,2.0493
1165,263,1,5.0,1,2.8466
1166,68,2,5.0,1,3.0493
1166,204,2,4.0,1,2.5493
1166,218,3,4.0,1,2.6931
1167,106,2,4.0,1,2.5493
1167,284,1,5.0,1,2.8466
1167,298,2,4.0,1,2.5493
1167,317,3,4.0,1,2.6931
1167,320,1,4.0,1,2.3466
1167,322,3,4.0,1,2.6931
1167,325,2,4.0,1,2.5493
1167,327,2,5.0,1,3.0493
1168,24,3,4.0,1,2.6931
1168,26,2,5.0,1,3.0493
1168,27,2,5.0,1,3.0493
1168,29,2,3.5,1,2.2993
1168,34,1,5.0,1,2.8466
1168,96,3,4.0,1,2.6931
1168,175,1,4.0,1,2.3466
1168,179,2,5.0,1,3.0493
1169,113,2,5.0,1,3.0493
1169,192,2,5.0,1,3.0493
1169,200,2,4.0,1,2.5493
1169,229,2,4.0,1,2.5493
1170,62,1,4.0,1,2.3466
1170,74,1,3.0,1,1.8466
1170,105,3,5.0,1,3.1931
1170,128,1,5.0,1,2.8466
1170,135,2,4.0,1,2.5493
1170,138,2,4.0,1,2.5493
1170,170,3,5.0,1,3.1931
1170,183,1,4.0,1,2.3466
1170,191,3,4.0,1,2.6931
1170,280,2,5.0,1,3.0493
1170,331,3,5.0,1,3.1931
1170,335,2,5.0,1,3.0493
1170,342,2,5.0,1,3.0493
1170,343,2,4.0,1,2.5493
1170,345,2,5.0,1,3.0493
1170,347,3,5.0,1,3.1931
1171,38,1,4.0,1,2.3466
1171,41,1,4.0,1,2.3466
1171,52,1,5.0,1,2.8466
1171,59,1,5.0,1,2.8466
1171,137,1,5.0,1,2.8466
1171,139,1,5.0,1,2.8466
1171,170,1,3.0,1,1.8466
1171,185,1,5.0,1,2.8466
1171,187,1,5.0,1,2.8466
1171,207,2,4.0,1,2.5493
1171,276,1,3.0,1,1.8466
1171,336,1,3.0,1,1.8466
1171,338,1,4.0,1,2.3466
1171,342,1,4.0,1,2.3466
1171,347,1,4.0,1,2.3466
1171,350,2,4.0,1,2.5493
1172,122,1,3.0,1,1.8466
1172,206,1,4.0,1,2.3466
1172,207,2,5.0,1,3.0493
1172,214,4,5.0,2,3.3047
1172,216,1,3.0,1,1.8466
1172,222,2,3.0,1,2.0493
1172,254,1,5.0,1,2.8466
1172,261,1,4.0,1,2.3466
1172,263,2,5.0,1,3.0493
1172,276,1,4.0,1,2.3466
1172,278,1,5.0,1,2.8466
1172,349,1,3.0,1,1.8466
1173,100,1,4.0,1,2.3466
1173,263,1,5.0,1,2.8466
1173,300,1,3.0,1,1.8466
1173,306,1,5.0,1,2.8466
1173,310,2,4.0,2,2.5493
1173,312,1,5.0,1,2.8466
1173,316,1,5.0,1,2.8466
1173,317,1,4.0,1,2.3466
1173,318,2,4.5,2,2.7993
1173,322,1,4.0,1,2.3466
1173,323,2,5.0,1,3.0493
1173,330,2,5.0,1,3.0493
1174,8,1,3.0,1,1.8466
1174,12,1,5.0,1,2.8466
1174,25,1,4.0,1,2.3466
1174,142,2,5.0,2,3.0493
1174,143,1,5.0,1,2.8466
1174,148,1,4.0,1,2.3466
1174,180,1,5.0,1,2.8466
1174,205,1,5.0,1,2.8466
1174,220,1,5.0,1,2.8466
1174,251,1,4.0,1,2.3466
1174,315,2,4.0,1,2.5493
1174,320,1,5.0,1,2.8466
1175,1,1,4.0,1,2.3466
1175,14,1,5.0,1,2.8466
1175,70,1,3.0,1,1.8466
1175,97,3,4.0,1,2.6931
1175,163,2,5.0,1,3.0493
1175,169,1,4.0,1,2.3466
1175,252,1,4.0,1,2.3466
1176,6,5,4.0,2,2.8959
1176,19,2,5.0,1,3.0493
1176,20,2,5.0,1,3.0493
1176,82,3,4.0,1,2.6931
1176,97,2,5.0,1,3.0493
1176,152,1,5.0,1,2.8466
1176,155,2,5.0,1,3.0493
1176,179,3,3.0,1,2.1931
1176,221,2,5.0,1,3.0493
1176,222,2,4.0,1,2.5493
1176,226,2,4.0,1,2.5493
1176,232,3,5.0,1,3.1931
1176,237,4,5.0,1,3.3047
1177,103,2,3.0,1,2.0493
1177,120,2,5.0,1,3.0493
1177,206,2,5.0,1,3.0493
1177,313,3,5.0,1,3.1931
1177,317,2,4.0,1,2.5493
1178,68,3,5.0,1,3.1931
1178,75,1,5.0,1,2.8466
1178,94,1,3.0,1,1.8466
1178,109,2,5.0,1,3.0493
1178,126,1,5.0,1,2.8466
1178,151,1,5.0,1,2.8466
1178,174,1,4.0,1,2.3466
1178,211,3,5.0,1,3.1931
1178,212,1,4.0,1,2.3466
1178,213,1,5.0,1,2.8466
1178,216,1,5.0,1,2.8466
1178,253,2,4.0,1,2.5493
1178,317,1,4.0,1,2.3466
1178,322,2,5.0,1,3.0493
1178,323,2,5.0,1,3.0493
1178,325,2,5.0,1,3.0493
1178,327,1,5.0,1,2.8466
1178,335,1,4.0,1,2.3466
1179,109,1,5.0,1,2.8466
1179,129,2,4.5,1,2.7993
1179,265,1,3.0,1,1.8466
1179,275,1,5.0,1,2.8466
1180,105,2,4.0,1,2.5493
1180,113,1,4.0,1,2.3466
1180,116,2,4.0,1,2.5493
1180,120,2,5.0,1,3.0493
1180,244,2,5.0,1,3.0493
1180,304,3,4.0,1,2.6931
1181,17,3,5.0,1,3.1931
1181,132,1,5.0,1,2.8466
1181,138,5,5.0,2,3.3959
1181,195,2,4.0,1,2.5493
1181,278,1,5.0,1,2.8466
1181,279,1,4.0,1,2.3466
1181,281,2,4.5,1,2.7993
1181,282,2,3.0,1,2.0493
1181,283,1,4.0,1,2.3466
1181,293,3,5.0,1,3.1931
1181,295,3,4.0,1,2.6931
1181,298,3,5.0,1,3.1931
1181,299,1,5.0,1,2.8466
1181,301,3,5.0,1,3.1931
1181,302,2,5.0,1,3.0493
1181,305,3,3.0,1,2.1931
1181,350,2,3.0,1,2.0493
1182,35,2,5.0,1,3.0493
1182,308,2,4.0,1,2.5493
1182,309,2,5.0,1,3.0493
1182,310,1,5.0,1,2.8466
1182,313,2,4.0,1,2.5493
1182,318,2,5.0,2,3.0493
1182,321,1,5.0,1,2.8466
1182,326,1,5.0,1,2.8466
1182,328,2,4.5,2,2.7993
1182,330,1,4.0,1,2.3466
1183,29,1,5.0,1,2.8466
1183,133,2,3.0,1,2.0493
1183,137,1,4.0,1,2.3466
1183,178,1,5.0,1,2.8466
1183,193,3,4.0,1,2.6931
1183,245,1,5.0,1,2.8466
1183,254,1,5.0,1,2.8466
1183,266,2,4.0,1,2.5493
1183,271,1,4.0,1,2.3466
1183,281,1,4.0,1,2.3466
1183,285,1,3.0,1,1.8466
1183,295,1,5.0,1,2.8466
1184,85,1,4.0,1,2.3466
1184,103,2,3.0,1,2.0493
1184,104,1,5.0,1,2.8466
1184,107,1,4.0,1,2.3466
1184,112,1,5.0,1,2.8466
1184,115,1,5.0,1,2.8466
1184,238,1,3.0,1,1.8466
1184,243,1,4.0,1,2.3466
1184,248,1,5.0,1,2.8466
1184,251,2,4.0,1,2.5493
1184,264,1,4.0,1,2.3466
1184,293,1,5.0,1,2.8466
1184,317,1,5.0,1,2.8466
1184,343,2,3.0,1,2.0493
1185,70,2,5.0,1,3.0493
1185,85,2,5.0,1,3.0493
1185,94,1,4.0,1,2.3466
1185,97,1,5.0,1,2.8466
1185,203,1,5.0,1,2.8466
1185,207,1,4.0,1,2.3466
1185,224,1,4.0,1,2.3466
1185,227,1,5.0,1,2.8466
1185,229,1,5.0,1,2.8466
1185,232,1,5.0,1,2.8466
1185,253,1,5.0,1,2.8466
1185,267,1,4.0,1,2.3466
1186,85,3,5.0,1,3.1931
1186,146,1,4.0,1,2.3466
1186,220,1,4.0,1,2.3466
1186,226,2,5.0,1,3.0493
1186,231,4,4.0,1,2.8047
1186,332,3,3.0,1,2.1931
1186,338,4,4.0,1,2.8047
1186,348,2,5.0,1,3.0493
1187,107,1,4.0,1,2.3466
1187,181,3,4.0,1,2.6931
1187,349,3,4.0,1,2.6931
1188,171,2,5.0,1,3.0493
1188,173,3,5.0,1,3.1931
1188,263,1,5.0,1,2.8466
1188,321,3,5.0,1,3.1931
1188,334,3,4.0,1,2.6931
1188,335,2,5.0,1,3.0493
1188,340,1,3.0,1,1.8466
1189,12,3,3.0,1,2.1931
1189,30,1,5.0,1,2.8466
1189,31,2,3.0,1,2.0493
1189,47,1,5.0,1,2.8466
1189,54,4,5.0,1,3.3047
1189,99,2,4.0,1,2.5493
1189,177,1,4.0,1,2.3466
1189,182,1,5.0,1,2.8466
1189,189,2,5.0,1,3.0493
1189,196,1,5.0,1,2.8466
1189,255,3,4.0,1,2.6931
1189,261,1,4.0,1,2.3466
1189,300,1,5.0,1,2.8466
1190,66,2,5.0,1,3.0493
1190,67,1,5.0,1,2.8466
1190,69,3,5.0,1,3.1931
1190,70,3,5.0,1,3.1931
1190,71,3,4.0,1,2.6931
1190,72,2,5.0,1,3.0493
1190,75,1,5.0,1,2.8466
1190,165,3,5.0,1,3.1931
1190,177,3,5.0,1,3.1931
1190,201,2,5.0,1,3.0493
1190,307,3,5.0,1,3.1931
1190,316,1,5.0,1,2.8466
1190,318,2,5.0,1,3.0493
1190,323,2,5.0,1,3.0493
1191,13,1,4.0,1,2.3466
1191,143,1,5.0,1,2.8466
1191,144,2,4.0,1,2.5493
1191,155,3,4.0,1,2.6931
1191,201,4,3.0,1,2.3047
1191,295,1,3.0,1,1.8466
1191,306,2,5.0,1,3.0493
1191,322,4,4.0,1,2.8047
1191,326,4,3.0,1,2.3047
1191,328,4,4.0,1,2.8047
1191,330,5,5.0,2,3.3959
1192,19,3,4.0,1,2.6931
1192,110,4,3.0,1,2.3047
1192,116,3,3.0,1,2.1931
1192,175,3,4.0,1,2.6931
1192,204,1,5.0,1,2.8466
1192,331,2,5.0,1,3.0493
1192,332,1,5.0,1,2.8466
1192,334,3,4.0,1,2.6931
1192,338,3,5.0,1,3.1931
1192,340,2,4.0,1,2.5493
1192,341,4,5.0,1,3.3047
1192,348,2,4.0,1,2.5493
1192,350,1,4.0,1,2.3466
1193,78,2,4.0,1,2.5493
1193,101,1,5.0,1,2.8466
1193,104,2,3.0,1,2.0493
1193,112,1,5.0,1,2.8466
1194,20,1,5.0,1,2.8466
1194,26,1,5.0,1,2.8466
1194,161,2,5.0,1,3.0493
1194,164,1,4.0,1,2.3466
1194,167,2,5.0,1,3.0493
1194,168,1,5.0,1,2.8466
1194,176,1,5.0,1,2.8466
1194,177,1,5.0,1,2.8466
1194,216,1,4.0,1,2.3466
1194,309,1,4.0,1,2.3466
1194,325,1,5.0,1,2.8466
1195,60,1,4.0,1,2.3466
1195,82,2,5.0,1,3.0493
1195,147,1,5.0,1,2.8466
1195,148,1,4.0,1,2.3466
1195,187,1,5.0,1,2.8466
1196,3,3,4.0,1,2.6931
1196,123,1,4.0,1,2.3466
1196,126,3,4.0,1,2.6931
1196,129,3,5.0,1,3.1931
1196,133,2,4.0,1,2.5493
1196,182,3,5.0,1,3.1931
1196,207,1,4.0,1,2.3466
1196,250,1,5.0,1,2.8466
1196,263,2,5.0,1,3.0493
1196,264,3,4.0,1,2.6931
1196,269,5,5.0,2,3.3959
1196,272,1,5.0,1,2.8466
1196,274,2,4.0,1,2.5493
1196,279,1,5.0,1,2.8466
1196,306,2,5.0,1,3.0493
1197,71,1,4.0,1,2.3466
1197,285,2,3.0,1,2.0493
1197,295,2,4.0,1,2.5493
1197,336,3,4.0,1,2.6931
1197,338,2,5.0,1,3.0493
1197,340,2,5.0,1,3.0493
1197,343,1,5.0,1,2.8466
1198,32,1,4.0,1,2.3466
1198,285,1,5.0,1,2.8466
1199,43,1,5.0,1,2.8466
1199,47,3,5.0,1,3.1931
1199,195,1,5.0,1,2.8466
1199,206,2,5.0,1,3.0493
1199,315,2,5.0,1,3.0493
1200,67,1,5.0,1,2.8466
1200,75,1,5.0,1,2.8466
1200,105,1,4.0,1,2.3466
1200,108,3,5.0,1,3.1931
1200,120,1,5.0,1,2.8466
1200,253,4,4.0,1,2.8047
1200,299,3,4.0,1,2.6931
